<?xml version="1.0"?>
<markers><marker lat="40.4445556" lng="-80.0008546" zone="Zone 2" incidentdate="2014-07-04" incidenttime="00:10:00" incidentnumber="14128284" address="Fort Duquesne Boulevard &amp; 7th Street, Pittsburgh, PA 15222, USA" type="OFFENSE" description="*********************************************** &lt;br/&gt;302 (Mental)&lt;br/&gt;"/><marker lat="40.4495313" lng="-80.05548619999999" zone="Zone 6" incidentdate="2014-07-04" incidenttime="00:10:00" incidentnumber="14128303" address="1200 Justine Street, Pittsburgh, PA 15204, USA" type="OFFENSE" description="*********************************************** &lt;br/&gt;Theft by Unlawful Taking or Disposition - Movable item&lt;br/&gt;"/><marker lat="40.4461895" lng="-79.89553459999999" zone="Zone 4" incidentdate="2014-07-04" incidenttime="00:15:00" incidentnumber="14128277" address="South Braddock Avenue &amp; Tuscarora Street, Pittsburgh, PA 15221, USA" type="OFFENSE" description="*********************************************** &lt;br/&gt;DUI - General Impairment&lt;br/&gt;DUI - Highest Rate of Alcohol - BAC &gt;= .16%&lt;br/&gt;DUI - General Impairment&lt;br/&gt;DUI - Highest Rate of Alcohol - BAC &gt;= .16%&lt;br/&gt;"/><marker lat="40.4670329" lng="-80.0112595" zone="Zone 1" incidentdate="2014-07-04" incidenttime="00:20:00" incidentnumber="14128293" address="200 West Burgess Street, Pittsburgh, PA 15214, USA" type="OFFENSE" description="*********************************************** &lt;br/&gt;Marijuana - Possess Small Amt for Personal Use&lt;br/&gt;Contraband.&lt;br/&gt;Indirect Criminal Contempt&lt;br/&gt;Marijuana - Possess Small Amt for Personal Use&lt;br/&gt;Contraband.&lt;br/&gt;Indirect Criminal Contempt&lt;br/&gt;"/><marker lat="40.4461895" lng="-79.89553459999999" zone="Zone 4" incidentdate="2014-07-04" incidenttime="00:40:00" incidentnumber="14128277" address="South Braddock Avenue &amp; Tuscarora Street, Pittsburgh, PA 15221, USA" type="ARREST" description="*********************************************** &lt;br/&gt;DUI - General Impairment&lt;br/&gt;DUI - Highest Rate of Alcohol - BAC &gt;= .16%&lt;br/&gt;DUI - General Impairment&lt;br/&gt;DUI - Highest Rate of Alcohol - BAC &gt;= .16%&lt;br/&gt;"/><marker lat="40.471215" lng="-80.008297" zone="Zone 1" incidentdate="2014-07-04" incidenttime="00:53:00" incidentnumber="14128253" address="2600 Perrysville Avenue, Pittsburgh, PA 15214, USA" type="ARREST" description="*********************************************** &lt;br/&gt;Aggravated Assault.&lt;br/&gt;Unlawful Restraint.&lt;br/&gt;"/><marker lat="40.468663" lng="-79.961834" zone="Zone 2" incidentdate="2014-07-04" incidenttime="01:06:00" incidentnumber="14128364" address="4000 Butler Street, Pittsburgh, PA 15201, USA" type="OFFENSE" description="*********************************************** &lt;br/&gt;Accidents Involving Damage to Unattended Veh.or Prop.&lt;br/&gt;"/><marker lat="40.4495259" lng="-79.9874519" zone="Zone 2" incidentdate="2014-07-04" incidenttime="01:12:00" incidentnumber="14128359" address="1600 Smallman Street, Pittsburgh, PA 15222, USA" type="ARREST" description="*********************************************** &lt;br/&gt;Aggravated Assault.&lt;br/&gt;Actual Communication&lt;br/&gt;Resisting Arrest or Other Law Enforcement.&lt;br/&gt;Disorderly Conduct.&lt;br/&gt;Public Drunkenness&lt;br/&gt;Aggravated Assault.&lt;br/&gt;Actual Communication&lt;br/&gt;Resisting Arrest or Other Law Enforcement.&lt;br/&gt;Disorderly Conduct.&lt;br/&gt;Public Drunkenness&lt;br/&gt;"/><marker lat="40.4495259" lng="-79.9874519" zone="Zone 2" incidentdate="2014-07-04" incidenttime="01:12:00" incidentnumber="14128359" address="1600 Smallman Street, Pittsburgh, PA 15222, USA" type="OFFENSE" description="*********************************************** &lt;br/&gt;Aggravated Assault.&lt;br/&gt;Actual Communication&lt;br/&gt;Resisting Arrest or Other Law Enforcement.&lt;br/&gt;Disorderly Conduct.&lt;br/&gt;Public Drunkenness&lt;br/&gt;Aggravated Assault.&lt;br/&gt;Actual Communication&lt;br/&gt;Resisting Arrest or Other Law Enforcement.&lt;br/&gt;Disorderly Conduct.&lt;br/&gt;Public Drunkenness&lt;br/&gt;"/><marker lat="40.4495259" lng="-79.9874519" zone="Zone 2" incidentdate="2014-07-04" incidenttime="01:14:00" incidentnumber="14128330" address="1600 Smallman Street, Pittsburgh, PA 15222, USA" type="ARREST" description="*********************************************** &lt;br/&gt;Aggravated Assault.&lt;br/&gt;Aggravated Assault.&lt;br/&gt;"/><marker lat="40.4495259" lng="-79.9874519" zone="Zone 2" incidentdate="2014-07-04" incidenttime="01:14:00" incidentnumber="14128330" address="1600 Smallman Street, Pittsburgh, PA 15222, USA" type="OFFENSE" description="*********************************************** &lt;br/&gt;Aggravated Assault.&lt;br/&gt;Aggravated Assault.&lt;br/&gt;"/><marker lat="40.4532953" lng="-80.02244" zone="Zone 1" incidentdate="2014-07-04" incidenttime="01:15:00" incidentnumber="14128437" address="1200 Hamlin Street, Pittsburgh, PA 15233, USA" type="OFFENSE" description="*********************************************** &lt;br/&gt;Theft by Unlawful Taking or Disposition.&lt;br/&gt;"/><marker lat="40.4670329" lng="-80.0112595" zone="Zone 1" incidentdate="2014-07-04" incidenttime="01:20:00" incidentnumber="14128293" address="200 West Burgess Street, Pittsburgh, PA 15214, USA" type="ARREST" description="*********************************************** &lt;br/&gt;Marijuana - Possess Small Amt for Personal Use&lt;br/&gt;Contraband.&lt;br/&gt;Indirect Criminal Contempt&lt;br/&gt;Marijuana - Possess Small Amt for Personal Use&lt;br/&gt;Contraband.&lt;br/&gt;Indirect Criminal Contempt&lt;br/&gt;"/><marker lat="40.4587851" lng="-79.928912" zone="Zone 4" incidentdate="2014-07-04" incidenttime="01:24:00" incidentnumber="14128342" address="Penn Circle &amp; Centre Avenue, EastSide, Pittsburgh, PA 15206, USA" type="OFFENSE" description="*********************************************** &lt;br/&gt;Possession of Controlled Substance&lt;br/&gt;DUI - General Impairment&lt;br/&gt;DUI - High Rate of Alchol - BAC &gt;=.10% &lt;.16%&lt;br/&gt;Possession of Controlled Substance&lt;br/&gt;Accidents Involving Damage to Unattended Veh.or Prop.&lt;br/&gt;DUI - General Impairment&lt;br/&gt;DUI - High Rate of Alchol - BAC &gt;=.10% &lt;.16%&lt;br/&gt;"/><marker lat="40.3928217" lng="-80.0251345" zone="Zone 6" incidentdate="2014-07-04" incidenttime="01:30:00" incidentnumber="14128349" address="2800 Midland Street, Pittsburgh, PA 15226, USA" type="OFFENSE" description="*********************************************** &lt;br/&gt;Criminal Mischief.&lt;br/&gt;"/><marker lat="40.4587851" lng="-79.928912" zone="Zone 4" incidentdate="2014-07-04" incidenttime="01:40:00" incidentnumber="14128342" address="Penn Circle &amp; Centre Avenue, EastSide, Pittsburgh, PA 15206, USA" type="ARREST" description="*********************************************** &lt;br/&gt;Possession of Controlled Substance&lt;br/&gt;DUI - General Impairment&lt;br/&gt;DUI - High Rate of Alchol - BAC &gt;=.10% &lt;.16%&lt;br/&gt;Possession of Controlled Substance&lt;br/&gt;Accidents Involving Damage to Unattended Veh.or Prop.&lt;br/&gt;DUI - General Impairment&lt;br/&gt;DUI - High Rate of Alchol - BAC &gt;=.10% &lt;.16%&lt;br/&gt;"/><marker lat="40.4393614" lng="-80.0012669" zone="Zone 2" incidentdate="2014-07-04" incidenttime="01:43:00" incidentnumber="14128350" address="400 Wood Street, Pittsburgh, PA 15222, USA" type="OFFENSE" description="*********************************************** &lt;br/&gt;Aided Case&lt;br/&gt;"/><marker lat="40.4155495" lng="-79.9653694" zone="Zone 3" incidentdate="2014-07-04" incidenttime="02:24:00" incidentnumber="14128377" address="Spring Street &amp; Syrian Street, Pittsburgh, PA 15210, USA" type="OFFENSE" description="*********************************************** &lt;br/&gt;Possession of Controlled Substance&lt;br/&gt;Possession of Controlled Substance&lt;br/&gt;"/><marker lat="40.4155495" lng="-79.9653694" zone="Zone 3" incidentdate="2014-07-04" incidenttime="02:24:00" incidentnumber="14128377" address="Spring Street &amp; Syrian Street, Pittsburgh, PA 15210, USA" type="ARREST" description="*********************************************** &lt;br/&gt;Possession of Controlled Substance&lt;br/&gt;Possession of Controlled Substance&lt;br/&gt;"/><marker lat="40.4493662" lng="-80.05881289999999" zone="Zone 6" incidentdate="2014-07-04" incidenttime="03:18:00" incidentnumber="14128408" address="Straka Street, Pittsburgh, PA 15204, USA" type="OFFENSE" description="*********************************************** &lt;br/&gt;Accidents Involving Damage to Attended Veh. or Property&lt;br/&gt;"/><marker lat="40.4269832" lng="-79.9702346" zone="Zone 3" incidentdate="2014-07-04" incidenttime="05:48:00" incidentnumber="14128463" address="100 South 25th Street, Pittsburgh, PA 15203, USA" type="OFFENSE" description="*********************************************** &lt;br/&gt;Criminal Mischief.&lt;br/&gt;"/><marker lat="40.4424323" lng="-79.9999083" zone="Zone 2" incidentdate="2014-07-04" incidenttime="07:00:00" incidentnumber="14128696" address="Liberty Avenue &amp; 7th Street, Pittsburgh, PA 15222, USA" type="OFFENSE" description="*********************************************** &lt;br/&gt;Lost Property&lt;br/&gt;"/><marker lat="40.4567248" lng="-80.00652529999999" zone="Zone 1" incidentdate="2014-07-04" incidenttime="08:47:00" incidentnumber="14128502" address="Parkhurst Street &amp; Hazlip Way, Pittsburgh, PA 15212, USA" type="OFFENSE" description="*********************************************** &lt;br/&gt;Found Property&lt;br/&gt;"/><marker lat="40.4727457" lng="-80.0155302" zone="Zone 1" incidentdate="2014-07-04" incidenttime="09:15:00" incidentnumber="14128512" address="500 Marshall Avenue, Pittsburgh, PA 15214, USA" type="OFFENSE" description="*********************************************** &lt;br/&gt;False  Burglar Alarm&lt;br/&gt;"/><marker lat="40.4414148" lng="-79.9233411" zone="Zone 4" incidentdate="2014-07-04" incidenttime="09:20:00" incidentnumber="14128517" address="5800 Northumberland Street, Pittsburgh, PA 15217, USA" type="OFFENSE" description="*********************************************** &lt;br/&gt;Found Property&lt;br/&gt;"/><marker lat="40.454257" lng="-80.021281" zone="Zone 1" incidentdate="2014-07-04" incidenttime="09:38:00" incidentnumber="14128521" address="1100 Sheffield Street, Pittsburgh, PA 15233, USA" type="OFFENSE" description="*********************************************** &lt;br/&gt;False  Burglar Alarm&lt;br/&gt;"/><marker lat="40.452834" lng="-79.964553" zone="Zone 2" incidentdate="2014-07-04" incidenttime="09:56:00" incidentnumber="13202547" address="3300 Webster Avenue, Pittsburgh, PA 15219, USA" type="ARREST" description="*********************************************** &lt;br/&gt;Aggravated Assault.&lt;br/&gt;Recklessly Endangering Another Person.&lt;br/&gt;"/><marker lat="40.452834" lng="-79.964553" zone="Zone 2" incidentdate="2014-07-04" incidenttime="09:56:00" incidentnumber="14062147" address="3300 Webster Avenue, Pittsburgh, PA 15219, USA" type="ARREST" description="*********************************************** &lt;br/&gt;Simple Assault.&lt;br/&gt;Aggravated Assault.&lt;br/&gt;Recklessly Endangering Another Person.&lt;br/&gt;Terroristic Threats.&lt;br/&gt;Simple Assault.&lt;br/&gt;Aggravated Assault.&lt;br/&gt;Recklessly Endangering Another Person.&lt;br/&gt;Terroristic Threats.&lt;br/&gt;"/><marker lat="40.452834" lng="-79.964553" zone="Zone 2" incidentdate="2014-07-04" incidenttime="09:56:00" incidentnumber="14064983" address="3300 Webster Avenue, Pittsburgh, PA 15219, USA" type="ARREST" description="*********************************************** &lt;br/&gt;Possession of Controlled Substance&lt;br/&gt;Possession w/ Intent to Del. Controlled Substance&lt;br/&gt;Paraphernalia - Use or Possession&lt;br/&gt;"/><marker lat="40.452834" lng="-79.964553" zone="Zone 2" incidentdate="2014-07-04" incidenttime="09:56:00" incidentnumber="14128552" address="3300 Webster Avenue, Pittsburgh, PA 15219, USA" type="OFFENSE" description="*********************************************** &lt;br/&gt;Receiving Stolen Property.&lt;br/&gt;Former Convict not to Own a Firearm, Etc.&lt;br/&gt;Firearms not to be Carried without a License.&lt;br/&gt;Bench Warrant&lt;br/&gt;Receiving Stolen Property.&lt;br/&gt;Former Convict not to Own a Firearm, Etc.&lt;br/&gt;Firearms not to be Carried without a License.&lt;br/&gt;Bench Warrant&lt;br/&gt;"/><marker lat="40.452834" lng="-79.964553" zone="Zone 2" incidentdate="2014-07-04" incidenttime="09:56:00" incidentnumber="14128552" address="3300 Webster Avenue, Pittsburgh, PA 15219, USA" type="ARREST" description="*********************************************** &lt;br/&gt;Receiving Stolen Property.&lt;br/&gt;Former Convict not to Own a Firearm, Etc.&lt;br/&gt;Firearms not to be Carried without a License.&lt;br/&gt;Bench Warrant&lt;br/&gt;Receiving Stolen Property.&lt;br/&gt;Former Convict not to Own a Firearm, Etc.&lt;br/&gt;Firearms not to be Carried without a License.&lt;br/&gt;Bench Warrant&lt;br/&gt;"/><marker lat="40.4623116" lng="-79.94323539999999" zone="Zone 5" incidentdate="2014-07-04" incidenttime="10:13:00" incidentnumber="14128540" address="300 South Winebiddle Street, Pittsburgh, PA 15224, USA" type="OFFENSE" description="*********************************************** &lt;br/&gt;Accidents Involving Damage to Unattended Veh.or Prop.&lt;br/&gt;"/><marker lat="40.4609733" lng="-80.0146978" zone="Zone 1" incidentdate="2014-07-04" incidenttime="10:30:00" incidentnumber="14128546" address="600 Rolla Street, Pittsburgh, PA 15214, USA" type="OFFENSE" description="*********************************************** &lt;br/&gt;False  Burglar Alarm&lt;br/&gt;"/><marker lat="40.4559259" lng="-79.894395" zone="Zone 5" incidentdate="2014-07-04" incidenttime="10:50:00" incidentnumber="14128571" address="7300 Bennett Street, Pittsburgh, PA 15208, USA" type="OFFENSE" description="*********************************************** &lt;br/&gt;Harassment (Non-Specific)&lt;br/&gt;"/><marker lat="40.4545762" lng="-79.8721338" zone="Zone 5" incidentdate="2014-07-04" incidenttime="11:15:00" incidentnumber="14128590" address="2200 East Hills Drive, Pittsburgh, PA 15221, USA" type="OFFENSE" description="*********************************************** &lt;br/&gt;Criminal Mischief.&lt;br/&gt;"/><marker lat="40.482909" lng="-80.044488" zone="Zone 1" incidentdate="2014-07-04" incidenttime="11:19:00" incidentnumber="14128574" address="2000 Termon Avenue, Pittsburgh, PA 15212, USA" type="OFFENSE" description="*********************************************** &lt;br/&gt;Missing Juvenile&lt;br/&gt;"/><marker lat="40.422664" lng="-79.92139999999999" zone="Zone 4" incidentdate="2014-07-04" incidenttime="11:41:00" incidentnumber="14128596" address="Rosemoor Street, Pittsburgh, PA 15217, USA" type="OFFENSE" description="*********************************************** &lt;br/&gt;9999 - (Misc. Incident):&lt;br/&gt;"/><marker lat="40.4540769" lng="-80.0197483" zone="Zone 1" incidentdate="2014-07-04" incidenttime="11:50:00" incidentnumber="14128591" address="1000 Sheffield Street, Pittsburgh, PA 15233, USA" type="OFFENSE" description="*********************************************** &lt;br/&gt;9999 - (Misc. Incident):&lt;br/&gt;"/><marker lat="40.4816381" lng="-80.0307966" zone="Zone 1" incidentdate="2014-07-04" incidenttime="11:53:00" incidentnumber="14128595" address="1100 Davis Avenue, Pittsburgh, PA 15212, USA" type="OFFENSE" description="*********************************************** &lt;br/&gt;False  Burglar Alarm&lt;br/&gt;"/><marker lat="40.4208772" lng="-80.0023147" zone="Zone 3" incidentdate="2014-07-04" incidenttime="12:00:00" incidentnumber="14128586" address="300 East Warrington Avenue, Pittsburgh, PA 15210, USA" type="ARREST" description="*********************************************** &lt;br/&gt;Paraphernalia - Use or Possession&lt;br/&gt;Paraphernalia - Use or Possession&lt;br/&gt;Paraphernalia - Use or Possession&lt;br/&gt;"/><marker lat="40.4208772" lng="-80.0023147" zone="Zone 3" incidentdate="2014-07-04" incidenttime="12:00:00" incidentnumber="14128586" address="300 East Warrington Avenue, Pittsburgh, PA 15210, USA" type="ARREST" description="*********************************************** &lt;br/&gt;Paraphernalia - Use or Possession&lt;br/&gt;Paraphernalia - Use or Possession&lt;br/&gt;Paraphernalia - Use or Possession&lt;br/&gt;"/><marker lat="40.4419764" lng="-79.9711983" zone="Zone 4" incidentdate="2014-07-04" incidenttime="12:00:00" incidentnumber="14128654" address="Burrows Street, Pittsburgh, PA, USA" type="OFFENSE" description="*********************************************** &lt;br/&gt;Burglary.&lt;br/&gt;"/><marker lat="40.4587468" lng="-79.92078529999999" zone="Zone 4" incidentdate="2014-07-04" incidenttime="12:13:00" incidentnumber="14128615" address="Shakespeare Street, Pittsburgh, PA 15206, USA" type="OFFENSE" description="*********************************************** &lt;br/&gt;Theft by Unlawful Taking or Disposition - Movable item&lt;br/&gt;"/><marker lat="40.483717" lng="-80.0304139" zone="Zone 1" incidentdate="2014-07-04" incidenttime="12:46:00" incidentnumber="14128618" address="1100 Termon Avenue, Pittsburgh, PA 15212, USA" type="OFFENSE" description="*********************************************** &lt;br/&gt;False  Burglar Alarm&lt;br/&gt;"/><marker lat="40.498195" lng="-79.85375599999999" zone="Zone 5" incidentdate="2014-07-04" incidenttime="12:55:00" incidentnumber="14128633" address="800 Freeport Road, Pittsburgh, PA 15238, USA" type="OFFENSE" description="*********************************************** &lt;br/&gt;DEF. TRESPASS ACTUAL COMMUNICATION&lt;br/&gt;Retail Theft.&lt;br/&gt;DEF. TRESPASS ACTUAL COMMUNICATION&lt;br/&gt;Retail Theft.&lt;br/&gt;"/><marker lat="40.4208772" lng="-80.0023147" zone="Zone 3" incidentdate="2014-07-04" incidenttime="13:06:00" incidentnumber="14128586" address="300 East Warrington Avenue, Pittsburgh, PA 15210, USA" type="OFFENSE" description="*********************************************** &lt;br/&gt;Paraphernalia - Use or Possession&lt;br/&gt;Paraphernalia - Use or Possession&lt;br/&gt;Paraphernalia - Use or Possession&lt;br/&gt;"/><marker lat="40.498195" lng="-79.85375599999999" zone="Zone 5" incidentdate="2014-07-04" incidenttime="13:15:00" incidentnumber="14128633" address="800 Freeport Road, Pittsburgh, PA 15238, USA" type="ARREST" description="*********************************************** &lt;br/&gt;DEF. TRESPASS ACTUAL COMMUNICATION&lt;br/&gt;Retail Theft.&lt;br/&gt;DEF. TRESPASS ACTUAL COMMUNICATION&lt;br/&gt;Retail Theft.&lt;br/&gt;"/><marker lat="40.443561" lng="-79.98004" zone="Zone 2" incidentdate="2014-07-04" incidenttime="14:00:00" incidentnumber="14128581" address="2000 Centre Avenue, Pittsburgh, PA 15219, USA" type="OFFENSE" description="*********************************************** &lt;br/&gt;9999 - (Misc. Incident):&lt;br/&gt;"/><marker lat="40.4359636" lng="-79.9507668" zone="Zone 4" incidentdate="2014-07-04" incidenttime="15:00:00" incidentnumber="14128704" address="Boundary Street, Pittsburgh, PA, USA" type="OFFENSE" description="*********************************************** &lt;br/&gt;CRIMINAL MISCHIEF - Intentionally Damages Real Or Personal Property Of Another&lt;br/&gt;Theft from Vehicle&lt;br/&gt;Access Device Fraud&lt;br/&gt;"/><marker lat="40.4512436" lng="-79.8900379" zone="Zone 5" incidentdate="2014-07-04" incidenttime="15:12:00" incidentnumber="14128693" address="7700 Tioga Street, Pittsburgh, PA 15208, USA" type="OFFENSE" description="*********************************************** &lt;br/&gt;Criminal Homicide.&lt;br/&gt;"/><marker lat="40.392196" lng="-80.019986" zone="Zone 6" incidentdate="2014-07-04" incidenttime="15:21:00" incidentnumber="14128697" address="900 Berkshire Avenue, Pittsburgh, PA 15226, USA" type="OFFENSE" description="*********************************************** &lt;br/&gt;Terroristic Threats.&lt;br/&gt;"/><marker lat="40.42368159999999" lng="-79.9456776" zone="Zone 4" incidentdate="2014-07-04" incidenttime="15:25:00" incidentnumber="14128703" address="4100 Gladstone Street, Pittsburgh, PA 15207, USA" type="OFFENSE" description="*********************************************** &lt;br/&gt;HARASSMENT SUBJECT OTHER TO PHYSICAL CONTACT&lt;br/&gt;"/><marker lat="40.4575158" lng="-79.8968924" zone="Zone 5" incidentdate="2014-07-04" incidenttime="15:46:00" incidentnumber="14128708" address="7100 Frankstown Avenue, Pittsburgh, PA 15208, USA" type="OFFENSE" description="*********************************************** &lt;br/&gt;Simple Assault.&lt;br/&gt;"/><marker lat="40.458372" lng="-80.007246" zone="Zone 1" incidentdate="2014-07-04" incidenttime="16:00:00" incidentnumber="14128721" address="1500 Federal Street, Pittsburgh, PA 15212, USA" type="OFFENSE" description="*********************************************** &lt;br/&gt;9999 - (Misc. Incident):&lt;br/&gt;"/><marker lat="40.42861449999999" lng="-79.985176" zone="Zone 3" incidentdate="2014-07-04" incidenttime="16:15:00" incidentnumber="14107200" address="1300 East Carson Street, Pittsburgh, PA 15203, USA" type="ARREST" description="*********************************************** &lt;br/&gt;Identity Theft&lt;br/&gt;False Identification to Law Enforcement Authorities&lt;br/&gt;Public Drunkenness&lt;br/&gt;Underage Purchase, Consume, Possessed or Transport Liquor&lt;br/&gt;"/><marker lat="40.456916" lng="-80.054817" zone="Zone 6" incidentdate="2014-07-04" incidenttime="16:15:00" incidentnumber="14114938" address="3100 Bergman Street, Pittsburgh, PA 15204, USA" type="ARREST" description="*********************************************** &lt;br/&gt;Interference with Custody of Children.&lt;br/&gt;"/><marker lat="40.417713" lng="-80.04125379999999" zone="Zone 6" incidentdate="2014-07-04" incidenttime="16:18:00" incidentnumber="14128753" address="100 Oakville Drive, Pittsburgh, PA 15220, USA" type="OFFENSE" description="*********************************************** &lt;br/&gt;9999 - (Misc. Incident):&lt;br/&gt;"/><marker lat="40.4555475" lng="-79.9415246" zone="Zone 5" incidentdate="2014-07-04" incidenttime="16:50:00" incidentnumber="14128748" address="5200 Baum Boulevard, Pittsburgh, PA 15224, USA" type="OFFENSE" description="*********************************************** &lt;br/&gt;302 (Mental)&lt;br/&gt;"/><marker lat="40.3923673" lng="-80.0089471" zone="Zone 6" incidentdate="2014-07-04" incidenttime="17:05:00" incidentnumber="14118819" address="1400 Brookline Boulevard, Pittsburgh, PA 15226, USA" type="OFFENSE" description="*********************************************** &lt;br/&gt;Aggravated Assault.&lt;br/&gt;Recklessly Endangering Another Person.&lt;br/&gt;Criminal Mischief.&lt;br/&gt;Simple Assault.&lt;br/&gt;Recklessly Endangering Another Person.&lt;br/&gt;Criminal Mischief.&lt;br/&gt;Simple Assault.&lt;br/&gt;Recklessly Endangering Another Person.&lt;br/&gt;Criminal Mischief.&lt;br/&gt;"/><marker lat="40.3923673" lng="-80.0089471" zone="Zone 6" incidentdate="2014-07-04" incidenttime="17:05:00" incidentnumber="14118819" address="1400 Brookline Boulevard, Pittsburgh, PA 15226, USA" type="ARREST" description="*********************************************** &lt;br/&gt;Aggravated Assault.&lt;br/&gt;Recklessly Endangering Another Person.&lt;br/&gt;Criminal Mischief.&lt;br/&gt;Simple Assault.&lt;br/&gt;Recklessly Endangering Another Person.&lt;br/&gt;Criminal Mischief.&lt;br/&gt;Simple Assault.&lt;br/&gt;Recklessly Endangering Another Person.&lt;br/&gt;Criminal Mischief.&lt;br/&gt;"/><marker lat="40.4559658" lng="-79.8945009" zone="Zone 5" incidentdate="2014-07-04" incidenttime="17:10:00" incidentnumber="14128744" address="Bennett Street &amp; Sterrett Street, Pittsburgh, PA 15208, USA" type="OFFENSE" description="*********************************************** &lt;br/&gt;Paraphernalia - Use or Possession&lt;br/&gt;Driving While Operating Privilege is Suspended or Revoked.&lt;br/&gt;General Lighting Requirements.&lt;br/&gt;Paraphernalia - Use or Possession&lt;br/&gt;Driving While Operating Privilege is Suspended or Revoked.&lt;br/&gt;General Lighting Requirements.&lt;br/&gt;"/><marker lat="40.4550409" lng="-79.8972398" zone="Zone 5" incidentdate="2014-07-04" incidenttime="17:14:00" incidentnumber="14128759" address="North Homewood Avenue &amp; Formosa Way, Pittsburgh, PA 15208, USA" type="OFFENSE" description="*********************************************** &lt;br/&gt;Robbery.&lt;br/&gt;Criminal Conspiracy.&lt;br/&gt;Robbery.&lt;br/&gt;Criminal Conspiracy.&lt;br/&gt;Robbery.&lt;br/&gt;Criminal Conspiracy.&lt;br/&gt;Robbery.&lt;br/&gt;Criminal Conspiracy.&lt;br/&gt;"/><marker lat="40.4477936" lng="-80.0037296" zone="Zone 1" incidentdate="2014-07-04" incidenttime="17:30:00" incidentnumber="14128778" address="100 Federal Street, Pittsburgh, PA 15212, USA" type="OFFENSE" description="*********************************************** &lt;br/&gt;Retail Theft.&lt;br/&gt;Retail Theft.&lt;br/&gt;"/><marker lat="40.4374138" lng="-79.9795161" zone="Zone 2" incidentdate="2014-07-04" incidenttime="17:30:00" incidentnumber="14128767" address="Forbes Avenue &amp; Gist Street, Pittsburgh, PA 15219, USA" type="ARREST" description="*********************************************** &lt;br/&gt;Marijuana: Possession Small Amount&lt;br/&gt;Bench Warrant&lt;br/&gt;Marijuana: Possession Small Amount&lt;br/&gt;Bench Warrant&lt;br/&gt;"/><marker lat="40.4374138" lng="-79.9795161" zone="Zone 2" incidentdate="2014-07-04" incidenttime="17:30:00" incidentnumber="14128767" address="Forbes Avenue &amp; Gist Street, Pittsburgh, PA 15219, USA" type="OFFENSE" description="*********************************************** &lt;br/&gt;Marijuana: Possession Small Amount&lt;br/&gt;Bench Warrant&lt;br/&gt;Marijuana: Possession Small Amount&lt;br/&gt;Bench Warrant&lt;br/&gt;"/><marker lat="40.4550409" lng="-79.8972398" zone="Zone 5" incidentdate="2014-07-04" incidenttime="17:30:00" incidentnumber="14128759" address="North Homewood Avenue &amp; Formosa Way, Pittsburgh, PA 15208, USA" type="ARREST" description="*********************************************** &lt;br/&gt;Robbery.&lt;br/&gt;Criminal Conspiracy.&lt;br/&gt;Robbery.&lt;br/&gt;Criminal Conspiracy.&lt;br/&gt;Robbery.&lt;br/&gt;Criminal Conspiracy.&lt;br/&gt;Robbery.&lt;br/&gt;Criminal Conspiracy.&lt;br/&gt;"/><marker lat="40.4596849" lng="-79.8930285" zone="Zone 5" incidentdate="2014-07-04" incidenttime="17:38:00" incidentnumber="14128770" address="7300 Hermitage Street, Pittsburgh, PA 15208, USA" type="OFFENSE" description="*********************************************** &lt;br/&gt;Criminal Mischief.&lt;br/&gt;Burglary.&lt;br/&gt;"/><marker lat="40.4477936" lng="-80.0037296" zone="Zone 1" incidentdate="2014-07-04" incidenttime="17:45:00" incidentnumber="14128778" address="100 Federal Street, Pittsburgh, PA 15212, USA" type="ARREST" description="*********************************************** &lt;br/&gt;Retail Theft.&lt;br/&gt;Retail Theft.&lt;br/&gt;"/><marker lat="40.4605571" lng="-79.8885016" zone="Zone 5" incidentdate="2014-07-04" incidenttime="17:50:00" incidentnumber="14128783" address="Brushton Avenue &amp; Mohler Street, Pittsburgh, PA 15208, USA" type="OFFENSE" description="*********************************************** &lt;br/&gt;9999 - (Misc. Incident):&lt;br/&gt;"/><marker lat="40.4559658" lng="-79.8945009" zone="Zone 5" incidentdate="2014-07-04" incidenttime="18:00:00" incidentnumber="14128744" address="Bennett Street &amp; Sterrett Street, Pittsburgh, PA 15208, USA" type="ARREST" description="*********************************************** &lt;br/&gt;Paraphernalia - Use or Possession&lt;br/&gt;Driving While Operating Privilege is Suspended or Revoked.&lt;br/&gt;General Lighting Requirements.&lt;br/&gt;Paraphernalia - Use or Possession&lt;br/&gt;Driving While Operating Privilege is Suspended or Revoked.&lt;br/&gt;General Lighting Requirements.&lt;br/&gt;"/><marker lat="40.4550409" lng="-79.8972398" zone="Zone 5" incidentdate="2014-07-04" incidenttime="18:00:00" incidentnumber="14128759" address="North Homewood Avenue &amp; Formosa Way, Pittsburgh, PA 15208, USA" type="ARREST" description="*********************************************** &lt;br/&gt;Robbery.&lt;br/&gt;Criminal Conspiracy.&lt;br/&gt;Robbery.&lt;br/&gt;Criminal Conspiracy.&lt;br/&gt;Robbery.&lt;br/&gt;Criminal Conspiracy.&lt;br/&gt;Robbery.&lt;br/&gt;Criminal Conspiracy.&lt;br/&gt;"/><marker lat="40.4550409" lng="-79.8972398" zone="Zone 5" incidentdate="2014-07-04" incidenttime="18:00:00" incidentnumber="14128759" address="North Homewood Avenue &amp; Formosa Way, Pittsburgh, PA 15208, USA" type="ARREST" description="*********************************************** &lt;br/&gt;Robbery.&lt;br/&gt;Criminal Conspiracy.&lt;br/&gt;Robbery.&lt;br/&gt;Criminal Conspiracy.&lt;br/&gt;Robbery.&lt;br/&gt;Criminal Conspiracy.&lt;br/&gt;Robbery.&lt;br/&gt;Criminal Conspiracy.&lt;br/&gt;"/><marker lat="40.4406638" lng="-80.0078837" zone="Zone 2" incidentdate="2014-07-04" incidenttime="18:18:00" incidentnumber="14128797" address="Commonwealth Place &amp; Liberty Avenue, Pittsburgh, PA 15222, USA" type="ARREST" description="*********************************************** &lt;br/&gt;DEF. TRESPASS ACTUAL COMMUNICATION&lt;br/&gt;DISORDERLY CONDUCT - HAZARDOUS/PHYS. OFF&lt;br/&gt;DEF. TRESPASS ACTUAL COMMUNICATION&lt;br/&gt;DISORDERLY CONDUCT - HAZARDOUS/PHYS. OFF&lt;br/&gt;"/><marker lat="40.4406638" lng="-80.0078837" zone="Zone 2" incidentdate="2014-07-04" incidenttime="18:18:00" incidentnumber="14128797" address="Commonwealth Place &amp; Liberty Avenue, Pittsburgh, PA 15222, USA" type="OFFENSE" description="*********************************************** &lt;br/&gt;DEF. TRESPASS ACTUAL COMMUNICATION&lt;br/&gt;DISORDERLY CONDUCT - HAZARDOUS/PHYS. OFF&lt;br/&gt;DEF. TRESPASS ACTUAL COMMUNICATION&lt;br/&gt;DISORDERLY CONDUCT - HAZARDOUS/PHYS. OFF&lt;br/&gt;"/><marker lat="40.4512829" lng="-80.000609" zone="Zone 1" incidentdate="2014-07-04" incidenttime="19:02:00" incidentnumber="14128824" address="300 Cedar Avenue, Pittsburgh, PA 15212, USA" type="OFFENSE" description="*********************************************** &lt;br/&gt;Aggravated Assault.&lt;br/&gt;"/><marker lat="40.40022099999999" lng="-79.985812" zone="Zone 3" incidentdate="2014-07-04" incidenttime="19:42:00" incidentnumber="14128898" address="200 East Meyers Street, Pittsburgh, PA 15210, USA" type="OFFENSE" description="*********************************************** &lt;br/&gt;Aggravated Assault on Unborn Child&lt;br/&gt;Simple Assault.&lt;br/&gt;Recklessly Endangering Another Person.&lt;br/&gt;Aggravated Assault on Unborn Child&lt;br/&gt;Simple Assault.&lt;br/&gt;Recklessly Endangering Another Person.&lt;br/&gt;"/><marker lat="40.40022099999999" lng="-79.985812" zone="Zone 3" incidentdate="2014-07-04" incidenttime="19:42:00" incidentnumber="14128898" address="200 East Meyers Street, Pittsburgh, PA 15210, USA" type="ARREST" description="*********************************************** &lt;br/&gt;Aggravated Assault on Unborn Child&lt;br/&gt;Simple Assault.&lt;br/&gt;Recklessly Endangering Another Person.&lt;br/&gt;Aggravated Assault on Unborn Child&lt;br/&gt;Simple Assault.&lt;br/&gt;Recklessly Endangering Another Person.&lt;br/&gt;"/><marker lat="40.40022099999999" lng="-79.985812" zone="Zone 3" incidentdate="2014-07-04" incidenttime="19:42:00" incidentnumber="14107653" address="200 East Meyers Street, Pittsburgh, PA 15210, USA" type="ARREST" description="*********************************************** &lt;br/&gt;Simple Assault.&lt;br/&gt;302 (Mental)&lt;br/&gt;Simple Assault.&lt;br/&gt;"/><marker lat="40.43862600000001" lng="-79.93053599999999" zone="Zone 4" incidentdate="2014-07-04" incidenttime="20:13:00" incidentnumber="14128880" address="5500 Aylesboro Avenue, Pittsburgh, PA 15217, USA" type="OFFENSE" description="*********************************************** &lt;br/&gt;Criminal Trespass - Simple Trespasser&lt;br/&gt;Aided Case&lt;br/&gt;"/><marker lat="40.43974499999999" lng="-80.023949" zone="Zone 3" incidentdate="2014-07-04" incidenttime="21:24:00" incidentnumber="14128952" address="200 Shaler Street, Pittsburgh, PA 15211, USA" type="OFFENSE" description="*********************************************** &lt;br/&gt;Simple Assault.&lt;br/&gt;Simple Assault.&lt;br/&gt;"/><marker lat="40.43974499999999" lng="-80.023949" zone="Zone 3" incidentdate="2014-07-04" incidenttime="21:44:00" incidentnumber="14128952" address="200 Shaler Street, Pittsburgh, PA 15211, USA" type="ARREST" description="*********************************************** &lt;br/&gt;Simple Assault.&lt;br/&gt;Simple Assault.&lt;br/&gt;"/><marker lat="40.4616034" lng="-79.90793049999999" zone="Zone 5" incidentdate="2014-07-04" incidenttime="21:50:00" incidentnumber="14128968" address="Lincoln Avenue &amp; Shetland Street, Pittsburgh, PA 15206, USA" type="OFFENSE" description="*********************************************** &lt;br/&gt;Accidents Involving Death or Personal Injury&lt;br/&gt;"/></markers>

