<?xml version="1.0"?>
<markers>
    <marker lat="40.457637" lng="-79.891223" zone="Zone 5" incidentdate="2014-06-30" incidentnumber="14124936" address="7400 Race Street, Pittsburgh, PA 15208, USA" type="OFFENSE" description="*********************************************** &lt;br/&gt;Theft by Unlawful Taking or Disposition - Movable item&lt;br/&gt;"/>
    <marker lat="40.45163549999999" lng="-80.0642481" zone="Zone 6" incidentdate="2014-06-30" incidentnumber="14124948" address="Mutual Street, Pittsburgh, PA 15204, USA" type="OFFENSE" description="*********************************************** &lt;br/&gt;Robbery.&lt;br/&gt;"/>
    <marker lat="40.409479" lng="-79.9392079" zone="Zone 4" incidentdate="2014-06-30" incidentnumber="14124959" address="5000 Orinoco Street, Pittsburgh, PA 15207, USA" type="OFFENSE" description="*********************************************** &lt;br/&gt;Theft by Unlawful Taking or Disposition.&lt;br/&gt;"/>
    <marker lat="40.3844713" lng="-79.9864482" zone="Zone 3" incidentdate="2014-06-30" incidentnumber="14124942" address="Maytide Street, Pittsburgh, PA 15227, USA" type="OFFENSE" description="*********************************************** &lt;br/&gt;Possession of Controlled Substance&lt;br/&gt;Paraphernalia - Use or Possession&lt;br/&gt;Theft from Vehicle&lt;br/&gt;Possession of Controlled Substance&lt;br/&gt;Theft from Vehicle&lt;br/&gt;Paraphernalia - Use or Possession&lt;br/&gt;"/>
    <marker lat="40.465684" lng="-79.989262" zone="Zone 1" incidentdate="2014-06-30" incidentnumber="14124971" address="1900 Rockledge Street, Pittsburgh, PA 15212, USA" type="OFFENSE" description="*********************************************** &lt;br/&gt;302 (Mental)&lt;br/&gt;"/>
    <marker lat="40.3844713" lng="-79.9864482" zone="Zone 3" incidentdate="2014-06-30" incidentnumber="14124942" address="Maytide Street, Pittsburgh, PA 15227, USA" type="ARREST" description="*********************************************** &lt;br/&gt;Possession of Controlled Substance&lt;br/&gt;Paraphernalia - Use or Possession&lt;br/&gt;Theft from Vehicle&lt;br/&gt;Possession of Controlled Substance&lt;br/&gt;Theft from Vehicle&lt;br/&gt;Paraphernalia - Use or Possession&lt;br/&gt;"/>
    <marker lat="40.3844713" lng="-79.9864482" zone="Zone 3" incidentdate="2014-06-30" incidentnumber="14124942" address="Maytide Street, Pittsburgh, PA 15227, USA" type="ARREST" description="*********************************************** &lt;br/&gt;Possession of Controlled Substance&lt;br/&gt;Paraphernalia - Use or Possession&lt;br/&gt;Theft from Vehicle&lt;br/&gt;Possession of Controlled Substance&lt;br/&gt;Theft from Vehicle&lt;br/&gt;Paraphernalia - Use or Possession&lt;br/&gt;"/>
    <marker lat="40.4467069" lng="-80.01296789999999" zone="Zone 1" incidentdate="2014-06-30" incidentnumber="14091558" address="North Shore, Pittsburgh, PA, USA" type="ARREST" description="*********************************************** &lt;br/&gt;Reckless Driving&lt;br/&gt;DUI - General Impairment&lt;br/&gt;Escape.&lt;br/&gt;Reckless Driving&lt;br/&gt;DUI - General Impairment&lt;br/&gt;Escape.&lt;br/&gt;"/>
    <marker lat="40.4443431" lng="-79.97336109999999" zone="Zone 2" incidentdate="2014-06-30" incidentnumber="14125021" address="2300 Reed Street, Pittsburgh, PA 15219, USA" type="OFFENSE" description="*********************************************** &lt;br/&gt;Simple Assault.&lt;br/&gt;"/>
    <marker lat="40.4027288" lng="-80.0271003" zone="Zone 6" incidentdate="2014-06-30" incidentnumber="14125022" address="Saranac Avenue &amp; Neeld Avenue, Pittsburgh, PA 15216, USA" type="OFFENSE" description="*********************************************** &lt;br/&gt;9999 - (Misc. Incident):&lt;br/&gt;"/>
    <marker lat="40.458372" lng="-80.007246" zone="Zone 1" incidentdate="2014-06-30" incidentnumber="14125010" address="1500 Federal Street, Pittsburgh, PA 15212, USA" type="ARREST" description="*********************************************** &lt;br/&gt;Driving While Operating Privilege is Suspended or Revoked.&lt;br/&gt;Causing or Risking Catastrophe.&lt;br/&gt;DUI - General Impairment&lt;br/&gt;False Reports to Law Enforcement Authorities.&lt;br/&gt;Driving While Operating Privilege is Suspended or Revoked.&lt;br/&gt;Causing or Risking Catastrophe.&lt;br/&gt;DUI - General Impairment&lt;br/&gt;False Reports to Law Enforcement Authorities.&lt;br/&gt;"/>
    <marker lat="40.4592388" lng="-80.0056233" zone="Zone 1" incidentdate="2014-06-30" incidentnumber="14125037" address="Henderson Street &amp; Sandusky Court, Pittsburgh, PA 15212, USA" type="OFFENSE" description="*********************************************** &lt;br/&gt;Stop Signs and Yield Signs.&lt;br/&gt;"/>
    <marker lat="40.3844927" lng="-79.9844499" zone="Zone 3" incidentdate="2014-06-30" incidentnumber="14125062" address="300 Maytide Street, Pittsburgh, PA 15227, USA" type="OFFENSE" description="*********************************************** &lt;br/&gt;Theft from Vehicle&lt;br/&gt;"/>
    <marker lat="40.3929199" lng="-79.99658" zone="Zone 3" incidentdate="2014-06-30" incidentnumber="14125206" address="2000 Dartmore Street, Pittsburgh, PA 15210, USA" type="OFFENSE" description="*********************************************** &lt;br/&gt;Theft from Vehicle&lt;br/&gt;"/>
    <marker lat="40.4007343" lng="-79.9414548" zone="Zone 4" incidentdate="2014-06-30" incidentnumber="14125064" address="Vespucius Street, Pittsburgh, PA 15207, USA" type="OFFENSE" description="*********************************************** &lt;br/&gt;Burglary.&lt;br/&gt;"/>
    <marker lat="40.4548648" lng="-80.0021943" zone="Zone 1" incidentdate="2014-06-30" incidentnumber="14125065" address="Cedar Avenue &amp; Suismon Street, Pittsburgh, PA 15212, USA" type="ARREST" description="*********************************************** &lt;br/&gt;Possession of Controlled Substance&lt;br/&gt;Tampering with or Fabricating Physical Evidence.&lt;br/&gt;Possession of Controlled Substance&lt;br/&gt;Tampering with or Fabricating Physical Evidence.&lt;br/&gt;"/>
    <marker lat="40.4548648" lng="-80.0021943" zone="Zone 1" incidentdate="2014-06-30" incidentnumber="14125065" address="Cedar Avenue &amp; Suismon Street, Pittsburgh, PA 15212, USA" type="OFFENSE" description="*********************************************** &lt;br/&gt;Possession of Controlled Substance&lt;br/&gt;Tampering with or Fabricating Physical Evidence.&lt;br/&gt;Possession of Controlled Substance&lt;br/&gt;Tampering with or Fabricating Physical Evidence.&lt;br/&gt;"/>
    <marker lat="40.458372" lng="-80.007246" zone="Zone 1" incidentdate="2014-06-30" incidentnumber="14125010" address="1500 Federal Street, Pittsburgh, PA 15212, USA" type="OFFENSE" description="*********************************************** &lt;br/&gt;Driving While Operating Privilege is Suspended or Revoked.&lt;br/&gt;Causing or Risking Catastrophe.&lt;br/&gt;DUI - General Impairment&lt;br/&gt;False Reports to Law Enforcement Authorities.&lt;br/&gt;Driving While Operating Privilege is Suspended or Revoked.&lt;br/&gt;Causing or Risking Catastrophe.&lt;br/&gt;DUI - General Impairment&lt;br/&gt;False Reports to Law Enforcement Authorities.&lt;br/&gt;"/>
    <marker lat="40.3987532" lng="-79.9871525" zone="Zone 3" incidentdate="2014-06-30" incidentnumber="14125121" address="1700 Concordia Street, Pittsburgh, PA 15210, USA" type="OFFENSE" description="*********************************************** &lt;br/&gt;Theft from Vehicle&lt;br/&gt;"/>
    <marker lat="40.4288385" lng="-79.9827049" zone="Zone 3" incidentdate="2014-06-30" incidentnumber="14125098" address="South 16th Street, Pittsburgh, PA 15203, USA" type="OFFENSE" description="*********************************************** &lt;br/&gt;Theft from Vehicle&lt;br/&gt;"/>
    <marker lat="40.4686504" lng="-79.9340082" zone="Zone 5" incidentdate="2014-06-30" incidentnumber="14088225" address="500 North Aiken Avenue, Pittsburgh, PA 15206, USA" type="ARREST" description="*********************************************** &lt;br/&gt;Burglary.&lt;br/&gt;Robbery.&lt;br/&gt;Criminal Conspiracy.&lt;br/&gt;"/>
    <marker lat="40.4736894" lng="-80.0288018" zone="Zone 1" incidentdate="2014-06-30" incidentnumber="14125097" address="3100 Westborn Street, Pittsburgh, PA 15212, USA" type="OFFENSE" description="*********************************************** &lt;br/&gt;Theft by Unlawful Taking or Disposition - Movable item&lt;br/&gt;"/>
    <marker lat="40.4065484" lng="-79.9464467" zone="Zone 4" incidentdate="2014-06-30" incidentnumber="14125162" address="5100 Blair Street, Pittsburgh, PA 15207, USA" type="OFFENSE" description="*********************************************** &lt;br/&gt;Criminal Mischief.&lt;br/&gt;"/>
    <marker lat="40.451666" lng="-80.066341" zone="Zone 6" incidentdate="2014-06-30" incidentnumber="14125090" address="3200 Faronia Street, Pittsburgh, PA 15204, USA" type="OFFENSE" description="*********************************************** &lt;br/&gt;9999 - (Misc. Incident):&lt;br/&gt;"/>
    <marker lat="40.391234" lng="-80.010738" zone="Zone 6" incidentdate="2014-06-30" incidentnumber="14125082" address="1300 Breining Street, Pittsburgh, PA 15226, USA" type="OFFENSE" description="*********************************************** &lt;br/&gt;False  Burglar Alarm&lt;br/&gt;"/>
    <marker lat="40.465026" lng="-79.94494399999999" zone="Zone 5" incidentdate="2014-06-30" incidentnumber="14125105" address="4900 Penn Avenue, Pittsburgh, PA 15224, USA" type="OFFENSE" description="*********************************************** &lt;br/&gt;Theft by Unlawful Taking or Disposition.&lt;br/&gt;"/>
    <marker lat="40.4265023" lng="-79.97320119999999" zone="Zone 3" incidentdate="2014-06-30" incidentnumber="14125093" address="2300 Jane Street, Pittsburgh, PA 15203, USA" type="OFFENSE" description="*********************************************** &lt;br/&gt;Accidents Involving Damage to Unattended Veh.or Prop.&lt;br/&gt;"/>
    <marker lat="40.4266205" lng="-79.9767462" zone="Zone 3" incidentdate="2014-06-30" incidentnumber="14125119" address="2100 Larkins Way, Pittsburgh, PA 15203, USA" type="OFFENSE" description="*********************************************** &lt;br/&gt;Theft from Vehicle&lt;br/&gt;"/>
    <marker lat="40.4565665" lng="-79.950124" zone="Zone 5" incidentdate="2014-06-30" incidentnumber="14125136" address="Hemingway Street, Pittsburgh, PA 15213, USA" type="OFFENSE" description="*********************************************** &lt;br/&gt;9999 - (Misc. Incident):&lt;br/&gt;"/>
    <marker lat="40.4512829" lng="-80.000609" zone="Zone 1" incidentdate="2014-06-30" incidentnumber="14125117" address="300 Cedar Avenue, Pittsburgh, PA 15212, USA" type="OFFENSE" description="*********************************************** &lt;br/&gt;Theft by Unlawful Taking or Disposition.&lt;br/&gt;"/>
    <marker lat="40.4911579" lng="-80.0199574" zone="Zone 1" incidentdate="2014-06-30" incidentnumber="14125318" address="4000 Perrysville Avenue, Pittsburgh, PA 15214, USA" type="OFFENSE" description="*********************************************** &lt;br/&gt;Missing Juvenile&lt;br/&gt;"/>
    <marker lat="40.4754184" lng="-79.9245251" zone="Zone 5" incidentdate="2014-06-30" incidentnumber="14125425" address="5600 Hampton Street, Pittsburgh, PA 15206, USA" type="OFFENSE" description="*********************************************** &lt;br/&gt;Theft from Vehicle&lt;br/&gt;"/>
    <marker lat="40.41798130000001" lng="-79.9790177" zone="Zone 3" incidentdate="2014-06-30" incidentnumber="14125141" address="Arlington Avenue, Pittsburgh, PA, USA" type="OFFENSE" description="*********************************************** &lt;br/&gt;Miscellaneous Fire Other Investigation to Continue&lt;br/&gt;"/>
    <marker lat="40.457791" lng="-80.0073185" zone="Zone 1" incidentdate="2014-06-30" incidentnumber="14125147" address="1400 Federal Street, Pittsburgh, PA 15212, USA" type="OFFENSE" description="*********************************************** &lt;br/&gt;False  Burglar Alarm&lt;br/&gt;"/>
    <marker lat="40.454363" lng="-79.93262399999999" zone="Zone 4" incidentdate="2014-06-30" incidentnumber="14125183" address="600 South Negley Avenue, Pittsburgh, PA 15232, USA" type="OFFENSE" description="*********************************************** &lt;br/&gt;Accidents Involving Damage to Unattended Veh.or Prop.&lt;br/&gt;"/>
    <marker lat="40.4641407" lng="-79.9412674" zone="Zone 5" incidentdate="2014-06-30" incidentnumber="14125243" address="200 South Evaline Street, Pittsburgh, PA 15224, USA" type="OFFENSE" description="*********************************************** &lt;br/&gt;Theft from Vehicle&lt;br/&gt;"/>
    <marker lat="40.403813" lng="-80.030712" zone="Zone 6" incidentdate="2014-06-30" incidentnumber="14125176" address="2200 Broadway Avenue, Pittsburgh, PA 15216, USA" type="OFFENSE" description="*********************************************** &lt;br/&gt;Criminal Mischief.&lt;br/&gt;"/>
    <marker lat="40.44602039999999" lng="-80.0153356" zone="Zone 1" incidentdate="2014-06-30" incidentnumber="14125965" address="100 Art Rooney Avenue, Pittsburgh, PA 15212, USA" type="OFFENSE" description="*********************************************** &lt;br/&gt;False  Burglar Alarm&lt;br/&gt;"/>
    <marker lat="40.4645735" lng="-80.02858140000001" zone="Zone 1" incidentdate="2014-06-30" incidentnumber="14125167" address="1300 Halsey Place, Pittsburgh, PA 15212, USA" type="OFFENSE" description="*********************************************** &lt;br/&gt;9999 - (Misc. Incident):&lt;br/&gt;"/>
    <marker lat="40.4558282" lng="-79.9766827" zone="Zone 2" incidentdate="2014-06-30" incidentnumber="14125190" address="2700 Penn Avenue, Pittsburgh, PA 15222, USA" type="OFFENSE" description="*********************************************** &lt;br/&gt;Criminal Mischief.&lt;br/&gt;"/>
    <marker lat="40.4572594" lng="-79.93404559999999" zone="Zone 4" incidentdate="2014-06-30" incidentnumber="14125220" address="Centre Avenue &amp; South Negley Avenue, Pittsburgh, PA 15206, USA" type="OFFENSE" description="*********************************************** &lt;br/&gt;9999 - (Misc. Incident):&lt;br/&gt;"/>
    <marker lat="40.4502757" lng="-79.93075429999999" zone="Zone 4" incidentdate="2014-06-30" incidentnumber="14125357" address="5600 Kentucky Avenue, Pittsburgh, PA 15232, USA" type="OFFENSE" description="*********************************************** &lt;br/&gt;Theft by Unlawful Taking or Disposition.&lt;br/&gt;"/>
    <marker lat="40.441408" lng="-80.002876" zone="Zone 2" incidentdate="2014-06-30" incidentnumber="14125226" address="100 Fifth Avenue, Pittsburgh, PA 15222, USA" type="OFFENSE" description="*********************************************** &lt;br/&gt;Theft of Property Lost, Mislaid or Delivered by Mistake.&lt;br/&gt;"/>
    <marker lat="40.461819" lng="-79.961761" zone="Zone 2" incidentdate="2014-06-30" incidentnumber="14125212" address="3700 Liberty Avenue, Pittsburgh, PA 15201, USA" type="OFFENSE" description="*********************************************** &lt;br/&gt;Dead on Arrival (DOA)&lt;br/&gt;"/>
    <marker lat="40.42833299999999" lng="-79.882429" zone="Zone OSC" incidentdate="2014-06-30" incidentnumber="13228438" address="400 Chestnut Street, Pittsburgh, PA 15218, USA" type="ARREST" description="*********************************************** &lt;br/&gt;Simple Assault.&lt;br/&gt;Robbery of Motor Vehicle.&lt;br/&gt;"/>
    <marker lat="40.42833299999999" lng="-79.882429" zone="Zone OSC" incidentdate="2014-06-30" incidentnumber="14015814" address="400 Chestnut Street, Pittsburgh, PA 15218, USA" type="ARREST" description="*********************************************** &lt;br/&gt;Simple Assault - Intent., Know., Reckless.Cause Bod. Injury&lt;br/&gt;Recklessly Endangering Another Person.&lt;br/&gt;CRIMINAL MISCHIEF/DMG. PROP INTENT, RECKLESS OR NEG.&lt;br/&gt;"/>
    <marker lat="40.4444845" lng="-79.978534" zone="Zone 2" incidentdate="2014-06-30" incidentnumber="14059416" address="Centre Avenue &amp; Addison Street, Pittsburgh, PA 15219, USA" type="ARREST" description="*********************************************** &lt;br/&gt;Disorderly Conduct.&lt;br/&gt;Public Drunkenness&lt;br/&gt;Disorderly Conduct.&lt;br/&gt;Public Drunkenness&lt;br/&gt;Disorderly Conduct.&lt;br/&gt;Public Drunkenness&lt;br/&gt;"/>
    <marker lat="40.408655" lng="-80.0246457" zone="Zone 6" incidentdate="2014-06-30" incidentnumber="14125532" address="1700 Realty Avenue, Pittsburgh, PA 15216, USA" type="OFFENSE" description="*********************************************** &lt;br/&gt;Criminal Mischief.&lt;br/&gt;"/>
    <marker lat="40.435919" lng="-80.05208499999999" zone="Zone 6" incidentdate="2014-06-30" incidentnumber="14125326" address="1900 Noblestown Road, Pittsburgh, PA 15205, USA" type="OFFENSE" description="*********************************************** &lt;br/&gt;Theft by Unlawful Taking or Disposition - Movable item&lt;br/&gt;"/>
    <marker lat="40.4539862" lng="-80.05240909999999" zone="Zone 6" incidentdate="2014-06-30" incidentnumber="14125233" address="600 Hillsboro Street, Pittsburgh, PA 15204, USA" type="OFFENSE" description="*********************************************** &lt;br/&gt;Simple Assault.&lt;br/&gt;"/>
    <marker lat="40.4546255" lng="-80.063302" zone="Zone 6" incidentdate="2014-06-30" incidentnumber="14125239" address="3200 Huxley Street, Pittsburgh, PA 15204, USA" type="OFFENSE" description="*********************************************** &lt;br/&gt;Criminal Mischief.&lt;br/&gt;"/>
    <marker lat="40.4409993" lng="-79.9656019" zone="Zone 4" incidentdate="2014-06-30" incidentnumber="14125247" address="Robinson Street, Pittsburgh, PA 15213, USA" type="ARREST" description="*********************************************** &lt;br/&gt;Marijuana: Possession Small Amount&lt;br/&gt;Turning Movements and Required Signals.&lt;br/&gt;General Lighting Requirements.&lt;br/&gt;Marijuana: Possession Small Amount&lt;br/&gt;Turning Movements and Required Signals.&lt;br/&gt;General Lighting Requirements.&lt;br/&gt;"/>
    <marker lat="40.435467" lng="-79.996404" zone="Zone 2" incidentdate="2014-06-30" incidentnumber="14120278" address="600 1st Avenue, Pittsburgh, PA 15219, USA" type="ARREST" description="*********************************************** &lt;br/&gt;Simple Assault - Intent., Know., Reckless.Cause Bod. Injury&lt;br/&gt;Simple Assault - Intent., Know., Reckless.Cause Bod. Injury&lt;br/&gt;"/>
    <marker lat="40.4644692" lng="-80.0098407" zone="Zone 1" incidentdate="2014-06-30" incidentnumber="14125250" address="Federal Street Ext, Pittsburgh, PA 15214, USA" type="OFFENSE" description="*********************************************** &lt;br/&gt;False  Burglar Alarm&lt;br/&gt;"/>
    <marker lat="40.4409993" lng="-79.9656019" zone="Zone 4" incidentdate="2014-06-30" incidentnumber="14125247" address="Robinson Street, Pittsburgh, PA 15213, USA" type="OFFENSE" description="*********************************************** &lt;br/&gt;Marijuana: Possession Small Amount&lt;br/&gt;Turning Movements and Required Signals.&lt;br/&gt;General Lighting Requirements.&lt;br/&gt;Marijuana: Possession Small Amount&lt;br/&gt;Turning Movements and Required Signals.&lt;br/&gt;General Lighting Requirements.&lt;br/&gt;"/>
    <marker lat="40.45414359999999" lng="-80.0136194" zone="Zone 1" incidentdate="2014-06-30" incidentnumber="14125276" address="700 West North Avenue, Pittsburgh, PA 15212, USA" type="OFFENSE" description="*********************************************** &lt;br/&gt;Harassment by Physical Contact, or Attempts or Threats&lt;br/&gt;"/>
    <marker lat="40.4449342" lng="-79.9774574" zone="Zone 2" incidentdate="2014-06-30" incidentnumber="14125277" address="Centre Avenue &amp; Elmore Street, Pittsburgh, PA 15219, USA" type="OFFENSE" description="*********************************************** &lt;br/&gt;Marijuana: Possession Small Amount&lt;br/&gt;Stop Signs and Yield Signs.&lt;br/&gt;Marijuana: Possession Small Amount&lt;br/&gt;Stop Signs and Yield Signs.&lt;br/&gt;"/>
    <marker lat="40.4449342" lng="-79.9774574" zone="Zone 2" incidentdate="2014-06-30" incidentnumber="14125277" address="Centre Avenue &amp; Elmore Street, Pittsburgh, PA 15219, USA" type="ARREST" description="*********************************************** &lt;br/&gt;Marijuana: Possession Small Amount&lt;br/&gt;Stop Signs and Yield Signs.&lt;br/&gt;Marijuana: Possession Small Amount&lt;br/&gt;Stop Signs and Yield Signs.&lt;br/&gt;"/>
    <marker lat="40.4620716" lng="-80.0308133" zone="Zone 1" incidentdate="2014-06-30" incidentnumber="14125275" address="Marshall Avenue &amp; California Avenue, Pittsburgh, PA 15212, USA" type="OFFENSE" description="*********************************************** &lt;br/&gt;Possession of Controlled Substance&lt;br/&gt;Possession w/ Intent to Del. Controlled Substance&lt;br/&gt;Marijuana: Possession Small Amount&lt;br/&gt;Paraphernalia - Use or Possession&lt;br/&gt;Driving While Operating Privilege is Suspended or Revoked.&lt;br/&gt;DUI - General Impairment&lt;br/&gt;DUI - High Rate of Alchol - BAC &gt;=.10% &lt;.16%&lt;br/&gt;Possession of Controlled Substance&lt;br/&gt;Possession w/ Intent to Del. Controlled Substance&lt;br/&gt;Marijuana: Possession Small Amount&lt;br/&gt;Paraphernalia - Use or Possession&lt;br/&gt;Driving While Operating Privilege is Suspended or Revoked.&lt;br/&gt;DUI - General Impairment&lt;br/&gt;DUI - High Rate of Alchol - BAC &gt;=.10% &lt;.16%&lt;br/&gt;"/>
    <marker lat="40.387893" lng="-79.98744099999999" zone="Zone 3" incidentdate="2014-06-30" incidentnumber="14125332" address="2300 Valera Avenue, Pittsburgh, PA 15210, USA" type="OFFENSE" description="*********************************************** &lt;br/&gt;Harassment (Non-Specific)&lt;br/&gt;"/>
    <marker lat="40.440306" lng="-80.00455330000001" zone="Zone 2" incidentdate="2014-06-30" incidentnumber="14125279" address="Stanwix Street, Pittsburgh, PA 15222, USA" type="OFFENSE" description="*********************************************** &lt;br/&gt;Theft by Unlawful Taking or Disposition - Movable item&lt;br/&gt;Forgery.&lt;br/&gt;Access Device Fraud&lt;br/&gt;"/>
    <marker lat="40.4620716" lng="-80.0308133" zone="Zone 1" incidentdate="2014-06-30" incidentnumber="14125275" address="Marshall Avenue &amp; California Avenue, Pittsburgh, PA 15212, USA" type="ARREST" description="*********************************************** &lt;br/&gt;Possession of Controlled Substance&lt;br/&gt;Possession w/ Intent to Del. Controlled Substance&lt;br/&gt;Marijuana: Possession Small Amount&lt;br/&gt;Paraphernalia - Use or Possession&lt;br/&gt;Driving While Operating Privilege is Suspended or Revoked.&lt;br/&gt;DUI - General Impairment&lt;br/&gt;DUI - High Rate of Alchol - BAC &gt;=.10% &lt;.16%&lt;br/&gt;Possession of Controlled Substance&lt;br/&gt;Possession w/ Intent to Del. Controlled Substance&lt;br/&gt;Marijuana: Possession Small Amount&lt;br/&gt;Paraphernalia - Use or Possession&lt;br/&gt;Driving While Operating Privilege is Suspended or Revoked.&lt;br/&gt;DUI - General Impairment&lt;br/&gt;DUI - High Rate of Alchol - BAC &gt;=.10% &lt;.16%&lt;br/&gt;"/>
    <marker lat="40.4489156" lng="-79.97415459999999" zone="Zone 2" incidentdate="2014-06-30" incidentnumber="14125294" address="Webster Avenue &amp; Chauncey Street, Pittsburgh, PA 15219, USA" type="ARREST" description="*********************************************** &lt;br/&gt;Marijuana: Possession Small Amount&lt;br/&gt;Marijuana: Possession Small Amount&lt;br/&gt;"/>
    <marker lat="40.4489156" lng="-79.97415459999999" zone="Zone 2" incidentdate="2014-06-30" incidentnumber="14125294" address="Webster Avenue &amp; Chauncey Street, Pittsburgh, PA 15219, USA" type="OFFENSE" description="*********************************************** &lt;br/&gt;Marijuana: Possession Small Amount&lt;br/&gt;Marijuana: Possession Small Amount&lt;br/&gt;"/>
    <marker lat="40.395136" lng="-79.99558390000001" zone="Zone 3" incidentdate="2014-06-30" incidentnumber="14125348" address="1900 Fairland Street, Pittsburgh, PA 15210, USA" type="OFFENSE" description="*********************************************** &lt;br/&gt;Theft from Vehicle&lt;br/&gt;"/>
    <marker lat="40.4653762" lng="-79.93986149999999" zone="Zone 5" incidentdate="2014-06-30" incidentnumber="14125322" address="North Pacific Avenue &amp; Dearborn Street, Pittsburgh, PA 15224, USA" type="OFFENSE" description="*********************************************** &lt;br/&gt;Robbery.&lt;br/&gt;"/>
    <marker lat="40.4257028" lng="-79.9748989" zone="Zone 3" incidentdate="2014-06-30" incidentnumber="14125434" address="2200 Mary Street, Pittsburgh, PA 15203, USA" type="OFFENSE" description="*********************************************** &lt;br/&gt;Theft by Unlawful Taking or Disposition.&lt;br/&gt;"/>
    <marker lat="40.4553678" lng="-80.053679" zone="Zone 6" incidentdate="2014-06-30" incidentnumber="14125601" address="600 Sherwood Avenue, Pittsburgh, PA 15204, USA" type="OFFENSE" description="*********************************************** &lt;br/&gt;Burglary.&lt;br/&gt;"/>
    <marker lat="40.4459876" lng="-80.0375861" zone="Zone 6" incidentdate="2014-06-30" incidentnumber="14125316" address="1000 Marena Street, Pittsburgh, PA 15220, USA" type="OFFENSE" description="*********************************************** &lt;br/&gt;Harassment Communicates Repeatedly in Anonymous Manner&lt;br/&gt;"/>
    <marker lat="40.4272357" lng="-79.9549965" zone="Zone 2" incidentdate="2014-06-30" incidentnumber="14106718" address="Second Avenue, Pittsburgh, PA, USA" type="ARREST" description="*********************************************** &lt;br/&gt;Theft by Unlawful Taking or Disposition.&lt;br/&gt;Theft by Unlawful Taking or Disposition.&lt;br/&gt;"/>
    <marker lat="40.4620629" lng="-79.9498478" zone="Zone 5" incidentdate="2014-06-30" incidentnumber="14125360" address="4700 Liberty Avenue, Pittsburgh, PA 15224, USA" type="OFFENSE" description="*********************************************** &lt;br/&gt;Dead on Arrival (DOA)&lt;br/&gt;"/>
    <marker lat="40.475632" lng="-79.96137" zone="Zone 2" incidentdate="2014-06-30" incidentnumber="14125413" address="4700 Hatfield Street, Pittsburgh, PA 15201, USA" type="OFFENSE" description="*********************************************** &lt;br/&gt;Theft by Unlawful Taking or Disposition.&lt;br/&gt;"/>
    <marker lat="40.3906108" lng="-80.0220968" zone="Zone 6" incidentdate="2014-06-30" incidentnumber="14125444" address="900 Fordham Street, Pittsburgh, PA 15226, USA" type="OFFENSE" description="*********************************************** &lt;br/&gt;Harassment No Legitimate Purpose&lt;br/&gt;"/>
    <marker lat="40.421536" lng="-79.9935859" zone="Zone 3" incidentdate="2014-06-30" incidentnumber="14125379" address="800 East Warrington Avenue, Pittsburgh, PA 15210, USA" type="OFFENSE" description="*********************************************** &lt;br/&gt;Found Property&lt;br/&gt;"/>
    <marker lat="40.429393" lng="-79.92299" zone="Zone 4" incidentdate="2014-06-30" incidentnumber="14125383" address="5800 Forward Avenue, Pittsburgh, PA 15217, USA" type="OFFENSE" description="*********************************************** &lt;br/&gt;Harassment by Physical Contact, or Attempts or Threats&lt;br/&gt;"/>
    <marker lat="40.4488862" lng="-79.9754461" zone="Zone 2" incidentdate="2014-06-30" incidentnumber="14125395" address="2200 Bloomer Way, Pittsburgh, PA 15219, USA" type="OFFENSE" description="*********************************************** &lt;br/&gt;Littering and Dumping; Any waste, dangerous or detrimental substance upon public property&lt;br/&gt;"/>
    <marker lat="40.4696478" lng="-79.9164507" zone="Zone 5" incidentdate="2014-06-30" incidentnumber="14125426" address="6300 Glenview Place, Pittsburgh, PA 15206, USA" type="OFFENSE" description="*********************************************** &lt;br/&gt;Criminal Mischief.&lt;br/&gt;Theft from Vehicle&lt;br/&gt;"/>
    <marker lat="40.46691620000001" lng="-79.8937237" zone="Zone 5" incidentdate="2014-06-30" incidentnumber="14125396" address="7200 Lemington Avenue, Pittsburgh, PA 15206, USA" type="OFFENSE" description="*********************************************** &lt;br/&gt;9999 - (Misc. Incident):&lt;br/&gt;"/>
    <marker lat="40.42374410000001" lng="-80.0009259" zone="Zone 3" incidentdate="2014-06-30" incidentnumber="14125409" address="400 Eureka Street, Pittsburgh, PA 15211, USA" type="OFFENSE" description="*********************************************** &lt;br/&gt;Missing Juvenile&lt;br/&gt;"/>
    <marker lat="40.386895" lng="-79.983508" zone="Zone 3" incidentdate="2014-06-30" incidentnumber="14125429" address="2400 Brownsville Road, Pittsburgh, PA 15210, USA" type="OFFENSE" description="*********************************************** &lt;br/&gt;Paraphernalia - Use or Possession&lt;br/&gt;Paraphernalia - Use or Possession&lt;br/&gt;"/>
    <marker lat="40.4342587" lng="-80.0502647" zone="Zone 6" incidentdate="2014-06-30" incidentnumber="14125411" address="Noblestown Road &amp; Harris Avenue, Pittsburgh, PA 15205, USA" type="OFFENSE" description="*********************************************** &lt;br/&gt;Simple Assault - Attempts by Physical Menace&lt;br/&gt;Recklessly Endangering Another Person.&lt;br/&gt;"/>
    <marker lat="40.4274128" lng="-79.9885122" zone="Zone 3" incidentdate="2014-06-30" incidentnumber="14125470" address="100 South 10th Street, Pittsburgh, PA 15203, USA" type="OFFENSE" description="*********************************************** &lt;br/&gt;Burglary.&lt;br/&gt;"/>
    <marker lat="40.386895" lng="-79.983508" zone="Zone 3" incidentdate="2014-06-30" incidentnumber="14125429" address="2400 Brownsville Road, Pittsburgh, PA 15210, USA" type="ARREST" description="*********************************************** &lt;br/&gt;Paraphernalia - Use or Possession&lt;br/&gt;Paraphernalia - Use or Possession&lt;br/&gt;"/>
    <marker lat="40.4266109" lng="-80.01065179999999" zone="Zone 3" incidentdate="2014-06-30" incidentnumber="14125439" address="Gray Street, Pittsburgh, PA 15211, USA" type="OFFENSE" description="*********************************************** &lt;br/&gt;Simple Assault.&lt;br/&gt;Simple Assault.&lt;br/&gt;"/>
    <marker lat="40.4401704" lng="-79.95880799999999" zone="Zone 4" incidentdate="2014-06-30" incidentnumber="14125420" address="200 Semple Street, Pittsburgh, PA 15213, USA" type="ARREST" description="*********************************************** &lt;br/&gt;DISORDERLY CONDUCT - HAZARDOUS/PHYS. OFF&lt;br/&gt;Public Drunkenness&lt;br/&gt;DISORDERLY CONDUCT - HAZARDOUS/PHYS. OFF&lt;br/&gt;Public Drunkenness&lt;br/&gt;"/>
    <marker lat="40.4401704" lng="-79.95880799999999" zone="Zone 4" incidentdate="2014-06-30" incidentnumber="14125420" address="200 Semple Street, Pittsburgh, PA 15213, USA" type="OFFENSE" description="*********************************************** &lt;br/&gt;DISORDERLY CONDUCT - HAZARDOUS/PHYS. OFF&lt;br/&gt;Public Drunkenness&lt;br/&gt;DISORDERLY CONDUCT - HAZARDOUS/PHYS. OFF&lt;br/&gt;Public Drunkenness&lt;br/&gt;"/>
    <marker lat="40.3824452" lng="-79.9829361" zone="Zone 3" incidentdate="2014-06-30" incidentnumber="14125540" address="Stewart Avenue &amp; Sunnyland Avenue, Pittsburgh, PA 15227, USA" type="OFFENSE" description="*********************************************** &lt;br/&gt;Criminal Mischief.&lt;br/&gt;"/>
    <marker lat="40.4785914" lng="-80.00085969999999" zone="Zone 1" incidentdate="2014-06-30" incidentnumber="14125453" address="500 Mount Pleasant Road, Pittsburgh, PA 15214, USA" type="OFFENSE" description="*********************************************** &lt;br/&gt;Simple Assault.&lt;br/&gt;"/>
    <marker lat="40.4696662" lng="-79.9210303" zone="Zone 5" incidentdate="2014-06-30" incidentnumber="14125476" address="Stanton Avenue &amp; North Highland Avenue, Pittsburgh, PA 15206, USA" type="OFFENSE" description="*********************************************** &lt;br/&gt;9999 - (Misc. Incident):&lt;br/&gt;"/>
    <marker lat="40.4266109" lng="-80.01065179999999" zone="Zone 3" incidentdate="2014-06-30" incidentnumber="14125439" address="Gray Street, Pittsburgh, PA 15211, USA" type="ARREST" description="*********************************************** &lt;br/&gt;Simple Assault.&lt;br/&gt;Simple Assault.&lt;br/&gt;"/>
    <marker lat="40.3903497" lng="-79.98161669999999" zone="Zone 3" incidentdate="2014-06-30" incidentnumber="14125495" address="Carrick Avenue, Pittsburgh, PA 15210, USA" type="OFFENSE" description="*********************************************** &lt;br/&gt;Missing Juvenile&lt;br/&gt;"/>
    <marker lat="40.4516009" lng="-79.89186339999999" zone="Zone 5" incidentdate="2014-06-30" incidentnumber="14125467" address="North Braddock Avenue &amp; Cassina Way, Pittsburgh, PA 15208, USA" type="OFFENSE" description="*********************************************** &lt;br/&gt;Registration Card to be Signed and Exhibited on Demand.&lt;br/&gt;Driving While Operating Privilege is Suspended or Revoked.&lt;br/&gt;Stop Signs and Yield Signs.&lt;br/&gt;General Lighting Requirements.&lt;br/&gt;Habitual Offenders&lt;br/&gt;"/>
    <marker lat="40.4422785" lng="-79.9171624" zone="Zone 4" incidentdate="2014-06-30" incidentnumber="14125471" address="6500 Northumberland Street, Pittsburgh, PA 15217, USA" type="OFFENSE" description="*********************************************** &lt;br/&gt;Possession of Controlled Substance&lt;br/&gt;Possession w/ Intent to Del. Controlled Substance&lt;br/&gt;Registration and Certificate of Title Required.&lt;br/&gt;General Lighting Requirements.&lt;br/&gt;Tampering with or Fabricating Physical Evidence.&lt;br/&gt;Possession of Controlled Substance&lt;br/&gt;Possession w/ Intent to Del. Controlled Substance&lt;br/&gt;Registration and Certificate of Title Required.&lt;br/&gt;General Lighting Requirements.&lt;br/&gt;Tampering with or Fabricating Physical Evidence.&lt;br/&gt;"/>
    <marker lat="40.4422785" lng="-79.9171624" zone="Zone 4" incidentdate="2014-06-30" incidentnumber="14125471" address="6500 Northumberland Street, Pittsburgh, PA 15217, USA" type="ARREST" description="*********************************************** &lt;br/&gt;Possession of Controlled Substance&lt;br/&gt;Possession w/ Intent to Del. Controlled Substance&lt;br/&gt;Registration and Certificate of Title Required.&lt;br/&gt;General Lighting Requirements.&lt;br/&gt;Tampering with or Fabricating Physical Evidence.&lt;br/&gt;Possession of Controlled Substance&lt;br/&gt;Possession w/ Intent to Del. Controlled Substance&lt;br/&gt;Registration and Certificate of Title Required.&lt;br/&gt;General Lighting Requirements.&lt;br/&gt;Tampering with or Fabricating Physical Evidence.&lt;br/&gt;"/>
    <marker lat="40.456108" lng="-80.05632" zone="Zone 6" incidentdate="2014-06-30" incidentnumber="14125535" address="3100 Ashlyn Street, Pittsburgh, PA 15204, USA" type="OFFENSE" description="*********************************************** &lt;br/&gt;Harassment.&lt;br/&gt;"/>
    <marker lat="40.498195" lng="-79.85375599999999" zone="Zone 5" incidentdate="2014-06-30" incidentnumber="14125488" address="800 Freeport Road, Pittsburgh, PA 15238, USA" type="OFFENSE" description="*********************************************** &lt;br/&gt;Paraphernalia - Use or Possession&lt;br/&gt;Simple Assault.&lt;br/&gt;Recklessly Endangering Another Person.&lt;br/&gt;Retail Theft.&lt;br/&gt;Flight to Avoid Apprehension, Trial or Punishment.&lt;br/&gt;Bench Warrant&lt;br/&gt;Paraphernalia - Use or Possession&lt;br/&gt;Simple Assault.&lt;br/&gt;Recklessly Endangering Another Person.&lt;br/&gt;Retail Theft.&lt;br/&gt;Flight to Avoid Apprehension, Trial or Punishment.&lt;br/&gt;Bench Warrant&lt;br/&gt;"/>
    <marker lat="40.45249099999999" lng="-79.9458973" zone="Zone 4" incidentdate="2014-06-30" incidentnumber="14125577" address="Wallingford Street, Pittsburgh, PA 15213, USA" type="OFFENSE" description="*********************************************** &lt;br/&gt;Terroristic Threats.&lt;br/&gt;Harassment Communicates Repeatedly in Anonymous Manner&lt;br/&gt;Intimidation of Witnesses or Victims&lt;br/&gt;"/>
    <marker lat="40.498195" lng="-79.85375599999999" zone="Zone 5" incidentdate="2014-06-30" incidentnumber="14125488" address="800 Freeport Road, Pittsburgh, PA 15238, USA" type="ARREST" description="*********************************************** &lt;br/&gt;Paraphernalia - Use or Possession&lt;br/&gt;Simple Assault.&lt;br/&gt;Recklessly Endangering Another Person.&lt;br/&gt;Retail Theft.&lt;br/&gt;Flight to Avoid Apprehension, Trial or Punishment.&lt;br/&gt;Bench Warrant&lt;br/&gt;Paraphernalia - Use or Possession&lt;br/&gt;Simple Assault.&lt;br/&gt;Recklessly Endangering Another Person.&lt;br/&gt;Retail Theft.&lt;br/&gt;Flight to Avoid Apprehension, Trial or Punishment.&lt;br/&gt;Bench Warrant&lt;br/&gt;"/>
    <marker lat="40.4466342" lng="-80.0073294" zone="Zone 1" incidentdate="2014-06-30" incidentnumber="14125525" address="North Shore Drive &amp; Mazeroski Way, Pittsburgh, PA 15212, USA" type="OFFENSE" description="*********************************************** &lt;br/&gt;302 (Mental)&lt;br/&gt;"/>
    <marker lat="40.449645" lng="-79.9679669" zone="Zone 2" incidentdate="2014-06-30" incidentnumber="14094231" address="2800 Wylie Avenue, Pittsburgh, PA 15219, USA" type="ARREST" description="*********************************************** &lt;br/&gt;Simple Assault.&lt;br/&gt;Criminal Trespass&lt;br/&gt;Intimidation of Witnesses or Victims&lt;br/&gt;"/>
    <marker lat="40.4519013" lng="-79.9520082" zone="Zone 4" incidentdate="2014-06-30" incidentnumber="14125533" address="300 North Craig Street, Pittsburgh, PA 15213, USA" type="ARREST" description="*********************************************** &lt;br/&gt;Possession of Controlled Substance&lt;br/&gt;Possession w/ Intent to Del. Controlled Substance&lt;br/&gt;False Identification to Law Enforcement Authorities&lt;br/&gt;Bench Warrant&lt;br/&gt;Possession of Controlled Substance&lt;br/&gt;Possession w/ Intent to Del. Controlled Substance&lt;br/&gt;False Identification to Law Enforcement Authorities&lt;br/&gt;Bench Warrant&lt;br/&gt;"/>
    <marker lat="40.4519013" lng="-79.9520082" zone="Zone 4" incidentdate="2014-06-30" incidentnumber="14125533" address="300 North Craig Street, Pittsburgh, PA 15213, USA" type="OFFENSE" description="*********************************************** &lt;br/&gt;Possession of Controlled Substance&lt;br/&gt;Possession w/ Intent to Del. Controlled Substance&lt;br/&gt;False Identification to Law Enforcement Authorities&lt;br/&gt;Bench Warrant&lt;br/&gt;Possession of Controlled Substance&lt;br/&gt;Possession w/ Intent to Del. Controlled Substance&lt;br/&gt;False Identification to Law Enforcement Authorities&lt;br/&gt;Bench Warrant&lt;br/&gt;"/>
    <marker lat="40.435467" lng="-79.996404" zone="Zone 2" incidentdate="2014-06-30" incidentnumber="14018909" address="600 1st Avenue, Pittsburgh, PA 15219, USA" type="ARREST" description="*********************************************** &lt;br/&gt;Theft of Services; Cable, Gas, Taxi, Bill, Tab, etc.&lt;br/&gt;Identity Theft&lt;br/&gt;"/>
    <marker lat="40.4530138" lng="-79.8743056" zone="Zone 5" incidentdate="2014-06-30" incidentnumber="14125547" address="2400 Park Hill Drive, Pittsburgh, PA 15221, USA" type="OFFENSE" description="*********************************************** &lt;br/&gt;Criminal Mischief.&lt;br/&gt;"/>
    <marker lat="40.3822356" lng="-79.9959208" zone="Zone 3" incidentdate="2014-06-30" incidentnumber="14125550" address="Saw Mill Run Boulevard &amp; Library Road, Pittsburgh, PA 15234, USA" type="OFFENSE" description="*********************************************** &lt;br/&gt;Marijuana: Possession Small Amount&lt;br/&gt;Marijuana: Possession Small Amount&lt;br/&gt;"/>
    <marker lat="40.3822356" lng="-79.9959208" zone="Zone 3" incidentdate="2014-06-30" incidentnumber="14125550" address="Saw Mill Run Boulevard &amp; Library Road, Pittsburgh, PA 15234, USA" type="ARREST" description="*********************************************** &lt;br/&gt;Marijuana: Possession Small Amount&lt;br/&gt;Marijuana: Possession Small Amount&lt;br/&gt;"/>
    <marker lat="40.470459" lng="-79.9295278" zone="Zone 5" incidentdate="2014-06-30" incidentnumber="14125596" address="5500 Hays Street, Pittsburgh, PA 15206, USA" type="OFFENSE" description="*********************************************** &lt;br/&gt;Burglary.&lt;br/&gt;"/>
    <marker lat="40.4844675" lng="-79.93251889999999" zone="Zone 5" incidentdate="2014-06-30" incidentnumber="14125556" address="1500 Windcrest Drive, Pittsburgh, PA 15206, USA" type="OFFENSE" description="*********************************************** &lt;br/&gt;Accidents Involving Damage to Unattended Veh.or Prop.&lt;br/&gt;"/>
    <marker lat="40.4502234" lng="-79.9711122" zone="Zone 2" incidentdate="2014-06-30" incidentnumber="14125555" address="Webster Avenue &amp; Watt Street, Pittsburgh, PA 15219, USA" type="ARREST" description="*********************************************** &lt;br/&gt;Marijuana: Possession Small Amount&lt;br/&gt;Paraphernalia - Use or Possession&lt;br/&gt;Driving While Operating Privilege is Suspended or Revoked.&lt;br/&gt;Additional Parking Regulations.&lt;br/&gt;Driving Vehicle at Safe Speed.&lt;br/&gt;Reckless Driving&lt;br/&gt;Marijuana: Possession Small Amount&lt;br/&gt;Paraphernalia - Use or Possession&lt;br/&gt;Driving While Operating Privilege is Suspended or Revoked.&lt;br/&gt;Additional Parking Regulations.&lt;br/&gt;Driving Vehicle at Safe Speed.&lt;br/&gt;Reckless Driving&lt;br/&gt;"/>
    <marker lat="40.4502234" lng="-79.9711122" zone="Zone 2" incidentdate="2014-06-30" incidentnumber="14125555" address="Webster Avenue &amp; Watt Street, Pittsburgh, PA 15219, USA" type="OFFENSE" description="*********************************************** &lt;br/&gt;Marijuana: Possession Small Amount&lt;br/&gt;Paraphernalia - Use or Possession&lt;br/&gt;Driving While Operating Privilege is Suspended or Revoked.&lt;br/&gt;Additional Parking Regulations.&lt;br/&gt;Driving Vehicle at Safe Speed.&lt;br/&gt;Reckless Driving&lt;br/&gt;Marijuana: Possession Small Amount&lt;br/&gt;Paraphernalia - Use or Possession&lt;br/&gt;Driving While Operating Privilege is Suspended or Revoked.&lt;br/&gt;Additional Parking Regulations.&lt;br/&gt;Driving Vehicle at Safe Speed.&lt;br/&gt;Reckless Driving&lt;br/&gt;"/>
    <marker lat="40.4363956" lng="-80.0245339" zone="Zone 3" incidentdate="2014-06-30" incidentnumber="14125571" address="400 Edith Street, Pittsburgh, PA 15211, USA" type="OFFENSE" description="*********************************************** &lt;br/&gt;Aggravated Assault on Unborn Child&lt;br/&gt;Simple Assault.&lt;br/&gt;Aggravated Assault on Unborn Child&lt;br/&gt;Simple Assault.&lt;br/&gt;"/>
    <marker lat="40.4500845" lng="-79.8701212" zone="Zone 5" incidentdate="2014-06-30" incidentnumber="14125609" address="2000 Fairlawn Street, Pittsburgh, PA 15221, USA" type="OFFENSE" description="*********************************************** &lt;br/&gt;Criminal Mischief.&lt;br/&gt;"/>
    <marker lat="40.48888400000001" lng="-79.876936" zone="Zone 5" incidentdate="2014-06-30" incidentnumber="14124644" address="Freeport Road, PA, USA" type="ARREST" description="*********************************************** &lt;br/&gt;Traffic-Control Signals.&lt;br/&gt;Accidents Involving Death or Personal Injury&lt;br/&gt;Traffic-Control Signals.&lt;br/&gt;Accidents Involving Death or Personal Injury&lt;br/&gt;"/>
    <marker lat="40.4363956" lng="-80.0245339" zone="Zone 3" incidentdate="2014-06-30" incidentnumber="14125571" address="400 Edith Street, Pittsburgh, PA 15211, USA" type="ARREST" description="*********************************************** &lt;br/&gt;Aggravated Assault on Unborn Child&lt;br/&gt;Simple Assault.&lt;br/&gt;Aggravated Assault on Unborn Child&lt;br/&gt;Simple Assault.&lt;br/&gt;"/>
    <marker lat="40.43731" lng="-80.0136667" zone="Zone 3" incidentdate="2014-06-30" incidentnumber="14125613" address="South Shore, Pittsburgh, PA, USA" type="OFFENSE" description="*********************************************** &lt;br/&gt;Accidents Involving Damage to Attended Veh. or Property&lt;br/&gt;"/>
    <marker lat="40.4195489" lng="-79.9936744" zone="Zone 3" incidentdate="2014-06-30" incidentnumber="14125615" address="800 Loyal Way, Pittsburgh, PA 15210, USA" type="OFFENSE" description="*********************************************** &lt;br/&gt;Missing Persons (18 and Over)&lt;br/&gt;Robbery.&lt;br/&gt;"/>
    <marker lat="40.4647424" lng="-79.9897922" zone="Zone 1" incidentdate="2014-06-30" incidentnumber="14125620" address="1100 Serene Street, Pittsburgh, PA 15212, USA" type="OFFENSE" description="*********************************************** &lt;br/&gt;Dead on Arrival (DOA)&lt;br/&gt;"/>
    <marker lat="40.4033275" lng="-80.017592" zone="Zone 6" incidentdate="2014-06-30" incidentnumber="14125677" address="2000 Woodward Avenue, Pittsburgh, PA 15226, USA" type="OFFENSE" description="*********************************************** &lt;br/&gt;9999 - (Misc. Incident):&lt;br/&gt;"/>
    <marker lat="40.4828051" lng="-80.0367259" zone="Zone 1" incidentdate="2014-06-30" incidentnumber="14125688" address="Brighton Heights, Pittsburgh, PA, USA" type="OFFENSE" description="*********************************************** &lt;br/&gt;False  Burglar Alarm&lt;br/&gt;"/>
</markers>