<?xml version="1.0"?>
<markers>
    <marker lat="40.4655187" lng="-79.97931960000001" zone="Zone 1" incidentdate="2014-06-28" incidentnumber="14123439" address="200 East Ohio Street, Pittsburgh, PA 15212, USA" type="OFFENSE" description="*********************************************** &lt;br/&gt;Criminal Mischief.&lt;br/&gt;"/>
    <marker lat="40.4015405" lng="-80.0931083" zone="Zone 2" incidentdate="2014-06-28" incidentnumber="14123436" address="6th Street &amp; Diamond Alley, Carnegie, PA 15106, USA" type="OFFENSE" description="*********************************************** &lt;br/&gt;Criminal Mischief.&lt;br/&gt;Theft from Vehicle&lt;br/&gt;"/>
    <marker lat="40.4442075" lng="-80.0405986" zone="Zone 6" incidentdate="2014-06-28" incidentnumber="14123369" address="1000 Chartiers Avenue, Pittsburgh, PA 15220, USA" type="ARREST" description="*********************************************** &lt;br/&gt;Simple Assault.&lt;br/&gt;Simple Assault.&lt;br/&gt;"/>
    <marker lat="40.4442075" lng="-80.0405986" zone="Zone 6" incidentdate="2014-06-28" incidentnumber="14123369" address="1000 Chartiers Avenue, Pittsburgh, PA 15220, USA" type="OFFENSE" description="*********************************************** &lt;br/&gt;Simple Assault.&lt;br/&gt;Simple Assault.&lt;br/&gt;"/>
    <marker lat="40.45865269999999" lng="-79.9080242" zone="Zone 5" incidentdate="2014-06-28" incidentnumber="14123401" address="6700 Frankstown Avenue, Pittsburgh, PA 15208, USA" type="ARREST" description="*********************************************** &lt;br/&gt;Robbery.&lt;br/&gt;Corruption of Minors.&lt;br/&gt;Criminal Conspiracy.&lt;br/&gt;Robbery.&lt;br/&gt;Criminal Conspiracy.&lt;br/&gt;Robbery.&lt;br/&gt;Corruption of Minors.&lt;br/&gt;Criminal Conspiracy.&lt;br/&gt;"/>
    <marker lat="40.45865269999999" lng="-79.9080242" zone="Zone 5" incidentdate="2014-06-28" incidentnumber="14123401" address="6700 Frankstown Avenue, Pittsburgh, PA 15208, USA" type="ARREST" description="*********************************************** &lt;br/&gt;Robbery.&lt;br/&gt;Corruption of Minors.&lt;br/&gt;Criminal Conspiracy.&lt;br/&gt;Robbery.&lt;br/&gt;Criminal Conspiracy.&lt;br/&gt;Robbery.&lt;br/&gt;Corruption of Minors.&lt;br/&gt;Criminal Conspiracy.&lt;br/&gt;"/>
    <marker lat="40.45865269999999" lng="-79.9080242" zone="Zone 5" incidentdate="2014-06-28" incidentnumber="14123401" address="6700 Frankstown Avenue, Pittsburgh, PA 15208, USA" type="OFFENSE" description="*********************************************** &lt;br/&gt;Robbery.&lt;br/&gt;Corruption of Minors.&lt;br/&gt;Criminal Conspiracy.&lt;br/&gt;Robbery.&lt;br/&gt;Criminal Conspiracy.&lt;br/&gt;Robbery.&lt;br/&gt;Corruption of Minors.&lt;br/&gt;Criminal Conspiracy.&lt;br/&gt;"/>
    <marker lat="40.4488939" lng="-79.9648984" zone="Zone 2" incidentdate="2014-06-28" incidentnumber="14123433" address="500 Herron Avenue, Pittsburgh, PA 15219, USA" type="OFFENSE" description="*********************************************** &lt;br/&gt;UNLAWFUL DISCHARGE OF PAINTBALL GUN/MARKER&lt;br/&gt;Harassment.&lt;br/&gt;Criminal Mischief.&lt;br/&gt;"/>
    <marker lat="40.4258025" lng="-79.97653439999999" zone="Zone 3" incidentdate="2014-06-28" incidentnumber="14123429" address="Mary Street &amp; South 21st Street, Pittsburgh, PA 15203, USA" type="OFFENSE" description="*********************************************** &lt;br/&gt;Robbery.&lt;br/&gt;Criminal Attempt&lt;br/&gt;"/>
    <marker lat="40.4775793" lng="-79.94189539999999" zone="Zone 5" incidentdate="2014-06-28" incidentnumber="14123438" address="4300 Coleridge Street, Pittsburgh, PA 15201, USA" type="OFFENSE" description="*********************************************** &lt;br/&gt;Simple Assault.&lt;br/&gt;"/>
    <marker lat="40.4573958" lng="-79.89629219999999" zone="Zone 5" incidentdate="2014-06-28" incidentnumber="14123456" address="Frankstown Avenue &amp; North Homewood Avenue, Pittsburgh, PA 15208, USA" type="OFFENSE" description="*********************************************** &lt;br/&gt;Theft from Vehicle&lt;br/&gt;"/>
    <marker lat="40.451666" lng="-80.066341" zone="Zone 6" incidentdate="2014-06-28" incidentnumber="14123447" address="3200 Faronia Street, Pittsburgh, PA 15204, USA" type="OFFENSE" description="*********************************************** &lt;br/&gt;Missing Juvenile&lt;br/&gt;"/>
    <marker lat="40.4611655" lng="-79.9678687" zone="Zone 2" incidentdate="2014-06-28" incidentnumber="14123396" address="Liberty Avenue &amp; 33rd Street, Pittsburgh, PA 15201, USA" type="OFFENSE" description="*********************************************** &lt;br/&gt;Operation Following Suspension of Registration.&lt;br/&gt;"/>
    <marker lat="40.4665987" lng="-79.93945769999999" zone="Zone 5" incidentdate="2014-06-28" incidentnumber="14123533" address="5200 Kincaid Street, Pittsburgh, PA 15224, USA" type="OFFENSE" description="*********************************************** &lt;br/&gt;Theft from Vehicle&lt;br/&gt;"/>
    <marker lat="40.4616726" lng="-79.96605989999999" zone="Zone 2" incidentdate="2014-06-28" incidentnumber="14123463" address="Liberty Avenue &amp; 34th Street, Pittsburgh, PA 15201, USA" type="OFFENSE" description="*********************************************** &lt;br/&gt;Criminal Conspiracy.&lt;br/&gt;Criminal Conspiracy.&lt;br/&gt;"/>
    <marker lat="40.4616726" lng="-79.96605989999999" zone="Zone 2" incidentdate="2014-06-28" incidentnumber="14123463" address="Liberty Avenue &amp; 34th Street, Pittsburgh, PA 15201, USA" type="ARREST" description="*********************************************** &lt;br/&gt;Criminal Conspiracy.&lt;br/&gt;Criminal Conspiracy.&lt;br/&gt;"/>
    <marker lat="40.4442043" lng="-80.0281834" zone="Zone 6" incidentdate="2014-06-28" incidentnumber="14123488" address="West End Bridge &amp; West Carson Street, Pittsburgh, PA 15219, USA" type="OFFENSE" description="*********************************************** &lt;br/&gt;9999 - (Misc. Incident):&lt;br/&gt;"/>
    <marker lat="40.3960566" lng="-79.9874242" zone="Zone 3" incidentdate="2014-06-28" incidentnumber="14123496" address="1900 Brownsville Road, Pittsburgh, PA 15236, USA" type="OFFENSE" description="*********************************************** &lt;br/&gt;Aggravated Assault.&lt;br/&gt;"/>
    <marker lat="40.4537183" lng="-79.9933288" zone="Zone 1" incidentdate="2014-06-28" incidentnumber="14123469" address="Chestnut Street &amp; South Canal Street, Pittsburgh, PA 15212, USA" type="OFFENSE" description="*********************************************** &lt;br/&gt;Careless Driving&lt;br/&gt;DUI - General Impairment&lt;br/&gt;Careless Driving&lt;br/&gt;DUI - General Impairment&lt;br/&gt;"/>
    <marker lat="40.4537183" lng="-79.9933288" zone="Zone 1" incidentdate="2014-06-28" incidentnumber="14123469" address="Chestnut Street &amp; South Canal Street, Pittsburgh, PA 15212, USA" type="ARREST" description="*********************************************** &lt;br/&gt;Careless Driving&lt;br/&gt;DUI - General Impairment&lt;br/&gt;Careless Driving&lt;br/&gt;DUI - General Impairment&lt;br/&gt;"/>
    <marker lat="40.4506142" lng="-79.93549019999999" zone="Zone 4" incidentdate="2014-06-28" incidentnumber="14123502" address="5400 Walnut Street, Pittsburgh, PA 15232, USA" type="OFFENSE" description="*********************************************** &lt;br/&gt;Obstruction of Street, Sidewalk, or Public Way&lt;br/&gt;Resisting Arrest or Other Law Enforcement.&lt;br/&gt;Public Drunkenness&lt;br/&gt;Open Lewdness.&lt;br/&gt;Obstruction of Street, Sidewalk, or Public Way&lt;br/&gt;Resisting Arrest or Other Law Enforcement.&lt;br/&gt;Public Drunkenness&lt;br/&gt;Open Lewdness.&lt;br/&gt;"/>
    <marker lat="40.4665948" lng="-79.9655501" zone="Zone 2" incidentdate="2014-06-28" incidentnumber="14123503" address="37th Street &amp; Charlotte Street, Pittsburgh, PA 15201, USA" type="OFFENSE" description="*********************************************** &lt;br/&gt;Marijuana: Possession Small Amount&lt;br/&gt;DUI - General Impairment&lt;br/&gt;DUI - High Rate of Alchol - BAC &gt;=.10% &lt;.16%&lt;br/&gt;Marijuana: Possession Small Amount&lt;br/&gt;DUI - General Impairment&lt;br/&gt;DUI - High Rate of Alchol - BAC &gt;=.10% &lt;.16%&lt;br/&gt;"/>
    <marker lat="40.458908" lng="-80.07172299999999" zone="Zone 6" incidentdate="2014-06-28" incidentnumber="14123504" address="3600 Harlow Place, Pittsburgh, PA 15204, USA" type="OFFENSE" description="*********************************************** &lt;br/&gt;False  Burglar Alarm&lt;br/&gt;"/>
    <marker lat="40.4665948" lng="-79.9655501" zone="Zone 2" incidentdate="2014-06-28" incidentnumber="14123503" address="37th Street &amp; Charlotte Street, Pittsburgh, PA 15201, USA" type="ARREST" description="*********************************************** &lt;br/&gt;Marijuana: Possession Small Amount&lt;br/&gt;DUI - General Impairment&lt;br/&gt;DUI - High Rate of Alchol - BAC &gt;=.10% &lt;.16%&lt;br/&gt;Marijuana: Possession Small Amount&lt;br/&gt;DUI - General Impairment&lt;br/&gt;DUI - High Rate of Alchol - BAC &gt;=.10% &lt;.16%&lt;br/&gt;"/>
    <marker lat="40.4570596" lng="-80.0629184" zone="Zone 6" incidentdate="2014-06-28" incidentnumber="14123543" address="1000 Stanhope Street, Pittsburgh, PA 15204, USA" type="OFFENSE" description="*********************************************** &lt;br/&gt;Criminal Mischief.&lt;br/&gt;"/>
    <marker lat="40.4733543" lng="-79.8996789" zone="Zone 5" incidentdate="2014-06-28" incidentnumber="14123581" address="Lincoln-Lemington-Belmar, Pittsburgh, PA, USA" type="OFFENSE" description="*********************************************** &lt;br/&gt;Non-Violent Domestic&lt;br/&gt;"/>
    <marker lat="40.4785266" lng="-79.9521386" zone="Zone 2" incidentdate="2014-06-28" incidentnumber="14123586" address="600 52nd Street, Pittsburgh, PA 15201, USA" type="ARREST" description="*********************************************** &lt;br/&gt;Marijuana: Possession Small Amount&lt;br/&gt;Marijuana: Possession Small Amount&lt;br/&gt;"/>
    <marker lat="40.4785266" lng="-79.9521386" zone="Zone 2" incidentdate="2014-06-28" incidentnumber="14123586" address="600 52nd Street, Pittsburgh, PA 15201, USA" type="OFFENSE" description="*********************************************** &lt;br/&gt;Marijuana: Possession Small Amount&lt;br/&gt;Marijuana: Possession Small Amount&lt;br/&gt;"/>
    <marker lat="40.4739499" lng="-80.02882679999999" zone="Zone 1" incidentdate="2014-06-28" incidentnumber="14123590" address="3100 Brighton Road, Pittsburgh, PA 15212, USA" type="OFFENSE" description="*********************************************** &lt;br/&gt;False  Burglar Alarm&lt;br/&gt;"/>
    <marker lat="40.4559113" lng="-79.8920545" zone="Zone 5" incidentdate="2014-06-28" incidentnumber="14124003" address="7500 Felicia Way, Pittsburgh, PA 15208, USA" type="OFFENSE" description="*********************************************** &lt;br/&gt;Theft from Vehicle&lt;br/&gt;"/>
    <marker lat="40.4259844" lng="-79.9793953" zone="Zone 3" incidentdate="2014-06-28" incidentnumber="14123721" address="Mary Street &amp; South 19th Street, Pittsburgh, PA 15203, USA" type="OFFENSE" description="*********************************************** &lt;br/&gt;Accidents Involving Damage to Unattended Veh.or Prop.&lt;br/&gt;"/>
    <marker lat="40.4528399" lng="-80.01684499999999" zone="Zone 1" incidentdate="2014-06-28" incidentnumber="14123626" address="900 Beech Avenue, Pittsburgh, PA 15233, USA" type="OFFENSE" description="*********************************************** &lt;br/&gt;Theft by Unlawful Taking or Disposition.&lt;br/&gt;"/>
    <marker lat="40.4452929" lng="-79.9939084" zone="Zone 2" incidentdate="2014-06-28" incidentnumber="14123600" address="1100 Mulberry Way, Pittsburgh, PA 15222, USA" type="OFFENSE" description="*********************************************** &lt;br/&gt;Criminal Mischief.&lt;br/&gt;Theft from Vehicle&lt;br/&gt;"/>
    <marker lat="40.4521322" lng="-79.8873244" zone="Zone 5" incidentdate="2014-06-28" incidentnumber="14123603" address="7800 Hamilton Avenue, Pittsburgh, PA 15208, USA" type="OFFENSE" description="*********************************************** &lt;br/&gt;Dead on Arrival (DOA)&lt;br/&gt;"/>
    <marker lat="40.463839" lng="-79.94041899999999" zone="Zone 5" incidentdate="2014-06-28" incidentnumber="14123623" address="200 South Pacific Avenue, Pittsburgh, PA 15224, USA" type="OFFENSE" description="*********************************************** &lt;br/&gt;Accidents Involving Damage to Unattended Veh.or Prop.&lt;br/&gt;"/>
    <marker lat="40.4590238" lng="-79.8933058" zone="Zone 5" incidentdate="2014-06-28" incidentnumber="14123670" address="Monticello Street, Pittsburgh, PA 15208, USA" type="OFFENSE" description="*********************************************** &lt;br/&gt;Criminal Mischief.&lt;br/&gt;"/>
    <marker lat="40.449906" lng="-79.915601" zone="Zone 4" incidentdate="2014-06-28" incidentnumber="14123640" address="500 Gettysburg Street, Pittsburgh, PA 15206, USA" type="OFFENSE" description="*********************************************** &lt;br/&gt;Theft by Unlawful Taking or Disposition - Movable item&lt;br/&gt;"/>
    <marker lat="40.4024318" lng="-80.0159541" zone="Zone 6" incidentdate="2014-06-28" incidentnumber="14112470" address="500 Dunster Street, Pittsburgh, PA 15226, USA" type="OFFENSE" description="*********************************************** &lt;br/&gt;Simple Assault.&lt;br/&gt;Simple Assault.&lt;br/&gt;Simple Assault - Intent., Know., Reckless.Cause Bod. Injury&lt;br/&gt;Simple Assault - Attempts by Physical Menace&lt;br/&gt;"/>
    <marker lat="40.4552716" lng="-79.9814585" zone="Zone 2" incidentdate="2014-06-28" incidentnumber="14123636" address="Railroad Street &amp; 25th Street, Pittsburgh, PA 15222, USA" type="OFFENSE" description="*********************************************** &lt;br/&gt;Criminal Mischief.&lt;br/&gt;"/>
    <marker lat="40.4541592" lng="-79.98308229999999" zone="Zone 2" incidentdate="2014-06-28" incidentnumber="14123628" address="2300 Railroad Street, Pittsburgh, PA 15222, USA" type="OFFENSE" description="*********************************************** &lt;br/&gt;Criminal Mischief.&lt;br/&gt;"/>
    <marker lat="40.458086" lng="-80.050348" zone="Zone 6" incidentdate="2014-06-28" incidentnumber="14123619" address="3000 Sacramento Avenue, Pittsburgh, PA 15204, USA" type="OFFENSE" description="*********************************************** &lt;br/&gt;Burglary.&lt;br/&gt;"/>
    <marker lat="40.4565719" lng="-79.99760289999999" zone="Zone 1" incidentdate="2014-06-28" incidentnumber="14123624" address="1000 Madison Avenue, Pittsburgh, PA 15212, USA" type="OFFENSE" description="*********************************************** &lt;br/&gt;False  Burglar Alarm&lt;br/&gt;"/>
    <marker lat="40.43463" lng="-79.9618239" zone="Zone 4" incidentdate="2014-06-28" incidentnumber="14123660" address="3200 Joe Hammer Square, Pittsburgh, PA 15213, USA" type="OFFENSE" description="*********************************************** &lt;br/&gt;Burglary.&lt;br/&gt;"/>
    <marker lat="40.4341993" lng="-79.9521668" zone="Zone 4" incidentdate="2014-06-28" incidentnumber="14123639" address="Boulevard of the Allies &amp; Parkview Avenue, Pittsburgh, PA 15213, USA" type="OFFENSE" description="*********************************************** &lt;br/&gt;Criminal Mischief.&lt;br/&gt;"/>
    <marker lat="40.4024318" lng="-80.0159541" zone="Zone 6" incidentdate="2014-06-28" incidentnumber="14112470" address="500 Dunster Street, Pittsburgh, PA 15226, USA" type="ARREST" description="*********************************************** &lt;br/&gt;Simple Assault.&lt;br/&gt;Simple Assault.&lt;br/&gt;Simple Assault - Intent., Know., Reckless.Cause Bod. Injury&lt;br/&gt;Simple Assault - Attempts by Physical Menace&lt;br/&gt;"/>
    <marker lat="40.454598" lng="-79.8884516" zone="Zone 5" incidentdate="2014-06-28" incidentnumber="14123647" address="Bennett Street &amp; Brushton Avenue, Pittsburgh, PA 15208, USA" type="ARREST" description="*********************************************** &lt;br/&gt;Prostitution&lt;br/&gt;Prostitution - Loitering for purpose of&lt;br/&gt;Prostitution&lt;br/&gt;Prostitution - Loitering for purpose of&lt;br/&gt;"/>
    <marker lat="40.454598" lng="-79.8884516" zone="Zone 5" incidentdate="2014-06-28" incidentnumber="14123647" address="Bennett Street &amp; Brushton Avenue, Pittsburgh, PA 15208, USA" type="OFFENSE" description="*********************************************** &lt;br/&gt;Prostitution&lt;br/&gt;Prostitution - Loitering for purpose of&lt;br/&gt;Prostitution&lt;br/&gt;Prostitution - Loitering for purpose of&lt;br/&gt;"/>
    <marker lat="40.4611572" lng="-79.92474109999999" zone="Zone 5" incidentdate="2014-06-28" incidentnumber="14123649" address="6000 Penn Avenue, Pittsburgh, PA 15201, USA" type="OFFENSE" description="*********************************************** &lt;br/&gt;Simple Assault - Intent., Know., Reckless.Cause Bod. Injury&lt;br/&gt;Harassment by Following Person in Public Place(s)&lt;br/&gt;Robbery.&lt;br/&gt;False Identification to Law Enforcement&lt;br/&gt;Criminal Conspiracy.&lt;br/&gt;Bench Warrant&lt;br/&gt;Simple Assault - Intent., Know., Reckless.Cause Bod. Injury&lt;br/&gt;Harassment by Following Person in Public Place(s)&lt;br/&gt;Robbery.&lt;br/&gt;Criminal Conspiracy.&lt;br/&gt;Simple Assault - Intent., Know., Reckless.Cause Bod. Injury&lt;br/&gt;Harassment by Following Person in Public Place(s)&lt;br/&gt;Robbery.&lt;br/&gt;False Identification to Law Enforcement&lt;br/&gt;Criminal Conspiracy.&lt;br/&gt;Bench Warrant&lt;br/&gt;"/>
    <marker lat="40.4665538" lng="-79.9936577" zone="Zone 1" incidentdate="2014-06-28" incidentnumber="14123648" address="2100 Rhine Street, Pittsburgh, PA 15212, USA" type="OFFENSE" description="*********************************************** &lt;br/&gt;Theft by Unlawful Taking or Disposition - Movable item&lt;br/&gt;"/>
    <marker lat="40.4498292" lng="-79.9745966" zone="Zone 2" incidentdate="2014-06-28" incidentnumber="14123823" address="2400 Chauncey Drive, Pittsburgh, PA 15219, USA" type="OFFENSE" description="*********************************************** &lt;br/&gt;Theft from Vehicle&lt;br/&gt;"/>
    <marker lat="40.4463343" lng="-79.99297399999999" zone="Zone 2" incidentdate="2014-06-28" incidentnumber="14123662" address="1200 Smallman Street, Pittsburgh, PA 15222, USA" type="OFFENSE" description="*********************************************** &lt;br/&gt;Criminal Mischief.&lt;br/&gt;"/>
    <marker lat="40.472891" lng="-79.93045699999999" zone="Zone 5" incidentdate="2014-06-28" incidentnumber="14117709" address="5400 Stanton Avenue, Pittsburgh, PA 15206, USA" type="ARREST" description="*********************************************** &lt;br/&gt;Harassment.&lt;br/&gt;Intimidation of Witnesses or Victims&lt;br/&gt;"/>
    <marker lat="40.463208" lng="-79.96664799999999" zone="Zone 2" incidentdate="2014-06-28" incidentnumber="14123666" address="3400 Butler Street, Pittsburgh, PA 15201, USA" type="OFFENSE" description="*********************************************** &lt;br/&gt;CLASS 1 - Suspicious Package or Device&lt;br/&gt;"/>
    <marker lat="40.4608646" lng="-79.9190244" zone="Zone 5" incidentdate="2014-06-28" incidentnumber="14007304" address="Jennings Court, Pittsburgh, PA 15206, USA" type="ARREST" description="*********************************************** &lt;br/&gt;Simple Assault - Intent., Know., Reckless.Cause Bod. Injury&lt;br/&gt;Robbery.&lt;br/&gt;"/>
    <marker lat="40.4611572" lng="-79.92474109999999" zone="Zone 5" incidentdate="2014-06-28" incidentnumber="14123649" address="6000 Penn Avenue, Pittsburgh, PA 15201, USA" type="ARREST" description="*********************************************** &lt;br/&gt;Simple Assault - Intent., Know., Reckless.Cause Bod. Injury&lt;br/&gt;Harassment by Following Person in Public Place(s)&lt;br/&gt;Robbery.&lt;br/&gt;False Identification to Law Enforcement&lt;br/&gt;Criminal Conspiracy.&lt;br/&gt;Bench Warrant&lt;br/&gt;Simple Assault - Intent., Know., Reckless.Cause Bod. Injury&lt;br/&gt;Harassment by Following Person in Public Place(s)&lt;br/&gt;Robbery.&lt;br/&gt;Criminal Conspiracy.&lt;br/&gt;Simple Assault - Intent., Know., Reckless.Cause Bod. Injury&lt;br/&gt;Harassment by Following Person in Public Place(s)&lt;br/&gt;Robbery.&lt;br/&gt;False Identification to Law Enforcement&lt;br/&gt;Criminal Conspiracy.&lt;br/&gt;Bench Warrant&lt;br/&gt;"/>
    <marker lat="40.4611572" lng="-79.92474109999999" zone="Zone 5" incidentdate="2014-06-28" incidentnumber="14123649" address="6000 Penn Avenue, Pittsburgh, PA 15201, USA" type="ARREST" description="*********************************************** &lt;br/&gt;Simple Assault - Intent., Know., Reckless.Cause Bod. Injury&lt;br/&gt;Harassment by Following Person in Public Place(s)&lt;br/&gt;Robbery.&lt;br/&gt;False Identification to Law Enforcement&lt;br/&gt;Criminal Conspiracy.&lt;br/&gt;Bench Warrant&lt;br/&gt;Simple Assault - Intent., Know., Reckless.Cause Bod. Injury&lt;br/&gt;Harassment by Following Person in Public Place(s)&lt;br/&gt;Robbery.&lt;br/&gt;Criminal Conspiracy.&lt;br/&gt;Simple Assault - Intent., Know., Reckless.Cause Bod. Injury&lt;br/&gt;Harassment by Following Person in Public Place(s)&lt;br/&gt;Robbery.&lt;br/&gt;False Identification to Law Enforcement&lt;br/&gt;Criminal Conspiracy.&lt;br/&gt;Bench Warrant&lt;br/&gt;"/>
    <marker lat="40.4573922" lng="-79.9927419" zone="Zone 1" incidentdate="2014-06-28" incidentnumber="14123655" address="1000 Vinial Street, Pittsburgh, PA 15212, USA" type="OFFENSE" description="*********************************************** &lt;br/&gt;Aided Case&lt;br/&gt;"/>
    <marker lat="40.4257102" lng="-79.97493279999999" zone="Zone 3" incidentdate="2014-06-28" incidentnumber="14123690" address="200 South 22nd Street, Pittsburgh, PA 15203, USA" type="OFFENSE" description="*********************************************** &lt;br/&gt;Burglary.&lt;br/&gt;"/>
    <marker lat="40.4409791" lng="-79.964935" zone="Zone 4" incidentdate="2014-06-28" incidentnumber="14123693" address="200 Dunseith Street, Pittsburgh, PA 15213, USA" type="OFFENSE" description="*********************************************** &lt;br/&gt;Missing Juvenile&lt;br/&gt;"/>
    <marker lat="40.44866409999999" lng="-79.9893506" zone="Zone 2" incidentdate="2014-06-28" incidentnumber="14123722" address="Smallman Street &amp; 15th Street, Pittsburgh, PA 15222, USA" type="OFFENSE" description="*********************************************** &lt;br/&gt;Criminal Mischief.&lt;br/&gt;"/>
    <marker lat="40.4593538" lng="-79.9360861" zone="Zone 5" incidentdate="2014-06-28" incidentnumber="14123731" address="5500 Harriet Street, Pittsburgh, PA 15232, USA" type="OFFENSE" description="*********************************************** &lt;br/&gt;Aided Case&lt;br/&gt;"/>
    <marker lat="40.385435" lng="-79.984056" zone="Zone 3" incidentdate="2014-06-28" incidentnumber="14123749" address="2400 Valera Avenue, Pittsburgh, PA 15210, USA" type="OFFENSE" description="*********************************************** &lt;br/&gt;Theft from Vehicle&lt;br/&gt;"/>
    <marker lat="40.439511" lng="-79.922772" zone="Zone 4" incidentdate="2014-06-28" incidentnumber="14121343" address="5800 Aylesboro Avenue, Pittsburgh, PA 15217, USA" type="OFFENSE" description="*********************************************** &lt;br/&gt;Criminal Mischief.&lt;br/&gt;"/>
    <marker lat="40.452088" lng="-79.87896099999999" zone="Zone 5" incidentdate="2014-06-28" incidentnumber="14123752" address="600 Seagirt Street, Pittsburgh, PA 15221, USA" type="OFFENSE" description="*********************************************** &lt;br/&gt;(b) Burglary Alarm to Deactivate After 30 Minutes&lt;br/&gt;"/>
    <marker lat="40.4534668" lng="-79.9822868" zone="Zone 2" incidentdate="2014-06-28" incidentnumber="14123758" address="100 23rd Street, Pittsburgh, PA 15222, USA" type="OFFENSE" description="*********************************************** &lt;br/&gt;Criminal Mischief.&lt;br/&gt;Theft from Vehicle&lt;br/&gt;"/>
    <marker lat="40.4534668" lng="-79.9822868" zone="Zone 2" incidentdate="2014-06-28" incidentnumber="14123780" address="100 23rd Street, Pittsburgh, PA 15222, USA" type="OFFENSE" description="*********************************************** &lt;br/&gt;Criminal Mischief.&lt;br/&gt;"/>
    <marker lat="40.4041466" lng="-79.9926226" zone="Zone 3" incidentdate="2014-06-28" incidentnumber="14123760" address="100 Brook Street, Pittsburgh, PA 15210, USA" type="OFFENSE" description="*********************************************** &lt;br/&gt;Harassment Communicates Repeatedly in Anonymous Manner&lt;br/&gt;"/>
    <marker lat="40.4813116" lng="-80.0208095" zone="Zone 1" incidentdate="2014-06-28" incidentnumber="14123754" address="Pittsburgh, PA 15214, USA" type="OFFENSE" description="*********************************************** &lt;br/&gt;False  Burglar Alarm&lt;br/&gt;"/>
    <marker lat="40.4237922" lng="-79.95216959999999" zone="Zone 2" incidentdate="2014-06-28" incidentnumber="14097932" address="900 Second Avenue, Pittsburgh, PA 15207, USA" type="ARREST" description="*********************************************** &lt;br/&gt;Possession of Controlled Substance&lt;br/&gt;Contraband.&lt;br/&gt;Disorderly Conduct.&lt;br/&gt;Possession of Controlled Substance&lt;br/&gt;Contraband.&lt;br/&gt;"/>
    <marker lat="40.4395219" lng="-79.998357" zone="Zone 2" incidentdate="2014-06-28" incidentnumber="14123834" address="400 Fifth Avenue, Pittsburgh, PA 15219, USA" type="OFFENSE" description="*********************************************** &lt;br/&gt;DEF. TRESPASS ACTUAL COMMUNICATION&lt;br/&gt;Retail Theft.&lt;br/&gt;DEF. TRESPASS ACTUAL COMMUNICATION&lt;br/&gt;Retail Theft.&lt;br/&gt;"/>
    <marker lat="40.4620569" lng="-79.9505382" zone="Zone 5" incidentdate="2014-06-28" incidentnumber="14123788" address="300 Sapphire Way, Pittsburgh, PA 15224, USA" type="OFFENSE" description="*********************************************** &lt;br/&gt;Criminal Mischief.&lt;br/&gt;"/>
    <marker lat="40.4709975" lng="-79.89674579999999" zone="Zone 5" incidentdate="2014-06-28" incidentnumber="14123790" address="7100 Churchland Street, Pittsburgh, PA 15206, USA" type="OFFENSE" description="*********************************************** &lt;br/&gt;Simple Assault.&lt;br/&gt;"/>
    <marker lat="40.44553399999999" lng="-79.928179" zone="Zone 4" incidentdate="2014-06-28" incidentnumber="14123793" address="5600 Fair Oaks Street, Pittsburgh, PA 15217, USA" type="OFFENSE" description="*********************************************** &lt;br/&gt;Theft by Unlawful Taking or Disposition - Movable item&lt;br/&gt;"/>
    <marker lat="40.395271" lng="-80.020877" zone="Zone 6" incidentdate="2014-06-28" incidentnumber="14123806" address="700 Bellaire Avenue, Pittsburgh, PA 15226, USA" type="OFFENSE" description="*********************************************** &lt;br/&gt;Accidents Involving Damage to Unattended Veh.or Prop.&lt;br/&gt;"/>
    <marker lat="40.441727" lng="-80.00645" zone="Zone 2" incidentdate="2014-06-28" incidentnumber="14123820" address="600 Commonwealth Place, Pittsburgh, PA 15222, USA" type="OFFENSE" description="*********************************************** &lt;br/&gt;Theft by Unlawful Taking or Disposition.&lt;br/&gt;"/>
    <marker lat="40.4785087" lng="-80.0017854" zone="Zone 4" incidentdate="2014-06-28" incidentnumber="14088229" address="Northview Heights, Pittsburgh, PA, USA" type="ARREST" description="*********************************************** &lt;br/&gt;Simple Assault.&lt;br/&gt;"/>
    <marker lat="40.4164691" lng="-79.92564589999999" zone="Zone 4" incidentdate="2014-06-28" incidentnumber="14123854" address="4500 Browns Hill Road, Browns Hill Center, Pittsburgh, PA 15217, USA" type="OFFENSE" description="*********************************************** &lt;br/&gt;Theft by Unlawful Taking or Disposition - Movable item&lt;br/&gt;"/>
    <marker lat="40.461423" lng="-79.92483399999999" zone="Zone 5" incidentdate="2014-06-28" incidentnumber="14123842" address="Penn Avenue &amp; North Highland Avenue, Pittsburgh, PA 15206, USA" type="OFFENSE" description="*********************************************** &lt;br/&gt;Simple Assault.&lt;br/&gt;"/>
    <marker lat="40.4652837" lng="-79.9647301" zone="Zone 2" incidentdate="2014-06-28" incidentnumber="14123860" address="200 36th Street, Pittsburgh, PA 15201, USA" type="OFFENSE" description="*********************************************** &lt;br/&gt;Accidents Involving Damage to Unattended Veh.or Prop.&lt;br/&gt;"/>
    <marker lat="40.4395219" lng="-79.998357" zone="Zone 2" incidentdate="2014-06-28" incidentnumber="14123834" address="400 Fifth Avenue, Pittsburgh, PA 15219, USA" type="ARREST" description="*********************************************** &lt;br/&gt;DEF. TRESPASS ACTUAL COMMUNICATION&lt;br/&gt;Retail Theft.&lt;br/&gt;DEF. TRESPASS ACTUAL COMMUNICATION&lt;br/&gt;Retail Theft.&lt;br/&gt;"/>
    <marker lat="40.3941946" lng="-80.02716339999999" zone="Zone 6" incidentdate="2014-06-28" incidentnumber="14123893" address="500 Dorchester Avenue, Pittsburgh, PA 15226, USA" type="OFFENSE" description="*********************************************** &lt;br/&gt;Theft by Unlawful Taking or Disposition - Movable item&lt;br/&gt;"/>
    <marker lat="40.4272357" lng="-79.9549965" zone="Zone 2" incidentdate="2014-06-28" incidentnumber="13241784" address="Second Avenue, Pittsburgh, PA, USA" type="ARREST" description="*********************************************** &lt;br/&gt;Theft of Property Lost, Mislaid or Delivered by Mistake.&lt;br/&gt;Forgery.&lt;br/&gt;"/>
    <marker lat="40.4663018" lng="-80.0075495" zone="Zone 1" incidentdate="2014-06-28" incidentnumber="14123824" address="Seabright Street, Pittsburgh, PA 15214, USA" type="OFFENSE" description="*********************************************** &lt;br/&gt;Missing Juvenile&lt;br/&gt;"/>
    <marker lat="40.4237922" lng="-79.95216959999999" zone="Zone 2" incidentdate="2014-06-28" incidentnumber="14082784" address="900 Second Avenue, Pittsburgh, PA 15207, USA" type="ARREST" description="*********************************************** &lt;br/&gt;Aggravated Assault.&lt;br/&gt;"/>
    <marker lat="40.4272357" lng="-79.9549965" zone="Zone 2" incidentdate="2014-06-28" incidentnumber="14113667" address="Second Avenue, Pittsburgh, PA, USA" type="ARREST" description="*********************************************** &lt;br/&gt;Criminal Trespass&lt;br/&gt;Indirect Criminal Contempt&lt;br/&gt;Criminal Trespass&lt;br/&gt;"/>
    <marker lat="40.4131383" lng="-79.98905189999999" zone="Zone 3" incidentdate="2014-06-28" incidentnumber="14123885" address="400 Brownsville Road, Pittsburgh, PA 15210, USA" type="ARREST" description="*********************************************** &lt;br/&gt;Paraphernalia - Use or Possession&lt;br/&gt;Driving While Operating Privilege is Suspended or Revoked.&lt;br/&gt;Restriction on Alcoholic Beverages in Vehicle&lt;br/&gt;Paraphernalia - Use or Possession&lt;br/&gt;Driving While Operating Privilege is Suspended or Revoked.&lt;br/&gt;Restriction on Alcoholic Beverages in Vehicle&lt;br/&gt;"/>
    <marker lat="40.4131383" lng="-79.98905189999999" zone="Zone 3" incidentdate="2014-06-28" incidentnumber="14123885" address="400 Brownsville Road, Pittsburgh, PA 15210, USA" type="OFFENSE" description="*********************************************** &lt;br/&gt;Paraphernalia - Use or Possession&lt;br/&gt;Driving While Operating Privilege is Suspended or Revoked.&lt;br/&gt;Restriction on Alcoholic Beverages in Vehicle&lt;br/&gt;Paraphernalia - Use or Possession&lt;br/&gt;Driving While Operating Privilege is Suspended or Revoked.&lt;br/&gt;Restriction on Alcoholic Beverages in Vehicle&lt;br/&gt;"/>
    <marker lat="40.44062479999999" lng="-79.9958864" zone="Zone 2" incidentdate="2014-06-28" incidentnumber="14123901" address="Pittsburgh, PA, USA" type="OFFENSE" description="*********************************************** &lt;br/&gt;"/>
    <marker lat="40.4853298" lng="-80.01434449999999" zone="Zone 1" incidentdate="2014-06-28" incidentnumber="14123912" address="200 Venture Street, Pittsburgh, PA 15214, USA" type="OFFENSE" description="*********************************************** &lt;br/&gt;Defiant Trespass - Fencing or Other Enclosure&lt;br/&gt;"/>
    <marker lat="40.4714119" lng="-79.9353795" zone="Zone 5" incidentdate="2014-06-28" incidentnumber="14123916" address="Fern Street, Pittsburgh, PA 15224, USA" type="OFFENSE" description="*********************************************** &lt;br/&gt;Theft by Unlawful Taking or Disposition - Movable item&lt;br/&gt;"/>
    <marker lat="40.467191" lng="-79.99886769999999" zone="Zone 1" incidentdate="2014-06-28" incidentnumber="14123913" address="Gershon Street &amp; Royal Street, Pittsburgh, PA 15212, USA" type="OFFENSE" description="*********************************************** &lt;br/&gt;Paraphernalia - Use or Possession&lt;br/&gt;Tampering with or Fabricating Physical Evidence.&lt;br/&gt;Paraphernalia - Use or Possession&lt;br/&gt;Tampering with or Fabricating Physical Evidence.&lt;br/&gt;Paraphernalia - Use or Possession&lt;br/&gt;"/>
    <marker lat="40.4475333" lng="-80.00405359999999" zone="Zone 1" incidentdate="2014-06-28" incidentnumber="14123933" address="Federal Street &amp; Isabella Street, Pittsburgh, PA 15212, USA" type="OFFENSE" description="*********************************************** &lt;br/&gt;Terroristic Threats.&lt;br/&gt;Harassment by Physical Contact, or Attempts or Threats&lt;br/&gt;"/>
    <marker lat="40.4237922" lng="-79.95216959999999" zone="Zone 2" incidentdate="2014-06-28" incidentnumber="14056071" address="900 Second Avenue, Pittsburgh, PA 15207, USA" type="ARREST" description="*********************************************** &lt;br/&gt;Failure To Appear/Arrest on Attachment Order&lt;br/&gt;"/>
    <marker lat="40.467191" lng="-79.99886769999999" zone="Zone 1" incidentdate="2014-06-28" incidentnumber="14123913" address="Gershon Street &amp; Royal Street, Pittsburgh, PA 15212, USA" type="ARREST" description="*********************************************** &lt;br/&gt;Paraphernalia - Use or Possession&lt;br/&gt;Tampering with or Fabricating Physical Evidence.&lt;br/&gt;Paraphernalia - Use or Possession&lt;br/&gt;Tampering with or Fabricating Physical Evidence.&lt;br/&gt;Paraphernalia - Use or Possession&lt;br/&gt;"/>
    <marker lat="40.467191" lng="-79.99886769999999" zone="Zone 1" incidentdate="2014-06-28" incidentnumber="14123913" address="Gershon Street &amp; Royal Street, Pittsburgh, PA 15212, USA" type="ARREST" description="*********************************************** &lt;br/&gt;Paraphernalia - Use or Possession&lt;br/&gt;Tampering with or Fabricating Physical Evidence.&lt;br/&gt;Paraphernalia - Use or Possession&lt;br/&gt;Tampering with or Fabricating Physical Evidence.&lt;br/&gt;Paraphernalia - Use or Possession&lt;br/&gt;"/>
    <marker lat="40.435467" lng="-79.996404" zone="Zone 2" incidentdate="2014-06-28" incidentnumber="14113561" address="600 1st Avenue, Pittsburgh, PA 15219, USA" type="ARREST" description="*********************************************** &lt;br/&gt;Simple Assault.&lt;br/&gt;"/>
    <marker lat="40.435467" lng="-79.996404" zone="Zone 2" incidentdate="2014-06-28" incidentnumber="14085844" address="600 1st Avenue, Pittsburgh, PA 15219, USA" type="ARREST" description="*********************************************** &lt;br/&gt;Theft by Unlawful Taking or Disposition.&lt;br/&gt;Receiving Stolen Property.&lt;br/&gt;"/>
    <marker lat="40.471215" lng="-80.008297" zone="Zone 1" incidentdate="2014-06-28" incidentnumber="14123950" address="2600 Perrysville Avenue, Pittsburgh, PA 15214, USA" type="OFFENSE" description="*********************************************** &lt;br/&gt;Criminal Mischief.&lt;br/&gt;"/>
    <marker lat="40.3855955" lng="-80.0001455" zone="Zone 3" incidentdate="2014-06-28" incidentnumber="14123954" address="Glenbury Street, Pittsburgh, PA 15234, USA" type="OFFENSE" description="*********************************************** &lt;br/&gt;Theft by Unlawful Taking or Disposition - Movable item&lt;br/&gt;"/>
    <marker lat="40.4614178" lng="-79.91481569999999" zone="Zone 5" incidentdate="2014-06-28" incidentnumber="14123970" address="200 Paulson Avenue, Pittsburgh, PA 15206, USA" type="OFFENSE" description="*********************************************** &lt;br/&gt;Harassment by Following Person in Public Place(s)&lt;br/&gt;Harassment No Legitimate Purpose&lt;br/&gt;Harassment Communicates Repeatedly at Extreme Hours&lt;br/&gt;"/>
    <marker lat="40.4612229" lng="-79.993729" zone="Zone 1" incidentdate="2014-06-28" incidentnumber="14123975" address="1100 Itin Street, Pittsburgh, PA 15212, USA" type="OFFENSE" description="*********************************************** &lt;br/&gt;Missing Juvenile&lt;br/&gt;"/>
    <marker lat="40.446566" lng="-80.037221" zone="Zone 6" incidentdate="2014-06-28" incidentnumber="14123973" address="400 Lorenz Avenue, Pittsburgh, PA 15220, USA" type="OFFENSE" description="*********************************************** &lt;br/&gt;Missing Juvenile&lt;br/&gt;"/>
    <marker lat="40.419191" lng="-79.99072369999999" zone="Zone 3" incidentdate="2014-06-28" incidentnumber="14123983" address="900 Freeland Street, Pittsburgh, PA 15210, USA" type="OFFENSE" description="*********************************************** &lt;br/&gt;Miscellaneous Investigation&lt;br/&gt;"/>
    <marker lat="40.4007379" lng="-80.0051799" zone="Zone 6" incidentdate="2014-06-28" incidentnumber="14123997" address="2100 Edgebrook Avenue, Pittsburgh, PA 15226, USA" type="OFFENSE" description="*********************************************** &lt;br/&gt;Simple Assault.&lt;br/&gt;Simple Assault.&lt;br/&gt;"/>
    <marker lat="40.4666446" lng="-79.92492039999999" zone="Zone 5" incidentdate="2014-06-28" incidentnumber="14124128" address="500 Borland Street, Pittsburgh, PA 15206, USA" type="OFFENSE" description="*********************************************** &lt;br/&gt;Criminal Mischief.&lt;br/&gt;"/>
    <marker lat="40.4788423" lng="-80.0431195" zone="Zone 1" incidentdate="2014-06-28" incidentnumber="14124011" address="Ohio River Boulevard &amp; McKees Rocks Bridge, Pittsburgh, PA 15212, USA" type="OFFENSE" description="*********************************************** &lt;br/&gt;9999 - (Misc. Incident):&lt;br/&gt;"/>
    <marker lat="40.472663" lng="-80.0356546" zone="Zone 1" incidentdate="2014-06-28" incidentnumber="14124013" address="100 Lecky Avenue, Pittsburgh, PA 15212, USA" type="OFFENSE" description="*********************************************** &lt;br/&gt;Theft from Vehicle&lt;br/&gt;"/>
    <marker lat="40.4007379" lng="-80.0051799" zone="Zone 6" incidentdate="2014-06-28" incidentnumber="14123997" address="2100 Edgebrook Avenue, Pittsburgh, PA 15226, USA" type="ARREST" description="*********************************************** &lt;br/&gt;Simple Assault.&lt;br/&gt;Simple Assault.&lt;br/&gt;"/>
    <marker lat="40.458991" lng="-79.950115" zone="Zone 5" incidentdate="2014-06-28" incidentnumber="14124051" address="700 Edmond Street, Pittsburgh, PA 15224, USA" type="OFFENSE" description="*********************************************** &lt;br/&gt;Found Property&lt;br/&gt;"/>
    <marker lat="40.41297900000001" lng="-79.993072" zone="Zone 3" incidentdate="2014-06-28" incidentnumber="14124078" address="300 Mathews Avenue, Pittsburgh, PA 15210, USA" type="OFFENSE" description="*********************************************** &lt;br/&gt;Criminal Mischief.&lt;br/&gt;"/>
    <marker lat="40.46987" lng="-79.92991839999999" zone="Zone 5" incidentdate="2014-06-28" incidentnumber="14124101" address="600 Chislett Street, Pittsburgh, PA 15206, USA" type="OFFENSE" description="*********************************************** &lt;br/&gt;Accidents Involving Damage to Unattended Veh.or Prop.&lt;br/&gt;"/>
    <marker lat="40.4583805" lng="-80.0094735" zone="Zone 1" incidentdate="2014-06-28" incidentnumber="14124118" address="Central Northside, Pittsburgh, PA, USA" type="ARREST" description="*********************************************** &lt;br/&gt;Bench Warrant&lt;br/&gt;Bench Warrant&lt;br/&gt;"/>
    <marker lat="40.4583805" lng="-80.0094735" zone="Zone 1" incidentdate="2014-06-28" incidentnumber="14124118" address="Central Northside, Pittsburgh, PA, USA" type="OFFENSE" description="*********************************************** &lt;br/&gt;Bench Warrant&lt;br/&gt;Bench Warrant&lt;br/&gt;"/>
    <marker lat="40.40931" lng="-80.0016746" zone="Zone 3" incidentdate="2014-06-28" incidentnumber="14124145" address="200 Institute Street, Pittsburgh, PA 15210, USA" type="OFFENSE" description="*********************************************** &lt;br/&gt;Simple Assault.&lt;br/&gt;Simple Assault.&lt;br/&gt;"/>
    <marker lat="40.40931" lng="-80.0016746" zone="Zone 3" incidentdate="2014-06-28" incidentnumber="14124145" address="200 Institute Street, Pittsburgh, PA 15210, USA" type="ARREST" description="*********************************************** &lt;br/&gt;Simple Assault.&lt;br/&gt;Simple Assault.&lt;br/&gt;"/>
</markers>