<?xml version="1.0"?>
<markers><marker lat="40.44062479999999" lng="-79.9958864" zone="Zone 3" incidentdate="2014-07-03" incidenttime="00:01:00" incidentnumber="14127989" address="Pittsburgh, PA, USA" type="OFFENSE" description="*********************************************** &lt;br/&gt;Theft by Deception.&lt;br/&gt;"/><marker lat="40.4363529" lng="-79.930497" zone="Zone 4" incidentdate="2014-07-03" incidenttime="00:31:00" incidentnumber="14127396" address="5500 Darlington Road, Pittsburgh, PA 15217, USA" type="OFFENSE" description="*********************************************** &lt;br/&gt;Possession of Controlled Substance&lt;br/&gt;Marijuana: Possession Small Amount&lt;br/&gt;Possession of Controlled Substance&lt;br/&gt;Marijuana: Possession Small Amount&lt;br/&gt;"/><marker lat="40.4299087" lng="-80.013205" zone="Zone 3" incidentdate="2014-07-03" incidenttime="00:45:00" incidentnumber="14127408" address="400 Grace Street, Mount Washington, PA 15211, USA" type="OFFENSE" description="*********************************************** &lt;br/&gt;Simple Assault - Attempts by Physical Menace&lt;br/&gt;Criminal Mischief.&lt;br/&gt;"/><marker lat="40.4363529" lng="-79.930497" zone="Zone 4" incidentdate="2014-07-03" incidenttime="00:59:00" incidentnumber="14127396" address="5500 Darlington Road, Pittsburgh, PA 15217, USA" type="ARREST" description="*********************************************** &lt;br/&gt;Possession of Controlled Substance&lt;br/&gt;Marijuana: Possession Small Amount&lt;br/&gt;Possession of Controlled Substance&lt;br/&gt;Marijuana: Possession Small Amount&lt;br/&gt;"/><marker lat="40.4283526" lng="-79.9774324" zone="Zone 3" incidentdate="2014-07-03" incidenttime="01:51:00" incidentnumber="14127459" address="2000 East Carson Street, Pittsburgh, PA 15203, USA" type="OFFENSE" description="*********************************************** &lt;br/&gt;Marijuana: Possession Small Amount&lt;br/&gt;Resisting Arrest or Other Law Enforcement.&lt;br/&gt;Disorderly Conduct.&lt;br/&gt;Marijuana: Possession Small Amount&lt;br/&gt;Resisting Arrest or Other Law Enforcement.&lt;br/&gt;Disorderly Conduct.&lt;br/&gt;"/><marker lat="40.4283526" lng="-79.9774324" zone="Zone 3" incidentdate="2014-07-03" incidenttime="01:55:00" incidentnumber="14127459" address="2000 East Carson Street, Pittsburgh, PA 15203, USA" type="ARREST" description="*********************************************** &lt;br/&gt;Marijuana: Possession Small Amount&lt;br/&gt;Resisting Arrest or Other Law Enforcement.&lt;br/&gt;Disorderly Conduct.&lt;br/&gt;Marijuana: Possession Small Amount&lt;br/&gt;Resisting Arrest or Other Law Enforcement.&lt;br/&gt;Disorderly Conduct.&lt;br/&gt;"/><marker lat="40.445404" lng="-80.044369" zone="Zone 6" incidentdate="2014-07-03" incidenttime="02:19:00" incidentnumber="14123407" address="1200 Crucible Street, Pittsburgh, PA 15220, USA" type="ARREST" description="*********************************************** &lt;br/&gt;Terroristic Threats.&lt;br/&gt;Indirect Criminal Contempt&lt;br/&gt;"/><marker lat="40.486877" lng="-79.894016" zone="Zone 5" incidentdate="2014-07-03" incidenttime="02:50:00" incidentnumber="14127495" address="900 Freeport Road, Pittsburgh, PA 15238, USA" type="ARREST" description="*********************************************** &lt;br/&gt;Bench Warrant&lt;br/&gt;Bench Warrant&lt;br/&gt;"/><marker lat="40.486877" lng="-79.894016" zone="Zone 5" incidentdate="2014-07-03" incidenttime="02:50:00" incidentnumber="14127495" address="900 Freeport Road, Pittsburgh, PA 15238, USA" type="OFFENSE" description="*********************************************** &lt;br/&gt;Bench Warrant&lt;br/&gt;Bench Warrant&lt;br/&gt;"/><marker lat="40.435349" lng="-79.96135699999999" zone="Zone 4" incidentdate="2014-07-03" incidenttime="02:53:00" incidentnumber="14127498" address="300 Craft Avenue, Pittsburgh, PA 15213, USA" type="OFFENSE" description="*********************************************** &lt;br/&gt;9999 - (Misc. Incident):&lt;br/&gt;"/><marker lat="40.4135139" lng="-79.9897647" zone="Zone 3" incidentdate="2014-07-03" incidenttime="03:00:00" incidentnumber="14125878" address="Grape Street, Pittsburgh, PA 15210, USA" type="ARREST" description="*********************************************** &lt;br/&gt;CRIMINAL MISCHIEF - Intentionally Damages Real Or Personal Property Of Another&lt;br/&gt;CRIMINAL MISCHIEF - Intentionally Damages Real Or Personal Property Of Another&lt;br/&gt;"/><marker lat="40.4666142" lng="-79.92536919999999" zone="Zone 5" incidentdate="2014-07-03" incidenttime="03:15:00" incidentnumber="14127548" address="5800 East Liberty Boulevard, Pittsburgh, PA 15206, USA" type="OFFENSE" description="*********************************************** &lt;br/&gt;Aggravated Assault.&lt;br/&gt;"/><marker lat="40.4666142" lng="-79.92536919999999" zone="Zone 5" incidentdate="2014-07-03" incidenttime="03:15:00" incidentnumber="14127510" address="5800 East Liberty Boulevard, Pittsburgh, PA 15206, USA" type="OFFENSE" description="*********************************************** &lt;br/&gt;Possession of Controlled Substance&lt;br/&gt;Possession w/ Intent to Del. Controlled Substance&lt;br/&gt;Paraphernalia - Use or Possession&lt;br/&gt;"/><marker lat="40.4438895" lng="-79.99386229999999" zone="Zone 2" incidentdate="2014-07-03" incidenttime="03:35:00" incidentnumber="14127496" address="Liberty Avenue &amp; Grant Street, Pittsburgh, PA 15222, USA" type="OFFENSE" description="*********************************************** &lt;br/&gt;Fugitive&lt;br/&gt;Fugitive&lt;br/&gt;"/><marker lat="40.4438895" lng="-79.99386229999999" zone="Zone 2" incidentdate="2014-07-03" incidenttime="03:35:00" incidentnumber="14127496" address="Liberty Avenue &amp; Grant Street, Pittsburgh, PA 15222, USA" type="ARREST" description="*********************************************** &lt;br/&gt;Fugitive&lt;br/&gt;Fugitive&lt;br/&gt;"/><marker lat="40.444541" lng="-79.9634512" zone="Zone 2" incidentdate="2014-07-03" incidenttime="03:45:00" incidentnumber="14127519" address="Allequippa Street, Pittsburgh, PA, USA" type="OFFENSE" description="*********************************************** &lt;br/&gt;Burglary.&lt;br/&gt;"/><marker lat="40.4757207" lng="-79.9987937" zone="Zone 1" incidentdate="2014-07-03" incidenttime="04:19:00" incidentnumber="14127526" address="800 Mount Pleasant Road, Pittsburgh, PA 15214, USA" type="OFFENSE" description="*********************************************** &lt;br/&gt;Accidents Involving Damage to Unattended Veh.or Prop.&lt;br/&gt;"/><marker lat="40.4698245" lng="-80.0137257" zone="Zone 1" incidentdate="2014-07-03" incidenttime="04:45:00" incidentnumber="14127545" address="2800 North Charles Street, Pittsburgh, PA 15214, USA" type="OFFENSE" description="*********************************************** &lt;br/&gt;Criminal Mischief.&lt;br/&gt;"/><marker lat="40.4788423" lng="-80.0431195" zone="Zone 1" incidentdate="2014-07-03" incidenttime="06:00:00" incidentnumber="14127973" address="Ohio River Boulevard &amp; McKees Rocks Bridge, Pittsburgh, PA 15212, USA" type="OFFENSE" description="*********************************************** &lt;br/&gt;Accidents Involving Damage to Attended Veh. or Property&lt;br/&gt;"/><marker lat="40.432798" lng="-79.894986" zone="Zone 4" incidentdate="2014-07-03" incidenttime="06:28:00" incidentnumber="14127549" address="Milton Street, Pittsburgh, PA 15218, USA" type="OFFENSE" description="*********************************************** &lt;br/&gt;Burglary.&lt;br/&gt;"/><marker lat="40.4534488" lng="-79.9351744" zone="Zone 4" incidentdate="2014-07-03" incidenttime="07:00:00" incidentnumber="14127580" address="5500 Ellsworth Avenue, Pittsburgh, PA 15232, USA" type="OFFENSE" description="*********************************************** &lt;br/&gt;Required Financial Responsibility.&lt;br/&gt;"/><marker lat="40.421748" lng="-79.9693717" zone="Zone 3" incidentdate="2014-07-03" incidenttime="07:30:00" incidentnumber="14127573" address="2700 Oakley Way, Pittsburgh, PA 15203, USA" type="OFFENSE" description="*********************************************** &lt;br/&gt;Theft from Vehicle&lt;br/&gt;"/><marker lat="40.441237" lng="-80.003478" zone="Zone 2" incidentdate="2014-07-03" incidenttime="07:40:00" incidentnumber="14127704" address="500 Liberty Avenue, Pittsburgh, PA 15222, USA" type="OFFENSE" description="*********************************************** &lt;br/&gt;Theft of Property Lost, Mislaid or Delivered by Mistake.&lt;br/&gt;"/><marker lat="40.422819" lng="-79.9689252" zone="Zone 3" incidentdate="2014-07-03" incidenttime="07:45:00" incidentnumber="14127592" address="2700 Shelly Street, Pittsburgh, PA 15203, USA" type="OFFENSE" description="*********************************************** &lt;br/&gt;Theft from Vehicle&lt;br/&gt;"/><marker lat="40.42309470000001" lng="-79.9702003" zone="Zone 3" incidentdate="2014-07-03" incidenttime="08:00:00" incidentnumber="14127649" address="2600 Stella Street, Pittsburgh, PA 15203, USA" type="OFFENSE" description="*********************************************** &lt;br/&gt;Theft from Vehicle&lt;br/&gt;Access Device Fraud&lt;br/&gt;"/><marker lat="40.4304818" lng="-79.9817526" zone="Zone 3" incidentdate="2014-07-03" incidenttime="08:00:00" incidentnumber="14127651" address="1700 Wharton Street, Pittsburgh, PA 15203, USA" type="OFFENSE" description="*********************************************** &lt;br/&gt;Theft from Vehicle&lt;br/&gt;"/><marker lat="40.4183825" lng="-79.9759517" zone="Zone 3" incidentdate="2014-07-03" incidenttime="08:00:00" incidentnumber="14127630" address="1500 Fernleaf Street, Pittsburgh, PA 15210, USA" type="OFFENSE" description="*********************************************** &lt;br/&gt;Criminal Mischief.&lt;br/&gt;"/><marker lat="40.3941253" lng="-79.9841825" zone="Zone 3" incidentdate="2014-07-03" incidenttime="08:15:00" incidentnumber="14127639" address="100 Scout Avenue, Pittsburgh, PA 15210, USA" type="OFFENSE" description="*********************************************** &lt;br/&gt;Theft from Vehicle&lt;br/&gt;"/><marker lat="40.4572594" lng="-79.93404559999999" zone="Zone 4" incidentdate="2014-07-03" incidenttime="08:15:00" incidentnumber="14127610" address="Centre Avenue &amp; South Negley Avenue, Pittsburgh, PA 15206, USA" type="OFFENSE" description="*********************************************** &lt;br/&gt;Accidents Involving Damage to Attended Veh. or Property&lt;br/&gt;"/><marker lat="40.421536" lng="-79.9935859" zone="Zone 3" incidentdate="2014-07-03" incidenttime="08:20:00" incidentnumber="14127679" address="800 East Warrington Avenue, Pittsburgh, PA 15210, USA" type="OFFENSE" description="*********************************************** &lt;br/&gt;Found Property&lt;br/&gt;"/><marker lat="40.4569902" lng="-80.0145636" zone="Zone 1" incidentdate="2014-07-03" incidenttime="08:30:00" incidentnumber="14127627" address="700 Jacksonia Street, Pittsburgh, PA 15212, USA" type="OFFENSE" description="*********************************************** &lt;br/&gt;Accidents Involving Damage to Unattended Veh.or Prop.&lt;br/&gt;"/><marker lat="40.4739499" lng="-80.02882679999999" zone="Zone 1" incidentdate="2014-07-03" incidenttime="08:40:00" incidentnumber="14127596" address="3100 Brighton Road, Pittsburgh, PA 15212, USA" type="OFFENSE" description="*********************************************** &lt;br/&gt;False  Burglar Alarm&lt;br/&gt;"/><marker lat="40.4592461" lng="-80.00560279999999" zone="Zone 1" incidentdate="2014-07-03" incidenttime="09:27:00" incidentnumber="14122642" address="1600 Sandusky Court, Pittsburgh, PA 15212, USA" type="ARREST" description="*********************************************** &lt;br/&gt;Paraphernalia - Use or Possession&lt;br/&gt;Registration and Certificate of Title Required.&lt;br/&gt;Required Financial Responsibility.&lt;br/&gt;Receiving Stolen Property.&lt;br/&gt;Altered, Forged or Counterfeit Documents and Plates&lt;br/&gt;Paraphernalia - Use or Possession&lt;br/&gt;Registration and Certificate of Title Required.&lt;br/&gt;Required Financial Responsibility.&lt;br/&gt;Receiving Stolen Property.&lt;br/&gt;Altered, Forged or Counterfeit Documents and Plates&lt;br/&gt;Paraphernalia - Use or Possession&lt;br/&gt;Registration and Certificate of Title Required.&lt;br/&gt;Required Financial Responsibility.&lt;br/&gt;Receiving Stolen Property.&lt;br/&gt;Altered, Forged or Counterfeit Documents and Plates&lt;br/&gt;Paraphernalia - Use or Possession&lt;br/&gt;Registration and Certificate of Title Required.&lt;br/&gt;Required Financial Responsibility.&lt;br/&gt;Receiving Stolen Property.&lt;br/&gt;Altered, Forged or Counterfeit Documents and Plates&lt;br/&gt;Paraphernalia - Use or Possession&lt;br/&gt;Registration and Certificate of Title Required.&lt;br/&gt;Required Financial Responsibility.&lt;br/&gt;Receiving Stolen Property.&lt;br/&gt;Altered, Forged or Counterfeit Documents and Plates&lt;br/&gt;Paraphernalia - Use or Possession&lt;br/&gt;Registration and Certificate of Title Required.&lt;br/&gt;Required Financial Responsibility.&lt;br/&gt;Receiving Stolen Property.&lt;br/&gt;Altered, Forged or Counterfeit Documents and Plates&lt;br/&gt;Failure To Appear/Arrest on Attachment Order&lt;br/&gt;"/><marker lat="40.4605708" lng="-80.0071651" zone="Zone 1" incidentdate="2014-07-03" incidenttime="09:30:00" incidentnumber="14127641" address="1700 Belleau Drive, Pittsburgh, PA 15212, USA" type="OFFENSE" description="*********************************************** &lt;br/&gt;Accidents Involving Damage to Unattended Veh.or Prop.&lt;br/&gt;"/><marker lat="40.4304878" lng="-79.99891319999999" zone="Zone 2" incidentdate="2014-07-03" incidenttime="09:30:00" incidentnumber="14111096" address="South 2nd Street, Pittsburgh, PA 15219, USA" type="ARREST" description="*********************************************** &lt;br/&gt;Aggravated Assault.&lt;br/&gt;"/><marker lat="40.444487" lng="-80.0439324" zone="Zone 2" incidentdate="2014-07-03" incidenttime="10:00:00" incidentnumber="14123110" address="Crucible Saint 2, Pittsburgh, PA 15220, USA" type="ARREST" description="*********************************************** &lt;br/&gt;Simple Assault - Attempts by Physical Menace&lt;br/&gt;Simple Assault - Attempts by Physical Menace&lt;br/&gt;Recklessly Endangering Another Person.&lt;br/&gt;"/><marker lat="40.42028699999999" lng="-79.9325181" zone="Zone 4" incidentdate="2014-07-03" incidenttime="10:37:00" incidentnumber="14127713" address="600 Exeter Street, Pittsburgh, PA 15217, USA" type="OFFENSE" description="*********************************************** &lt;br/&gt;Harassment (Non-Specific)&lt;br/&gt;"/><marker lat="40.4722505" lng="-79.9282185" zone="Zone 5" incidentdate="2014-07-03" incidenttime="10:45:00" incidentnumber="14127666" address="5500 Stanton Avenue, Pittsburgh, PA 15206, USA" type="OFFENSE" description="*********************************************** &lt;br/&gt;Theft by Unlawful Taking or Disposition - Movable item&lt;br/&gt;"/><marker lat="40.462061" lng="-79.992216" zone="Zone 1" incidentdate="2014-07-03" incidenttime="11:00:00" incidentnumber="14127749" address="1200 Itin Street, Pittsburgh, PA 15212, USA" type="OFFENSE" description="*********************************************** &lt;br/&gt;9999 - (Misc. Incident):&lt;br/&gt;"/><marker lat="40.4921762" lng="-79.9383751" zone="Zone 2" incidentdate="2014-07-03" incidenttime="11:30:00" incidentnumber="14109681" address="1st Street, Pittsburgh, PA, USA" type="ARREST" description="*********************************************** &lt;br/&gt;Criminal Mischief.&lt;br/&gt;Theft by Unlawful Taking or Disposition.&lt;br/&gt;Criminal Conspiracy.&lt;br/&gt;Criminal Mischief.&lt;br/&gt;Theft by Unlawful Taking or Disposition.&lt;br/&gt;Criminal Conspiracy.&lt;br/&gt;Criminal Mischief.&lt;br/&gt;Theft by Unlawful Taking or Disposition.&lt;br/&gt;Criminal Conspiracy.&lt;br/&gt;Criminal Mischief.&lt;br/&gt;Theft by Unlawful Taking or Disposition.&lt;br/&gt;Criminal Conspiracy.&lt;br/&gt;Criminal Mischief.&lt;br/&gt;Theft by Unlawful Taking or Disposition.&lt;br/&gt;Criminal Conspiracy.&lt;br/&gt;Criminal Mischief.&lt;br/&gt;Theft by Unlawful Taking or Disposition.&lt;br/&gt;Criminal Conspiracy.&lt;br/&gt;Criminal Mischief.&lt;br/&gt;Theft by Unlawful Taking or Disposition.&lt;br/&gt;Criminal Conspiracy.&lt;br/&gt;"/><marker lat="40.4921762" lng="-79.9383751" zone="Zone 2" incidentdate="2014-07-03" incidenttime="11:30:00" incidentnumber="14109681" address="1st Street, Pittsburgh, PA, USA" type="ARREST" description="*********************************************** &lt;br/&gt;Criminal Mischief.&lt;br/&gt;Theft by Unlawful Taking or Disposition.&lt;br/&gt;Criminal Conspiracy.&lt;br/&gt;Criminal Mischief.&lt;br/&gt;Theft by Unlawful Taking or Disposition.&lt;br/&gt;Criminal Conspiracy.&lt;br/&gt;Criminal Mischief.&lt;br/&gt;Theft by Unlawful Taking or Disposition.&lt;br/&gt;Criminal Conspiracy.&lt;br/&gt;Criminal Mischief.&lt;br/&gt;Theft by Unlawful Taking or Disposition.&lt;br/&gt;Criminal Conspiracy.&lt;br/&gt;Criminal Mischief.&lt;br/&gt;Theft by Unlawful Taking or Disposition.&lt;br/&gt;Criminal Conspiracy.&lt;br/&gt;Criminal Mischief.&lt;br/&gt;Theft by Unlawful Taking or Disposition.&lt;br/&gt;Criminal Conspiracy.&lt;br/&gt;Criminal Mischief.&lt;br/&gt;Theft by Unlawful Taking or Disposition.&lt;br/&gt;Criminal Conspiracy.&lt;br/&gt;"/><marker lat="40.4921762" lng="-79.9383751" zone="Zone 2" incidentdate="2014-07-03" incidenttime="11:30:00" incidentnumber="14109681" address="1st Street, Pittsburgh, PA, USA" type="ARREST" description="*********************************************** &lt;br/&gt;Criminal Mischief.&lt;br/&gt;Theft by Unlawful Taking or Disposition.&lt;br/&gt;Criminal Conspiracy.&lt;br/&gt;Criminal Mischief.&lt;br/&gt;Theft by Unlawful Taking or Disposition.&lt;br/&gt;Criminal Conspiracy.&lt;br/&gt;Criminal Mischief.&lt;br/&gt;Theft by Unlawful Taking or Disposition.&lt;br/&gt;Criminal Conspiracy.&lt;br/&gt;Criminal Mischief.&lt;br/&gt;Theft by Unlawful Taking or Disposition.&lt;br/&gt;Criminal Conspiracy.&lt;br/&gt;Criminal Mischief.&lt;br/&gt;Theft by Unlawful Taking or Disposition.&lt;br/&gt;Criminal Conspiracy.&lt;br/&gt;Criminal Mischief.&lt;br/&gt;Theft by Unlawful Taking or Disposition.&lt;br/&gt;Criminal Conspiracy.&lt;br/&gt;Criminal Mischief.&lt;br/&gt;Theft by Unlawful Taking or Disposition.&lt;br/&gt;Criminal Conspiracy.&lt;br/&gt;"/><marker lat="40.4921762" lng="-79.9383751" zone="Zone 2" incidentdate="2014-07-03" incidenttime="11:30:00" incidentnumber="14109681" address="1st Street, Pittsburgh, PA, USA" type="ARREST" description="*********************************************** &lt;br/&gt;Criminal Mischief.&lt;br/&gt;Theft by Unlawful Taking or Disposition.&lt;br/&gt;Criminal Conspiracy.&lt;br/&gt;Criminal Mischief.&lt;br/&gt;Theft by Unlawful Taking or Disposition.&lt;br/&gt;Criminal Conspiracy.&lt;br/&gt;Criminal Mischief.&lt;br/&gt;Theft by Unlawful Taking or Disposition.&lt;br/&gt;Criminal Conspiracy.&lt;br/&gt;Criminal Mischief.&lt;br/&gt;Theft by Unlawful Taking or Disposition.&lt;br/&gt;Criminal Conspiracy.&lt;br/&gt;Criminal Mischief.&lt;br/&gt;Theft by Unlawful Taking or Disposition.&lt;br/&gt;Criminal Conspiracy.&lt;br/&gt;Criminal Mischief.&lt;br/&gt;Theft by Unlawful Taking or Disposition.&lt;br/&gt;Criminal Conspiracy.&lt;br/&gt;Criminal Mischief.&lt;br/&gt;Theft by Unlawful Taking or Disposition.&lt;br/&gt;Criminal Conspiracy.&lt;br/&gt;"/><marker lat="40.4629419" lng="-79.93012879999999" zone="Zone 5" incidentdate="2014-07-03" incidenttime="11:30:00" incidentnumber="14127707" address="5600 Penn Avenue, Pittsburgh, PA 15206, USA" type="OFFENSE" description="*********************************************** &lt;br/&gt;Criminal Mischief.&lt;br/&gt;"/><marker lat="40.4477936" lng="-80.0037296" zone="Zone 1" incidentdate="2014-07-03" incidenttime="12:00:00" incidentnumber="14127739" address="100 Federal Street, Pittsburgh, PA 15212, USA" type="OFFENSE" description="*********************************************** &lt;br/&gt;Theft by Unlawful Taking or Disposition.&lt;br/&gt;"/><marker lat="40.486062" lng="-79.9122081" zone="Zone 5" incidentdate="2014-07-03" incidenttime="12:00:00" incidentnumber="14127869" address="Highland Park Bridge &amp; Washington Boulevard, Pittsburgh, PA 15206, USA" type="OFFENSE" description="*********************************************** &lt;br/&gt;"/><marker lat="40.45618109999999" lng="-80.00267769999999" zone="Zone 1" incidentdate="2014-07-03" incidenttime="12:06:00" incidentnumber="14127723" address="East North Avenue &amp; Cedar Avenue, Pittsburgh, PA 15212, USA" type="OFFENSE" description="*********************************************** &lt;br/&gt;Paraphernalia - Use or Possession&lt;br/&gt;Paraphernalia - Use or Possession&lt;br/&gt;"/><marker lat="40.45618109999999" lng="-80.00267769999999" zone="Zone 1" incidentdate="2014-07-03" incidenttime="12:10:00" incidentnumber="14127723" address="East North Avenue &amp; Cedar Avenue, Pittsburgh, PA 15212, USA" type="ARREST" description="*********************************************** &lt;br/&gt;Paraphernalia - Use or Possession&lt;br/&gt;Paraphernalia - Use or Possession&lt;br/&gt;"/><marker lat="40.4596032" lng="-79.8876129" zone="Zone 5" incidentdate="2014-07-03" incidenttime="12:25:00" incidentnumber="14127786" address="1300 Ferris Court, Pittsburgh, PA 15208, USA" type="OFFENSE" description="*********************************************** &lt;br/&gt;9999 - (Misc. Incident):&lt;br/&gt;"/><marker lat="40.4570732" lng="-79.89495409999999" zone="Zone 5" incidentdate="2014-07-03" incidenttime="12:27:00" incidentnumber="14127740" address="7200 Frankstown Avenue, Pittsburgh, PA 15208, USA" type="OFFENSE" description="*********************************************** &lt;br/&gt;Theft by Unlawful Taking or Disposition.&lt;br/&gt;"/><marker lat="40.393626" lng="-80.0230947" zone="Zone 6" incidentdate="2014-07-03" incidenttime="12:30:00" incidentnumber="14127921" address="2700 Castlegate Avenue, Pittsburgh, PA 15226, USA" type="OFFENSE" description="*********************************************** &lt;br/&gt;Theft by Unlawful Taking or Disposition.&lt;br/&gt;"/><marker lat="40.4439465" lng="-79.9767445" zone="Zone 2" incidentdate="2014-07-03" incidenttime="12:35:00" incidentnumber="14127758" address="Rose Street &amp; Elmore Street, Pittsburgh, PA 15219, USA" type="OFFENSE" description="*********************************************** &lt;br/&gt;Industrial Accident&lt;br/&gt;"/><marker lat="40.4452876" lng="-80.01355579999999" zone="Zone 1" incidentdate="2014-07-03" incidenttime="12:48:00" incidentnumber="14127760" address="North Shore Drive, Pittsburgh, PA 15212, USA" type="OFFENSE" description="*********************************************** &lt;br/&gt;Found Property&lt;br/&gt;"/><marker lat="40.4265394" lng="-79.9704143" zone="Zone 3" incidentdate="2014-07-03" incidenttime="12:50:00" incidentnumber="14127770" address="2500 Larkins Way, Pittsburgh, PA 15203, USA" type="OFFENSE" description="*********************************************** &lt;br/&gt;Dead on Arrival (DOA)&lt;br/&gt;"/><marker lat="40.441381" lng="-80.0021092" zone="Zone 2" incidentdate="2014-07-03" incidenttime="12:54:00" incidentnumber="14127763" address="Fifth Avenue &amp; Market Street, Pittsburgh, PA 15222, USA" type="OFFENSE" description="*********************************************** &lt;br/&gt;Possession of Controlled Substance&lt;br/&gt;Possession w/ Intent to Del. Controlled Substance&lt;br/&gt;Marijuana: Possession Small Amount&lt;br/&gt;"/><marker lat="40.407177" lng="-79.94131399999999" zone="Zone 4" incidentdate="2014-07-03" incidenttime="13:00:00" incidentnumber="14177764" address="200 East Elizabeth Street, Pittsburgh, PA 15207, USA" type="OFFENSE" description="*********************************************** &lt;br/&gt;Simple Assault.&lt;br/&gt;Simple Assault.&lt;br/&gt;"/><marker lat="40.4543216" lng="-80.0051587" zone="Zone 1" incidentdate="2014-07-03" incidenttime="13:26:00" incidentnumber="14127787" address="Montgomery Place, Pittsburgh, PA 15212, USA" type="OFFENSE" description="*********************************************** &lt;br/&gt;Possession of Controlled Substance&lt;br/&gt;(a) Disruptive activity prepetrataed/caused/permitted on property by owner(s)/tenant(s)/occupant(s)/invitee(s) of the property&lt;br/&gt;Possession of Controlled Substance&lt;br/&gt;(a) Disruptive activity prepetrataed/caused/permitted on property by owner(s)/tenant(s)/occupant(s)/invitee(s) of the property&lt;br/&gt;"/><marker lat="40.479171" lng="-79.95005570000001" zone="Zone 2" incidentdate="2014-07-03" incidenttime="13:29:00" incidentnumber="14127791" address="McCandless Avenue, Pittsburgh, PA 15201, USA" type="OFFENSE" description="*********************************************** &lt;br/&gt;Industrial Accident&lt;br/&gt;"/><marker lat="40.407177" lng="-79.94131399999999" zone="Zone 4" incidentdate="2014-07-03" incidenttime="13:30:00" incidentnumber="14177764" address="200 East Elizabeth Street, Pittsburgh, PA 15207, USA" type="ARREST" description="*********************************************** &lt;br/&gt;Simple Assault.&lt;br/&gt;Simple Assault.&lt;br/&gt;"/><marker lat="40.457176" lng="-79.9933547" zone="Zone 1" incidentdate="2014-07-03" incidenttime="13:37:00" incidentnumber="14127798" address="Rickenbach Street, Pittsburgh, PA 15212, USA" type="OFFENSE" description="*********************************************** &lt;br/&gt;Simple Assault.&lt;br/&gt;"/><marker lat="40.4069768" lng="-80.004245" zone="Zone 3" incidentdate="2014-07-03" incidenttime="13:40:00" incidentnumber="14127794" address="Saw Mill Run Boulevard, PA, USA" type="OFFENSE" description="*********************************************** &lt;br/&gt;Bench Warrant&lt;br/&gt;Bench Warrant&lt;br/&gt;"/><marker lat="40.4617317" lng="-79.925741" zone="Zone 5" incidentdate="2014-07-03" incidenttime="13:53:00" incidentnumber="14127897" address="Penn Avenue &amp; North Whitfield Street, Pittsburgh, PA 15206, USA" type="OFFENSE" description="*********************************************** &lt;br/&gt;9999 - (Misc. Incident):&lt;br/&gt;"/><marker lat="40.4543216" lng="-80.0051587" zone="Zone 1" incidentdate="2014-07-03" incidenttime="13:55:00" incidentnumber="14127787" address="Montgomery Place, Pittsburgh, PA 15212, USA" type="ARREST" description="*********************************************** &lt;br/&gt;Possession of Controlled Substance&lt;br/&gt;(a) Disruptive activity prepetrataed/caused/permitted on property by owner(s)/tenant(s)/occupant(s)/invitee(s) of the property&lt;br/&gt;Possession of Controlled Substance&lt;br/&gt;(a) Disruptive activity prepetrataed/caused/permitted on property by owner(s)/tenant(s)/occupant(s)/invitee(s) of the property&lt;br/&gt;"/><marker lat="40.4565226" lng="-80.0154659" zone="Zone 1" incidentdate="2014-07-03" incidenttime="14:00:00" incidentnumber="14119390" address="1500 Brighton Road, Pittsburgh, PA 15212, USA" type="ARREST" description="*********************************************** &lt;br/&gt;Simple Assault.&lt;br/&gt;Recklessly Endangering Another Person.&lt;br/&gt;"/><marker lat="40.4069768" lng="-80.004245" zone="Zone 3" incidentdate="2014-07-03" incidenttime="14:00:00" incidentnumber="14127794" address="Saw Mill Run Boulevard, PA, USA" type="ARREST" description="*********************************************** &lt;br/&gt;Bench Warrant&lt;br/&gt;Bench Warrant&lt;br/&gt;"/><marker lat="40.41770080000001" lng="-79.9958152" zone="Zone 3" incidentdate="2014-07-03" incidenttime="14:06:00" incidentnumber="14127821" address="400 Orchard Place, Pittsburgh, PA 15210, USA" type="OFFENSE" description="*********************************************** &lt;br/&gt;9999 - (Misc. Incident):&lt;br/&gt;"/><marker lat="40.4676426" lng="-79.9799366" zone="Zone 1" incidentdate="2014-07-03" incidenttime="14:12:00" incidentnumber="14127823" address="2000 Lowrie Street, Pittsburgh, PA 15212, USA" type="OFFENSE" description="*********************************************** &lt;br/&gt;False  Burglar Alarm&lt;br/&gt;"/><marker lat="40.3878152" lng="-79.9609363" zone="Zone 3" incidentdate="2014-07-03" incidenttime="14:13:00" incidentnumber="14127822" address="Walton Road, Pittsburgh, PA, USA" type="OFFENSE" description="*********************************************** &lt;br/&gt;Dead on Arrival (DOA)&lt;br/&gt;"/><marker lat="40.42861449999999" lng="-79.985176" zone="Zone 3" incidentdate="2014-07-03" incidenttime="14:20:00" incidentnumber="14115881" address="1300 East Carson Street, Pittsburgh, PA 15203, USA" type="ARREST" description="*********************************************** &lt;br/&gt;Aggravated Assault.&lt;br/&gt;Aggravated Assault.&lt;br/&gt;"/><marker lat="40.428573" lng="-79.9776208" zone="Zone 3" incidentdate="2014-07-03" incidenttime="14:30:00" incidentnumber="14127879" address="East Carson Street &amp; South 20th Street, Pittsburgh, PA 15203, USA" type="OFFENSE" description="*********************************************** &lt;br/&gt;Theft from Vehicle&lt;br/&gt;"/><marker lat="40.454278" lng="-79.946552" zone="Zone 5" incidentdate="2014-07-03" incidenttime="14:50:00" incidentnumber="14127954" address="4900 Baum Boulevard, Pittsburgh, PA 15213, USA" type="OFFENSE" description="*********************************************** &lt;br/&gt;Accidents Involving Damage to Attended Veh. or Property&lt;br/&gt;"/><marker lat="40.412015" lng="-79.99040819999999" zone="Zone 3" incidentdate="2014-07-03" incidenttime="15:00:00" incidentnumber="14127886" address="Knox Avenue &amp; Marland Avenue, Pittsburgh, PA 15210, USA" type="OFFENSE" description="*********************************************** &lt;br/&gt;Accidents Involving Damage to Attended Veh. or Property&lt;br/&gt;"/><marker lat="40.4809546" lng="-79.9360674" zone="Zone 5" incidentdate="2014-07-03" incidenttime="15:00:00" incidentnumber="14127874" address="100 West Stanton Court, Pittsburgh, PA 15201, USA" type="OFFENSE" description="*********************************************** &lt;br/&gt;Harassment by Physical Contact, or Attempts or Threats&lt;br/&gt;"/><marker lat="40.440343" lng="-79.998094" zone="Zone 2" incidentdate="2014-07-03" incidenttime="15:06:00" incidentnumber="14127849" address="500 Smithfield Street, Pittsburgh, PA 15222, USA" type="OFFENSE" description="*********************************************** &lt;br/&gt;Simple Assault - Attempts by Physical Menace&lt;br/&gt;Harassment by Physical Contact, or Attempts or Threats&lt;br/&gt;Receiving Stolen Property.&lt;br/&gt;"/><marker lat="40.44212" lng="-80.0316022" zone="Zone 6" incidentdate="2014-07-03" incidenttime="15:10:00" incidentnumber="14094903" address="300 South Main Street, Pittsburgh, PA 15220, USA" type="ARREST" description="*********************************************** &lt;br/&gt;Robbery.&lt;br/&gt;Criminal Conspiracy.&lt;br/&gt;Robbery.&lt;br/&gt;Criminal Conspiracy.&lt;br/&gt;Robbery.&lt;br/&gt;Robbery.&lt;br/&gt;Criminal Conspiracy.&lt;br/&gt;"/><marker lat="40.44212" lng="-80.0316022" zone="Zone 6" incidentdate="2014-07-03" incidenttime="15:10:00" incidentnumber="14090000" address="300 South Main Street, Pittsburgh, PA 15220, USA" type="ARREST" description="*********************************************** &lt;br/&gt;Robbery.&lt;br/&gt;Criminal Conspiracy.&lt;br/&gt;Robbery.&lt;br/&gt;Criminal Conspiracy.&lt;br/&gt;"/><marker lat="40.4577211" lng="-79.9974885" zone="Zone 1" incidentdate="2014-07-03" incidenttime="15:18:00" incidentnumber="14127854" address="800 Concord Street, Pittsburgh, PA 15212, USA" type="OFFENSE" description="*********************************************** &lt;br/&gt;Terroristic Threats.&lt;br/&gt;Criminal Trespass&lt;br/&gt;"/><marker lat="40.4402495" lng="-79.9582152" zone="Zone 4" incidentdate="2014-07-03" incidenttime="15:25:00" incidentnumber="14127901" address="200 Meyran Avenue, Pittsburgh, PA 15213, USA" type="OFFENSE" description="*********************************************** &lt;br/&gt;Theft by Unlawful Taking or Disposition.&lt;br/&gt;"/><marker lat="40.528434" lng="-80.0246124" zone="Zone 2" incidentdate="2014-07-03" incidenttime="15:30:00" incidentnumber="14127937" address="4th Avenue, Pittsburgh, PA 15229, USA" type="OFFENSE" description="*********************************************** &lt;br/&gt;Theft by Unlawful Taking or Disposition.&lt;br/&gt;"/><marker lat="40.4404573" lng="-79.9543802" zone="Zone 4" incidentdate="2014-07-03" incidenttime="15:30:00" incidentnumber="14127896" address="300 South Bouquet Street, University of Pittsburgh, Bouquet Gardens, Pittsburgh, PA 15213, USA" type="OFFENSE" description="*********************************************** &lt;br/&gt;Accidents Involving Damage to Unattended Veh.or Prop.&lt;br/&gt;"/><marker lat="40.4702156" lng="-80.0126609" zone="Zone 1" incidentdate="2014-07-03" incidenttime="15:33:00" incidentnumber="14127866" address="2600 Norwood Avenue, Pittsburgh, PA 15214, USA" type="OFFENSE" description="*********************************************** &lt;br/&gt;Simple Assault.&lt;br/&gt;Simple Assault.&lt;br/&gt;Simple Assault.&lt;br/&gt;"/><marker lat="40.4702156" lng="-80.0126609" zone="Zone 1" incidentdate="2014-07-03" incidenttime="15:35:00" incidentnumber="14127866" address="2600 Norwood Avenue, Pittsburgh, PA 15214, USA" type="ARREST" description="*********************************************** &lt;br/&gt;Simple Assault.&lt;br/&gt;Simple Assault.&lt;br/&gt;Simple Assault.&lt;br/&gt;"/><marker lat="40.4702156" lng="-80.0126609" zone="Zone 1" incidentdate="2014-07-03" incidenttime="15:35:00" incidentnumber="14127866" address="2600 Norwood Avenue, Pittsburgh, PA 15214, USA" type="ARREST" description="*********************************************** &lt;br/&gt;Simple Assault.&lt;br/&gt;Simple Assault.&lt;br/&gt;Simple Assault.&lt;br/&gt;"/><marker lat="40.3873283" lng="-79.98379709999999" zone="Zone 3" incidentdate="2014-07-03" incidenttime="15:35:00" incidentnumber="14128074" address="Brownsville Road &amp; Becks Run Road, Pittsburgh, PA 15210, USA" type="OFFENSE" description="*********************************************** &lt;br/&gt;9999 - (Misc. Incident):&lt;br/&gt;"/><marker lat="40.4621164" lng="-79.9856543" zone="Zone 1" incidentdate="2014-07-03" incidenttime="15:37:00" incidentnumber="14127873" address="1500 Hatteras Street, Pittsburgh, PA 15212, USA" type="OFFENSE" description="*********************************************** &lt;br/&gt;Accidents Involving Death or Personal Injury&lt;br/&gt;"/><marker lat="40.4230835" lng="-80.01163960000001" zone="Zone 3" incidentdate="2014-07-03" incidenttime="15:45:00" incidentnumber="14127876" address="Southern Avenue, Pittsburgh, PA 15211, USA" type="ARREST" description="*********************************************** &lt;br/&gt;Possession of Controlled Substance&lt;br/&gt;Possession w/ Intent to Del. Controlled Substance&lt;br/&gt;Renewal of Registration.&lt;br/&gt;Recklessly Endangering Another Person.&lt;br/&gt;Obedience to Traffic-Control Devices.&lt;br/&gt;Overtaking Vehicle on the Left.&lt;br/&gt;Stop Signs and Yield Signs.&lt;br/&gt;Turning Movements and Required Signals.&lt;br/&gt;Fleeing or Attempting to Elude Police Officer&lt;br/&gt;Reckless Driving&lt;br/&gt;Accidents Involving Damage to Attended Veh. or Property&lt;br/&gt;Tampering with or Fabricating Physical Evidence.&lt;br/&gt;Resisting Arrest or Other Law Enforcement.&lt;br/&gt;Possession of Controlled Substance&lt;br/&gt;Possession w/ Intent to Del. Controlled Substance&lt;br/&gt;Renewal of Registration.&lt;br/&gt;Recklessly Endangering Another Person.&lt;br/&gt;Obedience to Traffic-Control Devices.&lt;br/&gt;Overtaking Vehicle on the Left.&lt;br/&gt;Stop Signs and Yield Signs.&lt;br/&gt;Turning Movements and Required Signals.&lt;br/&gt;Fleeing or Attempting to Elude Police Officer&lt;br/&gt;Reckless Driving&lt;br/&gt;Accidents Involving Damage to Attended Veh. or Property&lt;br/&gt;Tampering with or Fabricating Physical Evidence.&lt;br/&gt;Resisting Arrest or Other Law Enforcement.&lt;br/&gt;"/><marker lat="40.4404573" lng="-79.9543802" zone="Zone 4" incidentdate="2014-07-03" incidenttime="15:45:00" incidentnumber="14127928" address="300 South Bouquet Street, University of Pittsburgh, Bouquet Gardens, Pittsburgh, PA 15213, USA" type="OFFENSE" description="*********************************************** &lt;br/&gt;Accidents Involving Damage to Unattended Veh.or Prop.&lt;br/&gt;"/><marker lat="40.4386603" lng="-79.9972112" zone="Zone 2" incidentdate="2014-07-03" incidenttime="16:00:00" incidentnumber="14128065" address="Forbes Avenue &amp; Grant Street, Pittsburgh, PA 15219, USA" type="OFFENSE" description="*********************************************** &lt;br/&gt;9999 - (Misc. Incident):&lt;br/&gt;"/><marker lat="40.4008619" lng="-79.988511" zone="Zone 3" incidentdate="2014-07-03" incidenttime="16:00:00" incidentnumber="14127943" address="100 The Boulevard, Pittsburgh, PA 15210, USA" type="OFFENSE" description="*********************************************** &lt;br/&gt;Possession of Controlled Substance&lt;br/&gt;Possession w/ Intent to Del. Controlled Substance&lt;br/&gt;Paraphernalia - Use or Possession&lt;br/&gt;Driving While Operating Privilege is Suspended or Revoked.&lt;br/&gt;Unauthorized Use of Automobile and Other Vehicles.&lt;br/&gt;False Identification to Law Enforcement&lt;br/&gt;Contraband.&lt;br/&gt;Possession of Controlled Substance&lt;br/&gt;Possession w/ Intent to Del. Controlled Substance&lt;br/&gt;Driving While Operating Privilege is Suspended or Revoked.&lt;br/&gt;Unauthorized Use of Automobile and Other Vehicles.&lt;br/&gt;Possession of Controlled Substance&lt;br/&gt;Possession of Controlled Substance&lt;br/&gt;Paraphernalia - Use or Possession&lt;br/&gt;False Identification to Law Enforcement&lt;br/&gt;Contraband.&lt;br/&gt;"/><marker lat="40.4650204" lng="-79.919955" zone="Zone 5" incidentdate="2014-07-03" incidenttime="16:10:00" incidentnumber="14127893" address="East Liberty Boulevard &amp; Centre Avenue, Pittsburgh, PA 15206, USA" type="OFFENSE" description="*********************************************** &lt;br/&gt;Accidents and Accident Reports.&lt;br/&gt;"/><marker lat="40.4558906" lng="-80.004584" zone="Zone 1" incidentdate="2014-07-03" incidenttime="16:20:00" incidentnumber="14096494" address="East North Avenue &amp; Sandusky Street, Pittsburgh, PA 15212, USA" type="ARREST" description="*********************************************** &lt;br/&gt;Simple Assault.&lt;br/&gt;"/><marker lat="40.498195" lng="-79.85375599999999" zone="Zone 5" incidentdate="2014-07-03" incidenttime="16:26:00" incidentnumber="14127910" address="800 Freeport Road, Pittsburgh, PA 15238, USA" type="OFFENSE" description="*********************************************** &lt;br/&gt;9999 - (Misc. Incident):&lt;br/&gt;"/><marker lat="40.4230835" lng="-80.01163960000001" zone="Zone 3" incidentdate="2014-07-03" incidenttime="16:30:00" incidentnumber="14127876" address="Southern Avenue, Pittsburgh, PA 15211, USA" type="OFFENSE" description="*********************************************** &lt;br/&gt;Possession of Controlled Substance&lt;br/&gt;Possession w/ Intent to Del. Controlled Substance&lt;br/&gt;Renewal of Registration.&lt;br/&gt;Recklessly Endangering Another Person.&lt;br/&gt;Obedience to Traffic-Control Devices.&lt;br/&gt;Overtaking Vehicle on the Left.&lt;br/&gt;Stop Signs and Yield Signs.&lt;br/&gt;Turning Movements and Required Signals.&lt;br/&gt;Fleeing or Attempting to Elude Police Officer&lt;br/&gt;Reckless Driving&lt;br/&gt;Accidents Involving Damage to Attended Veh. or Property&lt;br/&gt;Tampering with or Fabricating Physical Evidence.&lt;br/&gt;Resisting Arrest or Other Law Enforcement.&lt;br/&gt;Possession of Controlled Substance&lt;br/&gt;Possession w/ Intent to Del. Controlled Substance&lt;br/&gt;Renewal of Registration.&lt;br/&gt;Recklessly Endangering Another Person.&lt;br/&gt;Obedience to Traffic-Control Devices.&lt;br/&gt;Overtaking Vehicle on the Left.&lt;br/&gt;Stop Signs and Yield Signs.&lt;br/&gt;Turning Movements and Required Signals.&lt;br/&gt;Fleeing or Attempting to Elude Police Officer&lt;br/&gt;Reckless Driving&lt;br/&gt;Accidents Involving Damage to Attended Veh. or Property&lt;br/&gt;Tampering with or Fabricating Physical Evidence.&lt;br/&gt;Resisting Arrest or Other Law Enforcement.&lt;br/&gt;"/><marker lat="40.40944590000001" lng="-79.944118" zone="Zone 4" incidentdate="2014-07-03" incidenttime="16:30:00" incidentnumber="14127970" address="Hazelwood Family Health Center, 4918 2nd Ave, Pittsburgh, PA 15207, USA" type="OFFENSE" description="*********************************************** &lt;br/&gt;CRIMINAL MISCHIEF - Intentionally Damages Real Or Personal Property Of Another&lt;br/&gt;"/><marker lat="40.4520989" lng="-80.016762" zone="Zone 1" incidentdate="2014-07-03" incidenttime="16:50:00" incidentnumber="14127935" address="900 Western Avenue, Pittsburgh, PA 15233, USA" type="OFFENSE" description="*********************************************** &lt;br/&gt;Burglary.&lt;br/&gt;"/><marker lat="40.44602039999999" lng="-80.0153356" zone="Zone 1" incidentdate="2014-07-03" incidenttime="16:54:00" incidentnumber="14127939" address="100 Art Rooney Avenue, Pittsburgh, PA 15212, USA" type="OFFENSE" description="*********************************************** &lt;br/&gt;Simple Assault.&lt;br/&gt;Criminal Mischief.&lt;br/&gt;Resisting Arrest or Other Law Enforcement.&lt;br/&gt;Disorderly Conduct.&lt;br/&gt;Simple Assault.&lt;br/&gt;Criminal Mischief.&lt;br/&gt;Resisting Arrest or Other Law Enforcement.&lt;br/&gt;Disorderly Conduct.&lt;br/&gt;"/><marker lat="40.4008619" lng="-79.988511" zone="Zone 3" incidentdate="2014-07-03" incidenttime="16:58:00" incidentnumber="14127943" address="100 The Boulevard, Pittsburgh, PA 15210, USA" type="ARREST" description="*********************************************** &lt;br/&gt;Possession of Controlled Substance&lt;br/&gt;Possession w/ Intent to Del. Controlled Substance&lt;br/&gt;Paraphernalia - Use or Possession&lt;br/&gt;Driving While Operating Privilege is Suspended or Revoked.&lt;br/&gt;Unauthorized Use of Automobile and Other Vehicles.&lt;br/&gt;False Identification to Law Enforcement&lt;br/&gt;Contraband.&lt;br/&gt;Possession of Controlled Substance&lt;br/&gt;Possession w/ Intent to Del. Controlled Substance&lt;br/&gt;Driving While Operating Privilege is Suspended or Revoked.&lt;br/&gt;Unauthorized Use of Automobile and Other Vehicles.&lt;br/&gt;Possession of Controlled Substance&lt;br/&gt;Possession of Controlled Substance&lt;br/&gt;Paraphernalia - Use or Possession&lt;br/&gt;False Identification to Law Enforcement&lt;br/&gt;Contraband.&lt;br/&gt;"/><marker lat="40.4008619" lng="-79.988511" zone="Zone 3" incidentdate="2014-07-03" incidenttime="16:58:00" incidentnumber="14127943" address="100 The Boulevard, Pittsburgh, PA 15210, USA" type="ARREST" description="*********************************************** &lt;br/&gt;Possession of Controlled Substance&lt;br/&gt;Possession w/ Intent to Del. Controlled Substance&lt;br/&gt;Paraphernalia - Use or Possession&lt;br/&gt;Driving While Operating Privilege is Suspended or Revoked.&lt;br/&gt;Unauthorized Use of Automobile and Other Vehicles.&lt;br/&gt;False Identification to Law Enforcement&lt;br/&gt;Contraband.&lt;br/&gt;Possession of Controlled Substance&lt;br/&gt;Possession w/ Intent to Del. Controlled Substance&lt;br/&gt;Driving While Operating Privilege is Suspended or Revoked.&lt;br/&gt;Unauthorized Use of Automobile and Other Vehicles.&lt;br/&gt;Possession of Controlled Substance&lt;br/&gt;Possession of Controlled Substance&lt;br/&gt;Paraphernalia - Use or Possession&lt;br/&gt;False Identification to Law Enforcement&lt;br/&gt;Contraband.&lt;br/&gt;"/><marker lat="40.4008619" lng="-79.988511" zone="Zone 3" incidentdate="2014-07-03" incidenttime="16:58:00" incidentnumber="14127943" address="100 The Boulevard, Pittsburgh, PA 15210, USA" type="ARREST" description="*********************************************** &lt;br/&gt;Possession of Controlled Substance&lt;br/&gt;Possession w/ Intent to Del. Controlled Substance&lt;br/&gt;Paraphernalia - Use or Possession&lt;br/&gt;Driving While Operating Privilege is Suspended or Revoked.&lt;br/&gt;Unauthorized Use of Automobile and Other Vehicles.&lt;br/&gt;False Identification to Law Enforcement&lt;br/&gt;Contraband.&lt;br/&gt;Possession of Controlled Substance&lt;br/&gt;Possession w/ Intent to Del. Controlled Substance&lt;br/&gt;Driving While Operating Privilege is Suspended or Revoked.&lt;br/&gt;Unauthorized Use of Automobile and Other Vehicles.&lt;br/&gt;Possession of Controlled Substance&lt;br/&gt;Possession of Controlled Substance&lt;br/&gt;Paraphernalia - Use or Possession&lt;br/&gt;False Identification to Law Enforcement&lt;br/&gt;Contraband.&lt;br/&gt;"/><marker lat="40.44602039999999" lng="-80.0153356" zone="Zone 1" incidentdate="2014-07-03" incidenttime="17:00:00" incidentnumber="14127939" address="100 Art Rooney Avenue, Pittsburgh, PA 15212, USA" type="ARREST" description="*********************************************** &lt;br/&gt;Simple Assault.&lt;br/&gt;Criminal Mischief.&lt;br/&gt;Resisting Arrest or Other Law Enforcement.&lt;br/&gt;Disorderly Conduct.&lt;br/&gt;Simple Assault.&lt;br/&gt;Criminal Mischief.&lt;br/&gt;Resisting Arrest or Other Law Enforcement.&lt;br/&gt;Disorderly Conduct.&lt;br/&gt;"/><marker lat="40.427596" lng="-79.971554" zone="Zone 3" incidentdate="2014-07-03" incidenttime="17:00:00" incidentnumber="14108803" address="100 South 24th Street, Pittsburgh, PA 15203, USA" type="ARREST" description="*********************************************** &lt;br/&gt;Theft by Unlawful Taking or Disposition.&lt;br/&gt;DEF. TRESPASS FENCED/ENCLOSED&lt;br/&gt;Theft by Unlawful Taking or Disposition.&lt;br/&gt;Receiving Stolen Property.&lt;br/&gt;"/><marker lat="40.489612" lng="-80.01812199999999" zone="Zone 1" incidentdate="2014-07-03" incidenttime="17:30:00" incidentnumber="14128047" address="3900 Perrysville Avenue, Pittsburgh, PA 15214, USA" type="OFFENSE" description="*********************************************** &lt;br/&gt;Missing Persons (18 and Over)&lt;br/&gt;"/><marker lat="40.4715064" lng="-79.92627159999999" zone="Zone 5" incidentdate="2014-07-03" incidenttime="17:30:00" incidentnumber="14127945" address="5600 Stanton Avenue, Pittsburgh, PA 15206, USA" type="OFFENSE" description="*********************************************** &lt;br/&gt;Theft by Unlawful Taking or Disposition - Movable item&lt;br/&gt;"/><marker lat="40.4403106" lng="-79.9792916" zone="Zone 2" incidentdate="2014-07-03" incidenttime="17:35:00" incidentnumber="14127978" address="Lombard Street, Pittsburgh, PA 15219, USA" type="ARREST" description="*********************************************** &lt;br/&gt;Possession of Controlled Substance&lt;br/&gt;Possession w/ Intent to Del. Controlled Substance&lt;br/&gt;Tampering with or Fabricating Physical Evidence.&lt;br/&gt;Possession of Controlled Substance&lt;br/&gt;Possession w/ Intent to Del. Controlled Substance&lt;br/&gt;Tampering with or Fabricating Physical Evidence.&lt;br/&gt;"/><marker lat="40.4170141" lng="-80.0187766" zone="Zone 6" incidentdate="2014-07-03" incidenttime="17:35:00" incidentnumber="14127976" address="500 Crane Avenue, Pittsburgh, PA 15216, USA" type="ARREST" description="*********************************************** &lt;br/&gt;Possession of Controlled Substance&lt;br/&gt;Paraphernalia - Use or Possession&lt;br/&gt;Paraphernalia - Use or Possession&lt;br/&gt;Stopping at Intersection or Crossing to Prevent Obstruction&lt;br/&gt;Possession of Controlled Substance&lt;br/&gt;Paraphernalia - Use or Possession&lt;br/&gt;Stopping at Intersection or Crossing to Prevent Obstruction&lt;br/&gt;"/><marker lat="40.4170141" lng="-80.0187766" zone="Zone 6" incidentdate="2014-07-03" incidenttime="17:40:00" incidentnumber="14127976" address="500 Crane Avenue, Pittsburgh, PA 15216, USA" type="ARREST" description="*********************************************** &lt;br/&gt;Possession of Controlled Substance&lt;br/&gt;Paraphernalia - Use or Possession&lt;br/&gt;Paraphernalia - Use or Possession&lt;br/&gt;Stopping at Intersection or Crossing to Prevent Obstruction&lt;br/&gt;Possession of Controlled Substance&lt;br/&gt;Paraphernalia - Use or Possession&lt;br/&gt;Stopping at Intersection or Crossing to Prevent Obstruction&lt;br/&gt;"/><marker lat="40.4458298" lng="-80.0117163" zone="Zone 1" incidentdate="2014-07-03" incidenttime="17:44:00" incidentnumber="14127984" address="North Shore Drive &amp; Chuck Noll Way, Pittsburgh, PA 15212, USA" type="OFFENSE" description="*********************************************** &lt;br/&gt;Found Property&lt;br/&gt;"/><marker lat="40.3917987" lng="-80.0167199" zone="Zone 6" incidentdate="2014-07-03" incidenttime="17:45:00" incidentnumber="14128019" address="1000 Brookline Boulevard, Pittsburgh, PA 15226, USA" type="OFFENSE" description="*********************************************** &lt;br/&gt;Theft from Vehicle&lt;br/&gt;"/><marker lat="40.4170141" lng="-80.0187766" zone="Zone 6" incidentdate="2014-07-03" incidenttime="17:45:00" incidentnumber="14127976" address="500 Crane Avenue, Pittsburgh, PA 15216, USA" type="OFFENSE" description="*********************************************** &lt;br/&gt;Possession of Controlled Substance&lt;br/&gt;Paraphernalia - Use or Possession&lt;br/&gt;Paraphernalia - Use or Possession&lt;br/&gt;Stopping at Intersection or Crossing to Prevent Obstruction&lt;br/&gt;Possession of Controlled Substance&lt;br/&gt;Paraphernalia - Use or Possession&lt;br/&gt;Stopping at Intersection or Crossing to Prevent Obstruction&lt;br/&gt;"/><marker lat="40.4403106" lng="-79.9792916" zone="Zone 2" incidentdate="2014-07-03" incidenttime="17:50:00" incidentnumber="14127978" address="Lombard Street, Pittsburgh, PA 15219, USA" type="OFFENSE" description="*********************************************** &lt;br/&gt;Possession of Controlled Substance&lt;br/&gt;Possession w/ Intent to Del. Controlled Substance&lt;br/&gt;Tampering with or Fabricating Physical Evidence.&lt;br/&gt;Possession of Controlled Substance&lt;br/&gt;Possession w/ Intent to Del. Controlled Substance&lt;br/&gt;Tampering with or Fabricating Physical Evidence.&lt;br/&gt;"/><marker lat="40.4658656" lng="-79.9382267" zone="Zone 5" incidentdate="2014-07-03" incidenttime="17:50:00" incidentnumber="14127981" address="5300 Broad Street, Pittsburgh, PA 15224, USA" type="OFFENSE" description="*********************************************** &lt;br/&gt;Theft by Unlawful Taking or Disposition.&lt;br/&gt;"/><marker lat="40.4286713" lng="-79.9791177" zone="Zone 3" incidentdate="2014-07-03" incidenttime="18:00:00" incidentnumber="14128173" address="East Carson Street &amp; South 19th Street, Pittsburgh, PA 15203, USA" type="OFFENSE" description="*********************************************** &lt;br/&gt;Miscellaneous Investigation&lt;br/&gt;"/><marker lat="40.4104489" lng="-80.0062367" zone="Zone 6" incidentdate="2014-07-03" incidenttime="18:00:00" incidentnumber="14128081" address="800 Timberland Avenue, Pittsburgh, PA 15226, USA" type="OFFENSE" description="*********************************************** &lt;br/&gt;Accidents Involving Damage to Unattended Veh.or Prop.&lt;br/&gt;"/><marker lat="40.48033179999999" lng="-80.0114236" zone="Zone 1" incidentdate="2014-07-03" incidenttime="18:30:00" incidentnumber="14128057" address="3300 Delaware Street, Pittsburgh, PA 15214, USA" type="OFFENSE" description="*********************************************** &lt;br/&gt;Accidents Involving Damage to Unattended Veh.or Prop.&lt;br/&gt;"/><marker lat="40.3942943" lng="-79.99511050000001" zone="Zone 3" incidentdate="2014-07-03" incidenttime="18:30:00" incidentnumber="14127903" address="300 Line Street, Pittsburgh, PA 15210, USA" type="OFFENSE" description="*********************************************** &lt;br/&gt;Dead on Arrival (DOA)&lt;br/&gt;"/><marker lat="40.4743754" lng="-80.0080792" zone="Zone 1" incidentdate="2014-07-03" incidenttime="18:50:00" incidentnumber="14128091" address="100 Kennedy Avenue, Pittsburgh, PA 15214, USA" type="OFFENSE" description="*********************************************** &lt;br/&gt;Theft by Unlawful Taking or Disposition - Movable item&lt;br/&gt;"/><marker lat="40.4612085" lng="-79.920847" zone="Zone 5" incidentdate="2014-07-03" incidenttime="19:21:00" incidentnumber="14128070" address="Larimer Avenue &amp; Broad Street, Pittsburgh, PA 15206, USA" type="OFFENSE" description="*********************************************** &lt;br/&gt;Aggravated Assault.&lt;br/&gt;Aggravated Assault.&lt;br/&gt;"/><marker lat="40.4612085" lng="-79.920847" zone="Zone 5" incidentdate="2014-07-03" incidenttime="19:23:00" incidentnumber="14128070" address="Larimer Avenue &amp; Broad Street, Pittsburgh, PA 15206, USA" type="ARREST" description="*********************************************** &lt;br/&gt;Aggravated Assault.&lt;br/&gt;Aggravated Assault.&lt;br/&gt;"/><marker lat="40.4150272" lng="-79.9930404" zone="Zone 3" incidentdate="2014-07-03" incidenttime="19:30:00" incidentnumber="14128075" address="300 Rochelle Street, Pittsburgh, PA 15210, USA" type="OFFENSE" description="*********************************************** &lt;br/&gt;Drivers Required to be Licensed.&lt;br/&gt;Receiving Stolen Property.&lt;br/&gt;Unauthorized Use of Automobile and Other Vehicles.&lt;br/&gt;Drivers Required to be Licensed.&lt;br/&gt;Receiving Stolen Property.&lt;br/&gt;Unauthorized Use of Automobile and Other Vehicles.&lt;br/&gt;"/><marker lat="40.4150272" lng="-79.9930404" zone="Zone 3" incidentdate="2014-07-03" incidenttime="19:30:00" incidentnumber="14128075" address="300 Rochelle Street, Pittsburgh, PA 15210, USA" type="ARREST" description="*********************************************** &lt;br/&gt;Drivers Required to be Licensed.&lt;br/&gt;Receiving Stolen Property.&lt;br/&gt;Unauthorized Use of Automobile and Other Vehicles.&lt;br/&gt;Drivers Required to be Licensed.&lt;br/&gt;Receiving Stolen Property.&lt;br/&gt;Unauthorized Use of Automobile and Other Vehicles.&lt;br/&gt;"/><marker lat="40.4395897" lng="-80.0050296" zone="Zone 2" incidentdate="2014-07-03" incidenttime="20:05:00" incidentnumber="14128097" address="100 Boulevard of the Allies, Pittsburgh, PA 15222, USA" type="ARREST" description="*********************************************** &lt;br/&gt;False Identification to Law Enforcement Authorities&lt;br/&gt;Disorderly Conduct.&lt;br/&gt;Bench Warrant&lt;br/&gt;False Identification to Law Enforcement Authorities&lt;br/&gt;Disorderly Conduct.&lt;br/&gt;Bench Warrant&lt;br/&gt;"/><marker lat="40.4395897" lng="-80.0050296" zone="Zone 2" incidentdate="2014-07-03" incidenttime="20:30:00" incidentnumber="14128097" address="100 Boulevard of the Allies, Pittsburgh, PA 15222, USA" type="OFFENSE" description="*********************************************** &lt;br/&gt;False Identification to Law Enforcement Authorities&lt;br/&gt;Disorderly Conduct.&lt;br/&gt;Bench Warrant&lt;br/&gt;False Identification to Law Enforcement Authorities&lt;br/&gt;Disorderly Conduct.&lt;br/&gt;Bench Warrant&lt;br/&gt;"/><marker lat="40.43235019999999" lng="-79.9231597" zone="Zone 4" incidentdate="2014-07-03" incidenttime="20:34:00" incidentnumber="14128133" address="2200 Murray Avenue, Pittsburgh, PA 15217, USA" type="OFFENSE" description="*********************************************** &lt;br/&gt;Criminal Mischief.&lt;br/&gt;Burglary.&lt;br/&gt;Criminal Attempt&lt;br/&gt;Criminal Mischief.&lt;br/&gt;Burglary.&lt;br/&gt;Criminal Attempt&lt;br/&gt;"/><marker lat="40.4324659" lng="-80.0186816" zone="Zone 3" incidentdate="2014-07-03" incidenttime="20:35:00" incidentnumber="14128134" address="Hallock Street, Pittsburgh, PA 15211, USA" type="OFFENSE" description="*********************************************** &lt;br/&gt;False  Burglar Alarm&lt;br/&gt;"/><marker lat="40.43235019999999" lng="-79.9231597" zone="Zone 4" incidentdate="2014-07-03" incidenttime="20:40:00" incidentnumber="14128133" address="2200 Murray Avenue, Pittsburgh, PA 15217, USA" type="ARREST" description="*********************************************** &lt;br/&gt;Criminal Mischief.&lt;br/&gt;Burglary.&lt;br/&gt;Criminal Attempt&lt;br/&gt;Criminal Mischief.&lt;br/&gt;Burglary.&lt;br/&gt;Criminal Attempt&lt;br/&gt;"/><marker lat="40.4683482" lng="-79.92302029999999" zone="Zone 5" incidentdate="2014-07-03" incidenttime="21:00:00" incidentnumber="14128160" address="700 North Beatty Street, Pittsburgh, PA 15206, USA" type="OFFENSE" description="*********************************************** &lt;br/&gt;Criminal Mischief.&lt;br/&gt;"/><marker lat="40.4699459" lng="-80.0256268" zone="Zone 1" incidentdate="2014-07-03" incidenttime="21:50:00" incidentnumber="14128196" address="Brighton Road, Pittsburgh, PA, USA" type="ARREST" description="*********************************************** &lt;br/&gt;Bench Warrant&lt;br/&gt;Bench Warrant&lt;br/&gt;"/><marker lat="40.4699459" lng="-80.0256268" zone="Zone 1" incidentdate="2014-07-03" incidenttime="21:50:00" incidentnumber="14128196" address="Brighton Road, Pittsburgh, PA, USA" type="OFFENSE" description="*********************************************** &lt;br/&gt;Bench Warrant&lt;br/&gt;Bench Warrant&lt;br/&gt;"/><marker lat="40.3903497" lng="-79.98161669999999" zone="Zone 3" incidentdate="2014-07-03" incidenttime="22:00:00" incidentnumber="14128211" address="Carrick Avenue, Pittsburgh, PA 15210, USA" type="OFFENSE" description="*********************************************** &lt;br/&gt;Missing Juvenile&lt;br/&gt;"/><marker lat="40.4527418" lng="-79.88918369999999" zone="Zone 5" incidentdate="2014-07-03" incidenttime="22:00:00" incidentnumber="14128208" address="Hamilton Avenue &amp; Brushton Avenue, Pittsburgh, PA 15208, USA" type="ARREST" description="*********************************************** &lt;br/&gt;Prostitution&lt;br/&gt;Prostitution - Loitering for purpose of&lt;br/&gt;Prostitution&lt;br/&gt;Prostitution - Loitering for purpose of&lt;br/&gt;"/><marker lat="40.4527418" lng="-79.88918369999999" zone="Zone 5" incidentdate="2014-07-03" incidenttime="22:00:00" incidentnumber="14128208" address="Hamilton Avenue &amp; Brushton Avenue, Pittsburgh, PA 15208, USA" type="OFFENSE" description="*********************************************** &lt;br/&gt;Prostitution&lt;br/&gt;Prostitution - Loitering for purpose of&lt;br/&gt;Prostitution&lt;br/&gt;Prostitution - Loitering for purpose of&lt;br/&gt;"/><marker lat="40.4545638" lng="-79.9993789" zone="Zone 1" incidentdate="2014-07-03" incidenttime="23:25:00" incidentnumber="14128261" address="Middle Street &amp; Foreland Street, Pittsburgh, PA 15212, USA" type="OFFENSE" description="*********************************************** &lt;br/&gt;Prostitution&lt;br/&gt;Prostitution - Loitering for purpose of&lt;br/&gt;Prostitution&lt;br/&gt;Prostitution - Loitering for purpose of&lt;br/&gt;"/><marker lat="40.4545638" lng="-79.9993789" zone="Zone 1" incidentdate="2014-07-03" incidenttime="23:25:00" incidentnumber="14128261" address="Middle Street &amp; Foreland Street, Pittsburgh, PA 15212, USA" type="ARREST" description="*********************************************** &lt;br/&gt;Prostitution&lt;br/&gt;Prostitution - Loitering for purpose of&lt;br/&gt;Prostitution&lt;br/&gt;Prostitution - Loitering for purpose of&lt;br/&gt;"/></markers>

