<?xml version="1.0"?>
<markers>
    <marker lat="40.4382597" lng="-79.9882997" zone="Zone 2    " incidentdate="2014-06-26" incidentnumber="14121653" address="Magee Street &amp; Watson Street, Duquesne University, Pittsburgh, PA 15219, USA" type="OFFENSE" description="*********************************************** &lt;br/&gt;Required Financial Responsibility.&lt;br/&gt;Fleeing or Attempting to Elude Police Officer&lt;br/&gt;Police Pursuit&lt;br/&gt;"/>
    <marker lat="40.464905" lng="-79.90254" zone="Zone 5    " incidentdate="2014-06-26" incidentnumber="14121629" address="6700 Deary Street, Pittsburgh, PA 15206, USA" type="ARREST" description="*********************************************** &lt;br/&gt;Simple Assault.&lt;br/&gt;"/>
    <marker lat="40.4247386" lng="-79.9733874" zone="Zone 3    " incidentdate="2014-06-26" incidentnumber="14121669" address="Josephine Street &amp; South 23rd Street, Pittsburgh, PA 15203, USA" type="OFFENSE" description="*********************************************** &lt;br/&gt;Robbery.&lt;br/&gt;"/>
    <marker lat="40.428318" lng="-79.97303500000001" zone="Zone 3    " incidentdate="2014-06-26" incidentnumber="14121714" address="East Carson Street &amp; South 23rd Street, Pittsburgh, PA 15203, USA" type="OFFENSE" description="*********************************************** &lt;br/&gt;Robbery.&lt;br/&gt;"/>
    <marker lat="40.4526996" lng="-80.0014915" zone="Zone 1    " incidentdate="2014-06-26" incidentnumber="14121665" address="Cedar Avenue &amp; Avery Street, Pittsburgh, PA 15212, USA" type="OFFENSE" description="*********************************************** &lt;br/&gt;Simple Assault - Fight or Scuffle Entered by Mutual Consent&lt;br/&gt;"/>
    <marker lat="40.4379481" lng="-79.9814061" zone="Zone 2    " incidentdate="2014-06-26" incidentnumber="14121687" address="Miltenberger Street &amp; Watson Street, Pittsburgh, PA 15219, USA" type="OFFENSE" description="*********************************************** &lt;br/&gt;Simple Assault - Attempts by Physical Menace&lt;br/&gt;Robbery.&lt;br/&gt;Theft by Unlawful Taking or Disposition.&lt;br/&gt;"/>
    <marker lat="40.418504" lng="-80.01248199999999" zone="Zone 3    " incidentdate="2014-06-26" incidentnumber="14121685" address="800 Boggs Avenue, Pittsburgh, PA 15211, USA" type="OFFENSE" description="*********************************************** &lt;br/&gt;Simple Assault.&lt;br/&gt;"/>
    <marker lat="40.4217935" lng="-79.9937597" zone="Zone 3    " incidentdate="2014-06-26" incidentnumber="14121678" address="East Warrington Avenue &amp; Allen Street, Pittsburgh, PA 15210, USA" type="OFFENSE" description="*********************************************** &lt;br/&gt;Marijuana: Possession Small Amount&lt;br/&gt;Alcohol or Liquor Consumption on Streets or Sidewalks&lt;br/&gt;Marijuana: Possession Small Amount&lt;br/&gt;Alcohol or Liquor Consumption on Streets or Sidewalks&lt;br/&gt;"/>
    <marker lat="40.4217935" lng="-79.9937597" zone="Zone 3    " incidentdate="2014-06-26" incidentnumber="14121678" address="East Warrington Avenue &amp; Allen Street, Pittsburgh, PA 15210, USA" type="ARREST" description="*********************************************** &lt;br/&gt;Marijuana: Possession Small Amount&lt;br/&gt;Alcohol or Liquor Consumption on Streets or Sidewalks&lt;br/&gt;Marijuana: Possession Small Amount&lt;br/&gt;Alcohol or Liquor Consumption on Streets or Sidewalks&lt;br/&gt;"/>
    <marker lat="40.4616058" lng="-79.9350817" zone="Zone 5    " incidentdate="2014-06-26" incidentnumber="14121696" address="300 Roup Avenue, Pittsburgh, PA 15232, USA" type="OFFENSE" description="*********************************************** &lt;br/&gt;Theft by Unlawful Taking or Disposition - Movable item&lt;br/&gt;"/>
    <marker lat="40.395562" lng="-79.99001899999999" zone="Zone 3    " incidentdate="2014-06-26" incidentnumber="14096816" address="200 Copperfield Avenue, Pittsburgh, PA 15210, USA" type="ARREST" description="*********************************************** &lt;br/&gt;Simple Assault - Intent., Know., Reckless.Cause Bod. Injury&lt;br/&gt;Aggravated Assault.&lt;br/&gt;Criminal Conspiracy.&lt;br/&gt;"/>
    <marker lat="40.478592" lng="-80.038416" zone="Zone 1    " incidentdate="2014-06-26" incidentnumber="14121725" address="3500 Fleming Avenue, Pittsburgh, PA 15212, USA" type="OFFENSE" description="*********************************************** &lt;br/&gt;Recklessly Endangering Another Person.&lt;br/&gt;Discharge of a Firearm into Occupied Structure&lt;br/&gt;"/>
    <marker lat="40.3854556" lng="-79.977255" zone="Zone 3    " incidentdate="2014-06-26" incidentnumber="14121722" address="100 Spencer Avenue, Pittsburgh, PA 15227, USA" type="OFFENSE" description="*********************************************** &lt;br/&gt;Careless Driving&lt;br/&gt;DUI - General Impairment&lt;br/&gt;Careless Driving&lt;br/&gt;DUI - General Impairment&lt;br/&gt;"/>
    <marker lat="40.4571421" lng="-79.9293022" zone="Zone 4    " incidentdate="2014-06-26" incidentnumber="14121727" address="Ellsworth Avenue &amp; College Avenue, Pittsburgh, PA 15232, USA" type="OFFENSE" description="*********************************************** &lt;br/&gt;Simple Assault.&lt;br/&gt;Terroristic Threats.&lt;br/&gt;Simple Assault.&lt;br/&gt;Terroristic Threats.&lt;br/&gt;"/>
    <marker lat="40.3854556" lng="-79.977255" zone="Zone 3    " incidentdate="2014-06-26" incidentnumber="14121722" address="100 Spencer Avenue, Pittsburgh, PA 15227, USA" type="ARREST" description="*********************************************** &lt;br/&gt;Careless Driving&lt;br/&gt;DUI - General Impairment&lt;br/&gt;Careless Driving&lt;br/&gt;DUI - General Impairment&lt;br/&gt;"/>
    <marker lat="40.4571421" lng="-79.9293022" zone="Zone 4    " incidentdate="2014-06-26" incidentnumber="14021703" address="Ellsworth Avenue &amp; College Avenue, Pittsburgh, PA 15232, USA" type="ARREST" description="*********************************************** &lt;br/&gt;Aggravated Assault.&lt;br/&gt;Intimidation of Witnesses or Victims&lt;br/&gt;Criminal Conspiracy.&lt;br/&gt;"/>
    <marker lat="40.4571421" lng="-79.9293022" zone="Zone 4    " incidentdate="2014-06-26" incidentnumber="14121727" address="Ellsworth Avenue &amp; College Avenue, Pittsburgh, PA 15232, USA" type="ARREST" description="*********************************************** &lt;br/&gt;Simple Assault.&lt;br/&gt;Terroristic Threats.&lt;br/&gt;Simple Assault.&lt;br/&gt;Terroristic Threats.&lt;br/&gt;"/>
    <marker lat="40.4655969" lng="-79.9293923" zone="Zone 5    " incidentdate="2014-06-26" incidentnumber="14019471" address="5600 Rural Street, Pittsburgh, PA 15206, USA" type="ARREST" description="*********************************************** &lt;br/&gt;Failure To Appear/Arrest on Attachment Order&lt;br/&gt;"/>
    <marker lat="40.4294526" lng="-80.007329" zone="Zone 3    " incidentdate="2014-06-26" incidentnumber="14121731" address="Virginia Avenue &amp; Shiloh Street, Pittsburgh, PA 15211, USA" type="OFFENSE" description="*********************************************** &lt;br/&gt;Possession of Controlled Substance&lt;br/&gt;One-Way Roadways and Rotary Traffic Islands.&lt;br/&gt;Possession of Controlled Substance&lt;br/&gt;Marijuana: Possession Small Amount&lt;br/&gt;Paraphernalia - Use or Possession&lt;br/&gt;One-Way Roadways and Rotary Traffic Islands.&lt;br/&gt;Marijuana: Possession Small Amount&lt;br/&gt;Paraphernalia - Use or Possession&lt;br/&gt;"/>
    <marker lat="40.4294526" lng="-80.007329" zone="Zone 3    " incidentdate="2014-06-26" incidentnumber="14121731" address="Virginia Avenue &amp; Shiloh Street, Pittsburgh, PA 15211, USA" type="ARREST" description="*********************************************** &lt;br/&gt;Possession of Controlled Substance&lt;br/&gt;One-Way Roadways and Rotary Traffic Islands.&lt;br/&gt;Possession of Controlled Substance&lt;br/&gt;Marijuana: Possession Small Amount&lt;br/&gt;Paraphernalia - Use or Possession&lt;br/&gt;One-Way Roadways and Rotary Traffic Islands.&lt;br/&gt;Marijuana: Possession Small Amount&lt;br/&gt;Paraphernalia - Use or Possession&lt;br/&gt;"/>
    <marker lat="40.4294526" lng="-80.007329" zone="Zone 3    " incidentdate="2014-06-26" incidentnumber="14121731" address="Virginia Avenue &amp; Shiloh Street, Pittsburgh, PA 15211, USA" type="ARREST" description="*********************************************** &lt;br/&gt;Possession of Controlled Substance&lt;br/&gt;One-Way Roadways and Rotary Traffic Islands.&lt;br/&gt;Possession of Controlled Substance&lt;br/&gt;Marijuana: Possession Small Amount&lt;br/&gt;Paraphernalia - Use or Possession&lt;br/&gt;One-Way Roadways and Rotary Traffic Islands.&lt;br/&gt;Marijuana: Possession Small Amount&lt;br/&gt;Paraphernalia - Use or Possession&lt;br/&gt;"/>
    <marker lat="40.391211" lng="-80.0213667" zone="Zone 6    " incidentdate="2014-06-26" incidentnumber="14121748" address="900 Bay Ridge Avenue, Pittsburgh, PA 15226, USA" type="OFFENSE" description="*********************************************** &lt;br/&gt;False  Burglar Alarm&lt;br/&gt;"/>
    <marker lat="40.403007" lng="-80.017022" zone="Zone 6    " incidentdate="2014-06-26" incidentnumber="14121752" address="2000 Plainview Avenue, Pittsburgh, PA 15226, USA" type="OFFENSE" description="*********************************************** &lt;br/&gt;Simple Assault.&lt;br/&gt;Simple Assault.&lt;br/&gt;"/>
    <marker lat="40.3854556" lng="-79.977255" zone="Zone 3    " incidentdate="2014-06-26" incidentnumber="14121786" address="100 Spencer Avenue, Pittsburgh, PA 15227, USA" type="OFFENSE" description="*********************************************** &lt;br/&gt;DUI - General Impairment&lt;br/&gt;DUI - High Rate of Alchol - BAC &gt;=.10% &lt;.16%&lt;br/&gt;DUI - General Impairment&lt;br/&gt;DUI - High Rate of Alchol - BAC &gt;=.10% &lt;.16%&lt;br/&gt;"/>
    <marker lat="40.3854556" lng="-79.977255" zone="Zone 3    " incidentdate="2014-06-26" incidentnumber="14121786" address="100 Spencer Avenue, Pittsburgh, PA 15227, USA" type="ARREST" description="*********************************************** &lt;br/&gt;DUI - General Impairment&lt;br/&gt;DUI - High Rate of Alchol - BAC &gt;=.10% &lt;.16%&lt;br/&gt;DUI - General Impairment&lt;br/&gt;DUI - High Rate of Alchol - BAC &gt;=.10% &lt;.16%&lt;br/&gt;"/>
    <marker lat="40.4509827" lng="-80.02170389999999" zone="Zone 1    " incidentdate="2014-06-26" incidentnumber="14121834" address="1200 Western Avenue, Pittsburgh, PA 15233, USA" type="OFFENSE" description="*********************************************** &lt;br/&gt;9999 - (Misc. Incident):&lt;br/&gt;"/>
    <marker lat="40.418504" lng="-80.01248199999999" zone="Zone 3    " incidentdate="2014-06-26" incidentnumber="14121840" address="800 Boggs Avenue, Pittsburgh, PA 15211, USA" type="ARREST" description="*********************************************** &lt;br/&gt;Simple Assault.&lt;br/&gt;Stalking&lt;br/&gt;Simple Assault.&lt;br/&gt;Stalking&lt;br/&gt;"/>
    <marker lat="40.418504" lng="-80.01248199999999" zone="Zone 3    " incidentdate="2014-06-26" incidentnumber="14121840" address="800 Boggs Avenue, Pittsburgh, PA 15211, USA" type="OFFENSE" description="*********************************************** &lt;br/&gt;Simple Assault.&lt;br/&gt;Stalking&lt;br/&gt;Simple Assault.&lt;br/&gt;Stalking&lt;br/&gt;"/>
    <marker lat="40.45908319999999" lng="-79.9523059" zone="Zone 5    " incidentdate="2014-06-26" incidentnumber="14121850" address="4700 Lorigan Street, Pittsburgh, PA 15224, USA" type="OFFENSE" description="*********************************************** &lt;br/&gt;Theft from Vehicle&lt;br/&gt;"/>
    <marker lat="40.3954982" lng="-80.0240982" zone="Zone 6    " incidentdate="2014-06-26" incidentnumber="14121855" address="500 Berkshire Avenue, Pittsburgh, PA 15226, USA" type="OFFENSE" description="*********************************************** &lt;br/&gt;Criminal Mischief.&lt;br/&gt;"/>
    <marker lat="40.460049" lng="-79.88642899999999" zone="Zone 5    " incidentdate="2014-06-26" incidentnumber="14121955" address="1200 Mohler Street, Pittsburgh, PA 15208, USA" type="OFFENSE" description="*********************************************** &lt;br/&gt;Harassment.&lt;br/&gt;"/>
    <marker lat="40.4559658" lng="-79.8945009" zone="Zone 5    " incidentdate="2014-06-26" incidentnumber="14121852" address="Bennett Street &amp; Sterrett Street, Pittsburgh, PA 15208, USA" type="OFFENSE" description="*********************************************** &lt;br/&gt;Accidents Involving Damage to Unattended Veh.or Prop.&lt;br/&gt;"/>
    <marker lat="40.4642579" lng="-79.96233199999999" zone="Zone 2    " incidentdate="2014-06-26" incidentnumber="14121870" address="3700 Penn Avenue, Pittsburgh, PA 15201, USA" type="OFFENSE" description="*********************************************** &lt;br/&gt;Theft from Vehicle&lt;br/&gt;"/>
    <marker lat="40.4573734" lng="-79.9977296" zone="Zone 1    " incidentdate="2014-06-26" incidentnumber="14121867" address="800 Spring Garden Avenue, Pittsburgh, PA 15212, USA" type="OFFENSE" description="*********************************************** &lt;br/&gt;Indirect Criminal Contempt&lt;br/&gt;Indirect Criminal Contempt&lt;br/&gt;"/>
    <marker lat="40.4304878" lng="-79.99891319999999" zone="Zone 2    " incidentdate="2014-06-26" incidentnumber="14068332" address="South 2nd Street, Pittsburgh, PA 15219, USA" type="ARREST" description="*********************************************** &lt;br/&gt;Corruption of Minors.&lt;br/&gt;Unlawful Contact/Communication w/ Minor&lt;br/&gt;Criminal Use of Communication&lt;br/&gt;Criminal Solicitation.&lt;br/&gt;"/>
    <marker lat="40.4573734" lng="-79.9977296" zone="Zone 1    " incidentdate="2014-06-26" incidentnumber="14121867" address="800 Spring Garden Avenue, Pittsburgh, PA 15212, USA" type="ARREST" description="*********************************************** &lt;br/&gt;Indirect Criminal Contempt&lt;br/&gt;Indirect Criminal Contempt&lt;br/&gt;"/>
    <marker lat="40.4279347" lng="-79.97468789999999" zone="Zone 3    " incidentdate="2014-06-26" incidentnumber="14122191" address="South 22nd Street &amp; Carey Way, Pittsburgh, PA 15203, USA" type="OFFENSE" description="*********************************************** &lt;br/&gt;Accidents Involving Damage to Unattended Veh.or Prop.&lt;br/&gt;"/>
    <marker lat="40.484031" lng="-80.0038658" zone="Zone 1    " incidentdate="2014-06-26" incidentnumber="14121895" address="3400 Colby Street, Pittsburgh, PA 15214, USA" type="OFFENSE" description="*********************************************** &lt;br/&gt;False  Burglar Alarm&lt;br/&gt;"/>
    <marker lat="40.4267194" lng="-80.0600673" zone="Zone 5    " incidentdate="2014-06-26" incidentnumber="14121889" address="2400 Baldwick Road, Pittsburgh, PA 15205, USA" type="OFFENSE" description="*********************************************** &lt;br/&gt;Dead on Arrival (DOA)&lt;br/&gt;"/>
    <marker lat="40.3911984" lng="-79.9869009" zone="Zone 3    " incidentdate="2014-06-26" incidentnumber="14121893" address="2200 Brownsville Road, Pittsburgh, PA 15210, USA" type="OFFENSE" description="*********************************************** &lt;br/&gt;Theft by Unlawful Taking or Disposition - Movable item&lt;br/&gt;"/>
    <marker lat="40.4344812" lng="-79.98982389999999" zone="Zone 2    " incidentdate="2014-06-26" incidentnumber="14076874" address="Second Avenue &amp; Armstrong Tunnel, Pittsburgh, PA 15282, USA" type="ARREST" description="*********************************************** &lt;br/&gt;Simple Assault - Intent., Know., Reckless.Cause Bod. Injury&lt;br/&gt;"/>
    <marker lat="40.4547853" lng="-80.006406" zone="Zone 1    " incidentdate="2014-06-26" incidentnumber="14121910" address="Federal Street, Pittsburgh, PA, USA" type="OFFENSE" description="*********************************************** &lt;br/&gt;False  Burglar Alarm&lt;br/&gt;"/>
    <marker lat="40.5291421" lng="-80.0266769" zone="Zone 2    " incidentdate="2014-06-26" incidentnumber="14083910" address="1st Avenue, Pittsburgh, PA 15229, USA" type="ARREST" description="*********************************************** &lt;br/&gt;Theft by Unlawful Taking or Disposition.&lt;br/&gt;"/>
    <marker lat="40.4592526" lng="-79.9881468" zone="Zone 1    " incidentdate="2014-06-26" incidentnumber="14121933" address="1300 Lowrie Street, Pittsburgh, PA 15212, USA" type="OFFENSE" description="*********************************************** &lt;br/&gt;Aggravated Assault.&lt;br/&gt;Aggravated Assault.&lt;br/&gt;"/>
    <marker lat="40.435467" lng="-79.996404" zone="Zone 2    " incidentdate="2014-06-26" incidentnumber="14032353" address="600 1st Avenue, Pittsburgh, PA 15219, USA" type="ARREST" description="*********************************************** &lt;br/&gt;Simple Assault.&lt;br/&gt;"/>
    <marker lat="40.4207312" lng="-79.99736299999999" zone="Zone 3    " incidentdate="2014-06-26" incidentnumber="14122023" address="Beltzhoover Avenue, Pittsburgh, PA, USA" type="OFFENSE" description="*********************************************** &lt;br/&gt;Theft by Unlawful Taking or Disposition.&lt;br/&gt;"/>
    <marker lat="40.449753" lng="-79.890512" zone="Zone 5    " incidentdate="2014-06-26" incidentnumber="14121942" address="500 Brushton Avenue, Pittsburgh, PA 15208, USA" type="OFFENSE" description="*********************************************** &lt;br/&gt;Dead on Arrival (DOA)&lt;br/&gt;"/>
    <marker lat="40.4592526" lng="-79.9881468" zone="Zone 1    " incidentdate="2014-06-26" incidentnumber="14121933" address="1300 Lowrie Street, Pittsburgh, PA 15212, USA" type="ARREST" description="*********************************************** &lt;br/&gt;Aggravated Assault.&lt;br/&gt;Aggravated Assault.&lt;br/&gt;"/>
    <marker lat="40.445668" lng="-79.90787" zone="Zone 4    " incidentdate="2014-06-26" incidentnumber="14121961" address="600 Kirtland Street, Pittsburgh, PA 15208, USA" type="OFFENSE" description="*********************************************** &lt;br/&gt;9999 - (Misc. Incident):&lt;br/&gt;"/>
    <marker lat="40.4931138" lng="-80.02090369999999" zone="Zone 1    " incidentdate="2014-06-26" incidentnumber="14121979" address="Franklin Road &amp; Vinceton Street, Pittsburgh, PA 15214, USA" type="OFFENSE" description="*********************************************** &lt;br/&gt;Theft from Vehicle&lt;br/&gt;"/>
    <marker lat="40.392402" lng="-80.002246" zone="Zone 6    " incidentdate="2014-06-26" incidentnumber="14121976" address="1600 Greencrest Drive, Pittsburgh, PA 15226, USA" type="OFFENSE" description="*********************************************** &lt;br/&gt;Dead on Arrival (DOA)&lt;br/&gt;"/>
    <marker lat="40.3862631" lng="-80.0053575" zone="Zone 3    " incidentdate="2014-06-26" incidentnumber="14121963" address="2200 Bernard Street, Pittsburgh, PA 15234, USA" type="OFFENSE" description="*********************************************** &lt;br/&gt;Harassment (Non-Specific)&lt;br/&gt;Falsely Impersonating Persons Privately Employed.&lt;br/&gt;"/>
    <marker lat="40.44062479999999" lng="-79.9958864" zone="Zone OSC  " incidentdate="2014-06-26" incidentnumber="14115805" address="Pittsburgh, PA, USA" type="OFFENSE" description="*********************************************** &lt;br/&gt;Recovered Stolen Vehicle (OUTSIDE CITY)&lt;br/&gt;"/>
    <marker lat="40.466795" lng="-79.926204" zone="Zone 5    " incidentdate="2014-06-26" incidentnumber="14122009" address="5700 East Liberty Boulevard, Pittsburgh, PA 15206, USA" type="OFFENSE" description="*********************************************** &lt;br/&gt;Theft from Vehicle&lt;br/&gt;"/>
    <marker lat="40.4845839" lng="-79.9456391" zone="Zone 5    " incidentdate="2014-06-26" incidentnumber="14121999" address="200 57th Street, Pittsburgh, PA 15201, USA" type="OFFENSE" description="*********************************************** &lt;br/&gt;Harassment (Non-Specific)&lt;br/&gt;"/>
    <marker lat="40.45385599999999" lng="-80.06109599999999" zone="Zone 6    " incidentdate="2014-06-26" incidentnumber="14122008" address="3100 Chartiers Avenue, Pittsburgh, PA 15204, USA" type="OFFENSE" description="*********************************************** &lt;br/&gt;Accidents Involving Damage to Attended Veh. or Property&lt;br/&gt;"/>
    <marker lat="40.4242808" lng="-80.01087890000001" zone="Zone 3    " incidentdate="2014-06-26" incidentnumber="14122109" address="200 Southern Avenue, Pittsburgh, PA 15211, USA" type="OFFENSE" description="*********************************************** &lt;br/&gt;Criminal Mischief.&lt;br/&gt;Theft from Vehicle&lt;br/&gt;"/>
    <marker lat="40.402598" lng="-80.028334" zone="Zone 6    " incidentdate="2014-06-26" incidentnumber="14122010" address="2300 Vodeli Street, Pittsburgh, PA 15216, USA" type="OFFENSE" description="*********************************************** &lt;br/&gt;Harassment (Non-Specific)&lt;br/&gt;"/>
    <marker lat="40.46461499999999" lng="-79.92239699999999" zone="Zone 5    " incidentdate="2014-06-26" incidentnumber="14122051" address="400 North Highland Avenue, Pittsburgh, PA 15206, USA" type="OFFENSE" description="*********************************************** &lt;br/&gt;Accidents Involving Damage to Unattended Veh.or Prop.&lt;br/&gt;"/>
    <marker lat="40.4686519" lng="-79.9340277" zone="Zone 5    " incidentdate="2014-06-26" incidentnumber="14122078" address="North Aiken Avenue &amp; Columbo Street, Pittsburgh, PA 15206, USA" type="OFFENSE" description="*********************************************** &lt;br/&gt;Bench Warrant&lt;br/&gt;Bench Warrant&lt;br/&gt;"/>
    <marker lat="40.4251702" lng="-79.9678031" zone="Zone 3    " incidentdate="2014-06-26" incidentnumber="14122105" address="2700 Jane Street, Pittsburgh, PA 15203, USA" type="OFFENSE" description="*********************************************** &lt;br/&gt;Accidents Involving Damage to Unattended Veh.or Prop.&lt;br/&gt;"/>
    <marker lat="40.4686519" lng="-79.9340277" zone="Zone 5    " incidentdate="2014-06-26" incidentnumber="14122078" address="North Aiken Avenue &amp; Columbo Street, Pittsburgh, PA 15206, USA" type="ARREST" description="*********************************************** &lt;br/&gt;Bench Warrant&lt;br/&gt;Bench Warrant&lt;br/&gt;"/>
    <marker lat="40.38250499999999" lng="-79.979334" zone="Zone 3    " incidentdate="2014-06-26" incidentnumber="14122140" address="100 Stewart Avenue, Pittsburgh, PA 15227, USA" type="OFFENSE" description="*********************************************** &lt;br/&gt;Theft from Vehicle&lt;br/&gt;"/>
    <marker lat="40.435467" lng="-79.996404" zone="Zone 2    " incidentdate="2014-06-26" incidentnumber="14089612" address="600 1st Avenue, Pittsburgh, PA 15219, USA" type="OFFENSE" description="*********************************************** &lt;br/&gt;Summary Warrants&lt;br/&gt;"/>
    <marker lat="40.435467" lng="-79.996404" zone="Zone 2    " incidentdate="2014-06-26" incidentnumber="14089610" address="600 1st Avenue, Pittsburgh, PA 15219, USA" type="OFFENSE" description="*********************************************** &lt;br/&gt;Summary Warrants&lt;br/&gt;"/>
    <marker lat="40.4398937" lng="-79.9839137" zone="Zone 2    " incidentdate="2014-06-26" incidentnumber="14122131" address="Reed Street &amp; Vine Street, Pittsburgh, PA 15219, USA" type="OFFENSE" description="*********************************************** &lt;br/&gt;Criminal Mischief.&lt;br/&gt;"/>
    <marker lat="40.4404518" lng="-79.95372929999999" zone="Zone 4    " incidentdate="2014-06-26" incidentnumber="14122294" address="300 Joncaire Street, Pittsburgh, PA 15213, USA" type="OFFENSE" description="*********************************************** &lt;br/&gt;Theft by Unlawful Taking or Disposition.&lt;br/&gt;"/>
    <marker lat="40.4539771" lng="-79.9989196" zone="Zone 1    " incidentdate="2014-06-26" incidentnumber="14122157" address="600 East Ohio Street, Pittsburgh, PA 15212, USA" type="OFFENSE" description="*********************************************** &lt;br/&gt;9999 - (Misc. Incident):&lt;br/&gt;"/>
    <marker lat="40.8145034" lng="-80.32673679999999" zone="Zone 2    " incidentdate="2014-06-26" incidentnumber="14073540" address="1st Avenue, Beaver Falls, PA 15010, USA" type="ARREST" description="*********************************************** &lt;br/&gt;Access Device Fraud&lt;br/&gt;Identity Theft&lt;br/&gt;"/>
    <marker lat="40.482593" lng="-80.04339399999999" zone="Zone 1    " incidentdate="2014-06-26" incidentnumber="14122160" address="1900 Termon Avenue, Pittsburgh, PA 15212, USA" type="ARREST" description="*********************************************** &lt;br/&gt;Simple Assault.&lt;br/&gt;Simple Assault.&lt;br/&gt;"/>
    <marker lat="40.482593" lng="-80.04339399999999" zone="Zone 1    " incidentdate="2014-06-26" incidentnumber="14122160" address="1900 Termon Avenue, Pittsburgh, PA 15212, USA" type="OFFENSE" description="*********************************************** &lt;br/&gt;Simple Assault.&lt;br/&gt;Simple Assault.&lt;br/&gt;"/>
    <marker lat="40.451701" lng="-79.967004" zone="Zone 2    " incidentdate="2014-06-26" incidentnumber="14118938" address="2900 Webster Avenue, Pittsburgh, PA 15219, USA" type="ARREST" description="*********************************************** &lt;br/&gt;Simple Assault - Attempts by Physical Menace&lt;br/&gt;Possessing Instruments of Crime.&lt;br/&gt;"/>
    <marker lat="40.4597611" lng="-79.9208175" zone="Zone 5    " incidentdate="2014-06-26" incidentnumber="14122265" address="6300 Penn Avenue, Pittsburgh, PA 15206, USA" type="OFFENSE" description="*********************************************** &lt;br/&gt;Theft by Unlawful Taking or Disposition.&lt;br/&gt;"/>
    <marker lat="40.4286713" lng="-79.9791177" zone="Zone 3    " incidentdate="2014-06-26" incidentnumber="14122206" address="South 19th Street, Pittsburgh, PA 15203, USA" type="OFFENSE" description="*********************************************** &lt;br/&gt;Theft by Unlawful Taking or Disposition.&lt;br/&gt;"/>
    <marker lat="40.480057" lng="-80.04107710000001" zone="Zone 1    " incidentdate="2014-06-26" incidentnumber="14122186" address="California Avenue &amp; Davis Avenue, Pittsburgh, PA 15212, USA" type="OFFENSE" description="*********************************************** &lt;br/&gt;Terroristic Threats.&lt;br/&gt;Robbery.&lt;br/&gt;Intimidation of Witnesses or Victims&lt;br/&gt;Obstructing Admin. of Law&lt;br/&gt;Disorderly Conduct.&lt;br/&gt;Terroristic Threats.&lt;br/&gt;Intimidation of Witnesses or Victims&lt;br/&gt;Obstructing Admin. of Law&lt;br/&gt;Disorderly Conduct.&lt;br/&gt;"/>
    <marker lat="40.472467" lng="-79.91801" zone="Zone 5    " incidentdate="2014-06-26" incidentnumber="14122224" address="1000 Farragut Street, Pittsburgh, PA 15206, USA" type="OFFENSE" description="*********************************************** &lt;br/&gt;Burglary.&lt;br/&gt;"/>
    <marker lat="40.480057" lng="-80.04107710000001" zone="Zone 1    " incidentdate="2014-06-26" incidentnumber="14122186" address="California Avenue &amp; Davis Avenue, Pittsburgh, PA 15212, USA" type="ARREST" description="*********************************************** &lt;br/&gt;Terroristic Threats.&lt;br/&gt;Robbery.&lt;br/&gt;Intimidation of Witnesses or Victims&lt;br/&gt;Obstructing Admin. of Law&lt;br/&gt;Disorderly Conduct.&lt;br/&gt;Terroristic Threats.&lt;br/&gt;Intimidation of Witnesses or Victims&lt;br/&gt;Obstructing Admin. of Law&lt;br/&gt;Disorderly Conduct.&lt;br/&gt;"/>
    <marker lat="40.4111044" lng="-80.00601069999999" zone="Zone 3    " incidentdate="2014-06-26" incidentnumber="14122218" address="Saw Mill Run Boulevard &amp; Bausman Street, Pittsburgh, PA 15210, USA" type="OFFENSE" description="*********************************************** &lt;br/&gt;Accidents Involving Damage to Attended Veh. or Property&lt;br/&gt;"/>
    <marker lat="40.4177348" lng="-79.9634032" zone="Zone 3    " incidentdate="2014-06-26" incidentnumber="14122197" address="Arlington Avenue &amp; Cordell Place, Pittsburgh, PA 15210, USA" type="OFFENSE" description="*********************************************** &lt;br/&gt;Possession of Controlled Substance&lt;br/&gt;Paraphernalia - Use or Possession&lt;br/&gt;Turning Movements and Required Signals.&lt;br/&gt;Tampering with or Fabricating Physical Evidence.&lt;br/&gt;Possession of Controlled Substance&lt;br/&gt;Turning Movements and Required Signals.&lt;br/&gt;Tampering with or Fabricating Physical Evidence.&lt;br/&gt;Paraphernalia - Use or Possession&lt;br/&gt;"/>
    <marker lat="40.43755489999999" lng="-79.9826818" zone="Zone 2    " incidentdate="2014-06-26" incidentnumber="14122223" address="Forbes Avenue &amp; Van Braam Street, Pittsburgh, PA 15219, USA" type="OFFENSE" description="*********************************************** &lt;br/&gt;Criminal Mischief.&lt;br/&gt;"/>
    <marker lat="40.4177348" lng="-79.9634032" zone="Zone 3    " incidentdate="2014-06-26" incidentnumber="14122197" address="Arlington Avenue &amp; Cordell Place, Pittsburgh, PA 15210, USA" type="ARREST" description="*********************************************** &lt;br/&gt;Possession of Controlled Substance&lt;br/&gt;Paraphernalia - Use or Possession&lt;br/&gt;Turning Movements and Required Signals.&lt;br/&gt;Tampering with or Fabricating Physical Evidence.&lt;br/&gt;Possession of Controlled Substance&lt;br/&gt;Turning Movements and Required Signals.&lt;br/&gt;Tampering with or Fabricating Physical Evidence.&lt;br/&gt;Paraphernalia - Use or Possession&lt;br/&gt;"/>
    <marker lat="40.4177348" lng="-79.9634032" zone="Zone 3    " incidentdate="2014-06-26" incidentnumber="14122197" address="Arlington Avenue &amp; Cordell Place, Pittsburgh, PA 15210, USA" type="ARREST" description="*********************************************** &lt;br/&gt;Possession of Controlled Substance&lt;br/&gt;Paraphernalia - Use or Possession&lt;br/&gt;Turning Movements and Required Signals.&lt;br/&gt;Tampering with or Fabricating Physical Evidence.&lt;br/&gt;Possession of Controlled Substance&lt;br/&gt;Turning Movements and Required Signals.&lt;br/&gt;Tampering with or Fabricating Physical Evidence.&lt;br/&gt;Paraphernalia - Use or Possession&lt;br/&gt;"/>
    <marker lat="40.469382" lng="-79.96105299999999" zone="Zone 2    " incidentdate="2014-06-26" incidentnumber="14122171" address="4100 Butler Street, Pittsburgh, PA 15201, USA" type="OFFENSE" description="*********************************************** &lt;br/&gt;9999 - (Misc. Incident):&lt;br/&gt;"/>
    <marker lat="40.3854309" lng="-79.978824" zone="Zone 3    " incidentdate="2014-06-26" incidentnumber="14122342" address="2600 Brownsville Road, Pittsburgh, PA 15227, USA" type="OFFENSE" description="*********************************************** &lt;br/&gt;Theft by Unlawful Taking or Disposition.&lt;br/&gt;"/>
    <marker lat="40.4494105" lng="-79.97547349999999" zone="Zone 2    " incidentdate="2014-06-26" incidentnumber="14122259" address="2300 Bedford Avenue, Pittsburgh, PA 15219, USA" type="OFFENSE" description="*********************************************** &lt;br/&gt;Burglary.&lt;br/&gt;"/>
    <marker lat="40.4055152" lng="-79.989302" zone="Zone 3    " incidentdate="2014-06-26" incidentnumber="14122258" address="1100 Amanda Street, Pittsburgh, PA 15210, USA" type="OFFENSE" description="*********************************************** &lt;br/&gt;Actual Communication&lt;br/&gt;"/>
    <marker lat="40.470748" lng="-80.0122335" zone="Zone 1    " incidentdate="2014-06-26" incidentnumber="14122286" address="2600 Leland Street, Pittsburgh, PA 15214, USA" type="OFFENSE" description="*********************************************** &lt;br/&gt;Harassment by Physical Contact, or Attempts or Threats&lt;br/&gt;"/>
    <marker lat="40.4733442" lng="-79.9223825" zone="Zone 5    " incidentdate="2014-06-26" incidentnumber="14122276" address="1000 North Saint Clair Street, Pittsburgh, PA 15206, USA" type="OFFENSE" description="*********************************************** &lt;br/&gt;Harassment by Physical Contact, or Attempts or Threats&lt;br/&gt;"/>
    <marker lat="40.4037851" lng="-80.0262158" zone="Zone 6    " incidentdate="2014-06-26" incidentnumber="14122288" address="2200 Palm Beach Avenue, Pittsburgh, PA 15216, USA" type="OFFENSE" description="*********************************************** &lt;br/&gt;Miscellaneous&lt;br/&gt;"/>
    <marker lat="40.4750898" lng="-79.91078879999999" zone="Zone 5    " incidentdate="2014-06-26" incidentnumber="14089613" address="6700 Stanton Avenue, Pittsburgh, PA 15206, USA" type="OFFENSE" description="*********************************************** &lt;br/&gt;Summary Warrants&lt;br/&gt;"/>
    <marker lat="40.4732222" lng="-79.9556424" zone="Zone 2    " incidentdate="2014-06-26" incidentnumber="14122316" address="Central Lawrenceville, Pittsburgh, PA, USA" type="OFFENSE" description="*********************************************** &lt;br/&gt;Paraphernalia - Use or Possession&lt;br/&gt;Paraphernalia - Use or Possession&lt;br/&gt;"/>
    <marker lat="40.4732222" lng="-79.9556424" zone="Zone 2    " incidentdate="2014-06-26" incidentnumber="14122316" address="Central Lawrenceville, Pittsburgh, PA, USA" type="ARREST" description="*********************************************** &lt;br/&gt;Paraphernalia - Use or Possession&lt;br/&gt;Paraphernalia - Use or Possession&lt;br/&gt;"/>
    <marker lat="40.4576898" lng="-80.0275078" zone="Zone 1    " incidentdate="2014-06-26" incidentnumber="14122324" address="Manhattan Street &amp; Columbus Avenue, Pittsburgh, PA 15233, USA" type="OFFENSE" description="*********************************************** &lt;br/&gt;DUI - General Impairment&lt;br/&gt;DUI - Highest Rate of Alcohol - BAC &gt;= .16%&lt;br/&gt;DUI - General Impairment&lt;br/&gt;DUI - Highest Rate of Alcohol - BAC &gt;= .16%&lt;br/&gt;"/>
    <marker lat="40.4576898" lng="-80.0275078" zone="Zone 1    " incidentdate="2014-06-26" incidentnumber="14122324" address="Manhattan Street &amp; Columbus Avenue, Pittsburgh, PA 15233, USA" type="ARREST" description="*********************************************** &lt;br/&gt;DUI - General Impairment&lt;br/&gt;DUI - Highest Rate of Alcohol - BAC &gt;= .16%&lt;br/&gt;DUI - General Impairment&lt;br/&gt;DUI - Highest Rate of Alcohol - BAC &gt;= .16%&lt;br/&gt;"/>
    <marker lat="40.4386069" lng="-79.98644709999999" zone="Zone 2    " incidentdate="2014-06-26" incidentnumber="14122366" address="Fifth Avenue &amp; Stevenson Street, Pittsburgh, PA 15219, USA" type="OFFENSE" description="*********************************************** &lt;br/&gt;Criminal Mischief.&lt;br/&gt;Theft from Vehicle&lt;br/&gt;"/>
    <marker lat="40.4755513" lng="-80.0035639" zone="Zone 1    " incidentdate="2014-06-26" incidentnumber="14122344" address="100 Hazlett Street, Pittsburgh, PA 15214, USA" type="OFFENSE" description="*********************************************** &lt;br/&gt;Simple Assault.&lt;br/&gt;Simple Assault.&lt;br/&gt;"/>
    <marker lat="40.4572683" lng="-79.9090727" zone="Zone 5    " incidentdate="2014-06-26" incidentnumber="14122411" address="Fifth Avenue &amp; Hamilton Avenue, Pittsburgh, PA 15206, USA" type="OFFENSE" description="*********************************************** &lt;br/&gt;Possession of Controlled Substance&lt;br/&gt;Marijuana: Possession Small Amount&lt;br/&gt;Traffic-Control Signals.&lt;br/&gt;Possession of Controlled Substance&lt;br/&gt;Marijuana: Possession Small Amount&lt;br/&gt;Traffic-Control Signals.&lt;br/&gt;"/>
    <marker lat="40.4572683" lng="-79.9090727" zone="Zone 5    " incidentdate="2014-06-26" incidentnumber="14122411" address="Fifth Avenue &amp; Hamilton Avenue, Pittsburgh, PA 15206, USA" type="ARREST" description="*********************************************** &lt;br/&gt;Possession of Controlled Substance&lt;br/&gt;Marijuana: Possession Small Amount&lt;br/&gt;Traffic-Control Signals.&lt;br/&gt;Possession of Controlled Substance&lt;br/&gt;Marijuana: Possession Small Amount&lt;br/&gt;Traffic-Control Signals.&lt;br/&gt;"/>
    <marker lat="40.3945396" lng="-80.0284978" zone="Zone 6    " incidentdate="2014-06-26" incidentnumber="14122368" address="3000 Pioneer Avenue, Pittsburgh, PA 15226, USA" type="OFFENSE" description="*********************************************** &lt;br/&gt;302 (Mental)&lt;br/&gt;"/>
    <marker lat="40.4614397" lng="-79.9188655" zone="Zone 5    " incidentdate="2014-06-26" incidentnumber="14108955" address="Esmond Court, Pittsburgh, PA 15206, USA" type="ARREST" description="*********************************************** &lt;br/&gt;Terroristic Threats.&lt;br/&gt;Harassment (Non-Specific)&lt;br/&gt;"/>
    <marker lat="40.4249201" lng="-80.0010679" zone="Zone 3    " incidentdate="2014-06-26" incidentnumber="14122439" address="400 Ruxton Street, Pittsburgh, PA 15211, USA" type="OFFENSE" description="*********************************************** &lt;br/&gt;Possession of Controlled Substance&lt;br/&gt;Paraphernalia - Use or Possession&lt;br/&gt;Possession of Controlled Substance&lt;br/&gt;Paraphernalia - Use or Possession&lt;br/&gt;"/>
    <marker lat="40.4249201" lng="-80.0010679" zone="Zone 3    " incidentdate="2014-06-26" incidentnumber="14122439" address="400 Ruxton Street, Pittsburgh, PA 15211, USA" type="ARREST" description="*********************************************** &lt;br/&gt;Possession of Controlled Substance&lt;br/&gt;Paraphernalia - Use or Possession&lt;br/&gt;Possession of Controlled Substance&lt;br/&gt;Paraphernalia - Use or Possession&lt;br/&gt;"/>
    <marker lat="40.472812" lng="-79.95879649999999" zone="Zone 2    " incidentdate="2014-06-26" incidentnumber="14122450" address="Butler Street &amp; 46th Street, Pittsburgh, PA 15201, USA" type="ARREST" description="*********************************************** &lt;br/&gt;Patronizing a Prostitute&lt;br/&gt;Criminal Solicitation.&lt;br/&gt;Patronizing a Prostitute&lt;br/&gt;Criminal Solicitation.&lt;br/&gt;Simple Assault - Attempts by Physical Menace&lt;br/&gt;"/>
    <marker lat="40.472812" lng="-79.95879649999999" zone="Zone 2    " incidentdate="2014-06-26" incidentnumber="14122450" address="Butler Street &amp; 46th Street, Pittsburgh, PA 15201, USA" type="OFFENSE" description="*********************************************** &lt;br/&gt;Patronizing a Prostitute&lt;br/&gt;Criminal Solicitation.&lt;br/&gt;Patronizing a Prostitute&lt;br/&gt;Criminal Solicitation.&lt;br/&gt;Simple Assault - Attempts by Physical Menace&lt;br/&gt;"/>
    <marker lat="40.4745381" lng="-79.971492" zone="Zone 1    " incidentdate="2014-06-26" incidentnumber="14122451" address="East Ohio Street &amp; 40th Street Bridge, Pittsburgh, PA 15209, USA" type="OFFENSE" description="*********************************************** &lt;br/&gt;Fleeing or Attempting to Elude Police Officer&lt;br/&gt;"/>
    <marker lat="40.43914729999999" lng="-79.9619021" zone="Zone 4    " incidentdate="2014-06-26" incidentnumber="14122453" address="3400 Fifth Avenue, Pittsburgh, PA 15213, USA" type="OFFENSE" description="*********************************************** &lt;br/&gt;Criminal Mischief.&lt;br/&gt;"/>
    <marker lat="40.4755513" lng="-80.0035639" zone="Zone 1    " incidentdate="2014-06-26" incidentnumber="14122344" address="100 Hazlett Street, Pittsburgh, PA 15214, USA" type="ARREST" description="*********************************************** &lt;br/&gt;Simple Assault.&lt;br/&gt;Simple Assault.&lt;br/&gt;"/>
</markers>

