<?xml version="1.0"?>
<markers><marker lat="40.453849" lng="-79.884134" zone="Zone 5" incidentdate="2014-07-01" incidentnumber="14125722" address="8000 Bennett Street, Pittsburgh, PA 15221, USA" type="OFFENSE" description="*********************************************** &lt;br/&gt;Bench Warrant&lt;br/&gt;Bench Warrant&lt;br/&gt;"/><marker lat="40.453849" lng="-79.884134" zone="Zone 5" incidentdate="2014-07-01" incidentnumber="14125722" address="8000 Bennett Street, Pittsburgh, PA 15221, USA" type="ARREST" description="*********************************************** &lt;br/&gt;Bench Warrant&lt;br/&gt;Bench Warrant&lt;br/&gt;"/><marker lat="40.4212658" lng="-79.9957965" zone="Zone 3" incidentdate="2014-07-01" incidentnumber="14125719" address="Millbridge Street, Pittsburgh, PA 15210, USA" type="ARREST" description="*********************************************** &lt;br/&gt;Simple Assault.&lt;br/&gt;Terroristic Threats.&lt;br/&gt;Resisting Arrest or Other Law Enforcement.&lt;br/&gt;DISORDERLY CONDUCT - HAZARDOUS/PHYS. OFF&lt;br/&gt;Public Drunkenness&lt;br/&gt;Underage Purchase, Consume, Possessed or Transport Liquor&lt;br/&gt;Scattering Rubbish; Any waste, dangerous or detrimental substance upon public property or waters&lt;br/&gt;Simple Assault.&lt;br/&gt;Terroristic Threats.&lt;br/&gt;Resisting Arrest or Other Law Enforcement.&lt;br/&gt;DISORDERLY CONDUCT - HAZARDOUS/PHYS. OFF&lt;br/&gt;Public Drunkenness&lt;br/&gt;Underage Purchase, Consume, Possessed or Transport Liquor&lt;br/&gt;Scattering Rubbish; Any waste, dangerous or detrimental substance upon public property or waters&lt;br/&gt;"/><marker lat="40.43836599999999" lng="-79.98077409999999" zone="Zone 2" incidentdate="2014-07-01" incidentnumber="14125652" address="Fifth Avenue &amp; Dinwiddie Street, Pittsburgh, PA 15219, USA" type="ARREST" description="*********************************************** &lt;br/&gt;Simple Assault.&lt;br/&gt;"/><marker lat="40.43836599999999" lng="-79.98077409999999" zone="Zone 2" incidentdate="2014-07-01" incidentnumber="14125652" address="Fifth Avenue &amp; Dinwiddie Street, Pittsburgh, PA 15219, USA" type="ARREST" description="*********************************************** &lt;br/&gt;Simple Assault.&lt;br/&gt;"/><marker lat="40.4579047" lng="-80.0095436" zone="Zone 1" incidentdate="2014-07-01" incidentnumber="14119852" address="200 Jacksonia Street, Pittsburgh, PA 15212, USA" type="ARREST" description="*********************************************** &lt;br/&gt;Simple Assault - Intent., Know., Reckless.Cause Bod. Injury&lt;br/&gt;Aggravated Assault.&lt;br/&gt;Harassment.&lt;br/&gt;Aggravated Assault.&lt;br/&gt;Harassment.&lt;br/&gt;Simple Assault - Intent., Know., Reckless.Cause Bod. Injury&lt;br/&gt;"/><marker lat="40.4579047" lng="-80.0095436" zone="Zone 1" incidentdate="2014-07-01" incidentnumber="14119852" address="200 Jacksonia Street, Pittsburgh, PA 15212, USA" type="ARREST" description="*********************************************** &lt;br/&gt;Simple Assault - Intent., Know., Reckless.Cause Bod. Injury&lt;br/&gt;Aggravated Assault.&lt;br/&gt;Harassment.&lt;br/&gt;Aggravated Assault.&lt;br/&gt;Harassment.&lt;br/&gt;Simple Assault - Intent., Know., Reckless.Cause Bod. Injury&lt;br/&gt;"/><marker lat="40.480791" lng="-79.936566" zone="Zone 5" incidentdate="2014-07-01" incidentnumber="14125992" address="4700 Stanton Avenue, Pittsburgh, PA 15201, USA" type="OFFENSE" description="*********************************************** &lt;br/&gt;CRIMINAL MISCHIEF- Intentionally Damage Property (By Graffiti, Aerosol Spray Paint, Broad Tip Marker, or Similar)&lt;br/&gt;Marker, or Similar)&lt;br/&gt;"/><marker lat="40.4177342" lng="-79.96338209999999" zone="Zone 3" incidentdate="2014-07-01" incidentnumber="14125808" address="3100 Cordell Place, Pittsburgh, PA 15210, USA" type="OFFENSE" description="*********************************************** &lt;br/&gt;Possession of Controlled Substance&lt;br/&gt;Possession w/ Intent to Del. Controlled Substance&lt;br/&gt;Obstructing Admin. of Law&lt;br/&gt;Resisting Arrest or Other Law Enforcement.&lt;br/&gt;Failure of Disorderly Persons to Disperse&lt;br/&gt;Disorderly Conduct.&lt;br/&gt;Possession of Controlled Substance&lt;br/&gt;Possession w/ Intent to Del. Controlled Substance&lt;br/&gt;Resisting Arrest or Other Law Enforcement.&lt;br/&gt;Disorderly Conduct.&lt;br/&gt;Failure of Disorderly Persons to Disperse&lt;br/&gt;Disorderly Conduct.&lt;br/&gt;Obstructing Admin. of Law&lt;br/&gt;Failure of Disorderly Persons to Disperse&lt;br/&gt;Disorderly Conduct.&lt;br/&gt;"/><marker lat="40.4177342" lng="-79.96338209999999" zone="Zone 3" incidentdate="2014-07-01" incidentnumber="14125808" address="3100 Cordell Place, Pittsburgh, PA 15210, USA" type="ARREST" description="*********************************************** &lt;br/&gt;Possession of Controlled Substance&lt;br/&gt;Possession w/ Intent to Del. Controlled Substance&lt;br/&gt;Obstructing Admin. of Law&lt;br/&gt;Resisting Arrest or Other Law Enforcement.&lt;br/&gt;Failure of Disorderly Persons to Disperse&lt;br/&gt;Disorderly Conduct.&lt;br/&gt;Possession of Controlled Substance&lt;br/&gt;Possession w/ Intent to Del. Controlled Substance&lt;br/&gt;Resisting Arrest or Other Law Enforcement.&lt;br/&gt;Disorderly Conduct.&lt;br/&gt;Failure of Disorderly Persons to Disperse&lt;br/&gt;Disorderly Conduct.&lt;br/&gt;Obstructing Admin. of Law&lt;br/&gt;Failure of Disorderly Persons to Disperse&lt;br/&gt;Disorderly Conduct.&lt;br/&gt;"/><marker lat="40.4177342" lng="-79.96338209999999" zone="Zone 3" incidentdate="2014-07-01" incidentnumber="14125808" address="3100 Cordell Place, Pittsburgh, PA 15210, USA" type="ARREST" description="*********************************************** &lt;br/&gt;Possession of Controlled Substance&lt;br/&gt;Possession w/ Intent to Del. Controlled Substance&lt;br/&gt;Obstructing Admin. of Law&lt;br/&gt;Resisting Arrest or Other Law Enforcement.&lt;br/&gt;Failure of Disorderly Persons to Disperse&lt;br/&gt;Disorderly Conduct.&lt;br/&gt;Possession of Controlled Substance&lt;br/&gt;Possession w/ Intent to Del. Controlled Substance&lt;br/&gt;Resisting Arrest or Other Law Enforcement.&lt;br/&gt;Disorderly Conduct.&lt;br/&gt;Failure of Disorderly Persons to Disperse&lt;br/&gt;Disorderly Conduct.&lt;br/&gt;Obstructing Admin. of Law&lt;br/&gt;Failure of Disorderly Persons to Disperse&lt;br/&gt;Disorderly Conduct.&lt;br/&gt;"/><marker lat="40.4177342" lng="-79.96338209999999" zone="Zone 3" incidentdate="2014-07-01" incidentnumber="14125808" address="3100 Cordell Place, Pittsburgh, PA 15210, USA" type="ARREST" description="*********************************************** &lt;br/&gt;Possession of Controlled Substance&lt;br/&gt;Possession w/ Intent to Del. Controlled Substance&lt;br/&gt;Obstructing Admin. of Law&lt;br/&gt;Resisting Arrest or Other Law Enforcement.&lt;br/&gt;Failure of Disorderly Persons to Disperse&lt;br/&gt;Disorderly Conduct.&lt;br/&gt;Possession of Controlled Substance&lt;br/&gt;Possession w/ Intent to Del. Controlled Substance&lt;br/&gt;Resisting Arrest or Other Law Enforcement.&lt;br/&gt;Disorderly Conduct.&lt;br/&gt;Failure of Disorderly Persons to Disperse&lt;br/&gt;Disorderly Conduct.&lt;br/&gt;Obstructing Admin. of Law&lt;br/&gt;Failure of Disorderly Persons to Disperse&lt;br/&gt;Disorderly Conduct.&lt;br/&gt;"/><marker lat="40.4560779" lng="-80.0036681" zone="Zone 1" incidentdate="2014-07-01" incidentnumber="14125827" address="300 East North Avenue, Pittsburgh, PA 15212, USA" type="OFFENSE" description="*********************************************** &lt;br/&gt;9999 - (Misc. Incident):&lt;br/&gt;"/><marker lat="40.4560779" lng="-80.0036681" zone="Zone 1" incidentdate="2014-07-01" incidentnumber="14125827" address="300 East North Avenue, Pittsburgh, PA 15212, USA" type="OFFENSE" description="*********************************************** &lt;br/&gt;9999 - (Misc. Incident):&lt;br/&gt;"/><marker lat="40.4473466" lng="-80.0521081" zone="Zone 6" incidentdate="2014-07-01" incidentnumber="14125861" address="1500 Crucible Street, Pittsburgh, PA 15205, USA" type="OFFENSE" description="*********************************************** &lt;br/&gt;9999 - (Misc. Incident):&lt;br/&gt;"/><marker lat="40.4585228" lng="-79.8774039" zone="Zone 5" incidentdate="2014-07-01" incidentnumber="14125876" address="200 Cain Way, Pittsburgh, PA 15235, USA" type="OFFENSE" description="*********************************************** &lt;br/&gt;Theft by Unlawful Taking or Disposition.&lt;br/&gt;"/><marker lat="40.44807100000001" lng="-79.975611" zone="Zone 2" incidentdate="2014-07-01" incidentnumber="14125985" address="2300 Webster Avenue, Pittsburgh, PA 15219, USA" type="OFFENSE" description="*********************************************** &lt;br/&gt;Theft from Vehicle&lt;br/&gt;"/><marker lat="40.44807100000001" lng="-79.975611" zone="Zone 2" incidentdate="2014-07-01" incidentnumber="14125985" address="2300 Webster Avenue, Pittsburgh, PA 15219, USA" type="OFFENSE" description="*********************************************** &lt;br/&gt;Theft from Vehicle&lt;br/&gt;"/><marker lat="40.4770258" lng="-80.0382066" zone="Zone 1" incidentdate="2014-07-01" incidentnumber="14125904" address="3400 Fleming Avenue, Pittsburgh, PA 15212, USA" type="OFFENSE" description="*********************************************** &lt;br/&gt;Possession of Controlled Substance&lt;br/&gt;Possession w/ Intent to Del. Controlled Substance&lt;br/&gt;Paraphernalia - Use or Possession&lt;br/&gt;Possession of Controlled Substance&lt;br/&gt;Possession w/ Intent to Del. Controlled Substance&lt;br/&gt;Paraphernalia - Use or Possession&lt;br/&gt;(a) Disruptive activity prepetrataed/caused/permitted on property by owner(s)/tenant(s)/occupant(s)/invitee(s) of the property&lt;br/&gt;Possession of Controlled Substance&lt;br/&gt;Possession w/ Intent to Del. Controlled Substance&lt;br/&gt;Paraphernalia - Use or Possession&lt;br/&gt;(a) Disruptive activity prepetrataed/caused/permitted on property by owner(s)/tenant(s)/occupant(s)/invitee(s) of the property&lt;br/&gt;"/><marker lat="40.4770258" lng="-80.0382066" zone="Zone 1" incidentdate="2014-07-01" incidentnumber="14125904" address="3400 Fleming Avenue, Pittsburgh, PA 15212, USA" type="ARREST" description="*********************************************** &lt;br/&gt;Possession of Controlled Substance&lt;br/&gt;Possession w/ Intent to Del. Controlled Substance&lt;br/&gt;Paraphernalia - Use or Possession&lt;br/&gt;Possession of Controlled Substance&lt;br/&gt;Possession w/ Intent to Del. Controlled Substance&lt;br/&gt;Paraphernalia - Use or Possession&lt;br/&gt;(a) Disruptive activity prepetrataed/caused/permitted on property by owner(s)/tenant(s)/occupant(s)/invitee(s) of the property&lt;br/&gt;Possession of Controlled Substance&lt;br/&gt;Possession w/ Intent to Del. Controlled Substance&lt;br/&gt;Paraphernalia - Use or Possession&lt;br/&gt;(a) Disruptive activity prepetrataed/caused/permitted on property by owner(s)/tenant(s)/occupant(s)/invitee(s) of the property&lt;br/&gt;"/><marker lat="40.4770258" lng="-80.0382066" zone="Zone 1" incidentdate="2014-07-01" incidentnumber="14125904" address="3400 Fleming Avenue, Pittsburgh, PA 15212, USA" type="ARREST" description="*********************************************** &lt;br/&gt;Possession of Controlled Substance&lt;br/&gt;Possession w/ Intent to Del. Controlled Substance&lt;br/&gt;Paraphernalia - Use or Possession&lt;br/&gt;Possession of Controlled Substance&lt;br/&gt;Possession w/ Intent to Del. Controlled Substance&lt;br/&gt;Paraphernalia - Use or Possession&lt;br/&gt;(a) Disruptive activity prepetrataed/caused/permitted on property by owner(s)/tenant(s)/occupant(s)/invitee(s) of the property&lt;br/&gt;Possession of Controlled Substance&lt;br/&gt;Possession w/ Intent to Del. Controlled Substance&lt;br/&gt;Paraphernalia - Use or Possession&lt;br/&gt;(a) Disruptive activity prepetrataed/caused/permitted on property by owner(s)/tenant(s)/occupant(s)/invitee(s) of the property&lt;br/&gt;"/><marker lat="40.4770258" lng="-80.0382066" zone="Zone 1" incidentdate="2014-07-01" incidentnumber="14125904" address="3400 Fleming Avenue, Pittsburgh, PA 15212, USA" type="OFFENSE" description="*********************************************** &lt;br/&gt;Possession of Controlled Substance&lt;br/&gt;Possession w/ Intent to Del. Controlled Substance&lt;br/&gt;Paraphernalia - Use or Possession&lt;br/&gt;Possession of Controlled Substance&lt;br/&gt;Possession w/ Intent to Del. Controlled Substance&lt;br/&gt;Paraphernalia - Use or Possession&lt;br/&gt;(a) Disruptive activity prepetrataed/caused/permitted on property by owner(s)/tenant(s)/occupant(s)/invitee(s) of the property&lt;br/&gt;Possession of Controlled Substance&lt;br/&gt;Possession w/ Intent to Del. Controlled Substance&lt;br/&gt;Paraphernalia - Use or Possession&lt;br/&gt;(a) Disruptive activity prepetrataed/caused/permitted on property by owner(s)/tenant(s)/occupant(s)/invitee(s) of the property&lt;br/&gt;"/><marker lat="40.4770258" lng="-80.0382066" zone="Zone 1" incidentdate="2014-07-01" incidentnumber="14125904" address="3400 Fleming Avenue, Pittsburgh, PA 15212, USA" type="ARREST" description="*********************************************** &lt;br/&gt;Possession of Controlled Substance&lt;br/&gt;Possession w/ Intent to Del. Controlled Substance&lt;br/&gt;Paraphernalia - Use or Possession&lt;br/&gt;Possession of Controlled Substance&lt;br/&gt;Possession w/ Intent to Del. Controlled Substance&lt;br/&gt;Paraphernalia - Use or Possession&lt;br/&gt;(a) Disruptive activity prepetrataed/caused/permitted on property by owner(s)/tenant(s)/occupant(s)/invitee(s) of the property&lt;br/&gt;Possession of Controlled Substance&lt;br/&gt;Possession w/ Intent to Del. Controlled Substance&lt;br/&gt;Paraphernalia - Use or Possession&lt;br/&gt;(a) Disruptive activity prepetrataed/caused/permitted on property by owner(s)/tenant(s)/occupant(s)/invitee(s) of the property&lt;br/&gt;"/><marker lat="40.4770258" lng="-80.0382066" zone="Zone 1" incidentdate="2014-07-01" incidentnumber="14125904" address="3400 Fleming Avenue, Pittsburgh, PA 15212, USA" type="ARREST" description="*********************************************** &lt;br/&gt;Possession of Controlled Substance&lt;br/&gt;Possession w/ Intent to Del. Controlled Substance&lt;br/&gt;Paraphernalia - Use or Possession&lt;br/&gt;Possession of Controlled Substance&lt;br/&gt;Possession w/ Intent to Del. Controlled Substance&lt;br/&gt;Paraphernalia - Use or Possession&lt;br/&gt;(a) Disruptive activity prepetrataed/caused/permitted on property by owner(s)/tenant(s)/occupant(s)/invitee(s) of the property&lt;br/&gt;Possession of Controlled Substance&lt;br/&gt;Possession w/ Intent to Del. Controlled Substance&lt;br/&gt;Paraphernalia - Use or Possession&lt;br/&gt;(a) Disruptive activity prepetrataed/caused/permitted on property by owner(s)/tenant(s)/occupant(s)/invitee(s) of the property&lt;br/&gt;"/><marker lat="40.4404573" lng="-79.9543802" zone="Zone 4" incidentdate="2014-07-01" incidentnumber="14126231" address="300 South Bouquet Street, University of Pittsburgh, Bouquet Gardens, Pittsburgh, PA 15213, USA" type="OFFENSE" description="*********************************************** &lt;br/&gt;Accidents Involving Damage to Unattended Veh.or Prop.&lt;br/&gt;"/><marker lat="40.4135139" lng="-79.9897647" zone="Zone 3" incidentdate="2014-07-01" incidentnumber="14125878" address="Grape Street, Pittsburgh, PA 15210, USA" type="OFFENSE" description="*********************************************** &lt;br/&gt;CRIMINAL MISCHIEF - Intentionally Damages Real Or Personal Property Of Another&lt;br/&gt;"/><marker lat="40.40947999999999" lng="-79.94227149999999" zone="Zone 4" incidentdate="2014-07-01" incidentnumber="14125881" address="200 Glen Caladh Street, Pittsburgh, PA 15207, USA" type="ARREST" description="*********************************************** &lt;br/&gt;Indirect Criminal Contempt&lt;br/&gt;Indirect Criminal Contempt&lt;br/&gt;"/><marker lat="40.40947999999999" lng="-79.94227149999999" zone="Zone 4" incidentdate="2014-07-01" incidentnumber="14125881" address="200 Glen Caladh Street, Pittsburgh, PA 15207, USA" type="OFFENSE" description="*********************************************** &lt;br/&gt;Indirect Criminal Contempt&lt;br/&gt;Indirect Criminal Contempt&lt;br/&gt;"/><marker lat="40.435467" lng="-79.996404" zone="Zone 2" incidentdate="2014-07-01" incidentnumber="14040197" address="600 1st Avenue, Pittsburgh, PA 15219, USA" type="ARREST" description="*********************************************** &lt;br/&gt;Driving While Operating Privilege is Suspended or Revoked.&lt;br/&gt;One-Way Roadways and Rotary Traffic Islands.&lt;br/&gt;Reckless Driving&lt;br/&gt;Accident Involv. Death/Inj. While not Licensed&lt;br/&gt;DUI - General Impairment&lt;br/&gt;DUI - High Rate of Alchol - BAC &gt;=.10% &lt;.16%&lt;br/&gt;"/><marker lat="40.435467" lng="-79.996404" zone="Zone 2" incidentdate="2014-07-01" incidentnumber="14040197" address="600 1st Avenue, Pittsburgh, PA 15219, USA" type="ARREST" description="*********************************************** &lt;br/&gt;Driving While Operating Privilege is Suspended or Revoked.&lt;br/&gt;One-Way Roadways and Rotary Traffic Islands.&lt;br/&gt;Reckless Driving&lt;br/&gt;Accident Involv. Death/Inj. While not Licensed&lt;br/&gt;DUI - General Impairment&lt;br/&gt;DUI - High Rate of Alchol - BAC &gt;=.10% &lt;.16%&lt;br/&gt;"/><marker lat="40.431812" lng="-79.932369" zone="Zone 4" incidentdate="2014-07-01" incidentnumber="14126019" address="5400 Hobart Street, Pittsburgh, PA 15217, USA" type="OFFENSE" description="*********************************************** &lt;br/&gt;Lost Property&lt;br/&gt;"/><marker lat="40.4527235" lng="-79.93673059999999" zone="Zone 4" incidentdate="2014-07-01" incidentnumber="14125919" address="600 South Aiken Avenue, Pittsburgh, PA 15232, USA" type="OFFENSE" description="*********************************************** &lt;br/&gt;Burglary.&lt;br/&gt;Theft from Vehicle&lt;br/&gt;"/><marker lat="40.4578735" lng="-80.01681769999999" zone="Zone 1" incidentdate="2014-07-01" incidentnumber="14125903" address="1600 Brighton Road, Pittsburgh, PA 15212, USA" type="OFFENSE" description="*********************************************** &lt;br/&gt;Harassment by Physical Contact, or Attempts or Threats&lt;br/&gt;False Identification to Law Enforcement Authorities&lt;br/&gt;Harassment by Physical Contact, or Attempts or Threats&lt;br/&gt;False Identification to Law Enforcement Authorities&lt;br/&gt;"/><marker lat="40.4578735" lng="-80.01681769999999" zone="Zone 1" incidentdate="2014-07-01" incidentnumber="14125903" address="1600 Brighton Road, Pittsburgh, PA 15212, USA" type="OFFENSE" description="*********************************************** &lt;br/&gt;Harassment by Physical Contact, or Attempts or Threats&lt;br/&gt;False Identification to Law Enforcement Authorities&lt;br/&gt;Harassment by Physical Contact, or Attempts or Threats&lt;br/&gt;False Identification to Law Enforcement Authorities&lt;br/&gt;"/><marker lat="40.4792759" lng="-79.9198627" zone="Zone 5" incidentdate="2014-07-01" incidentnumber="14126369" address="5700 Bunkerhill Street, Pittsburgh, PA 15206, USA" type="OFFENSE" description="*********************************************** &lt;br/&gt;Theft of Property Lost, Mislaid or Delivered by Mistake.&lt;br/&gt;"/><marker lat="40.4578735" lng="-80.01681769999999" zone="Zone 1" incidentdate="2014-07-01" incidentnumber="14125903" address="1600 Brighton Road, Pittsburgh, PA 15212, USA" type="ARREST" description="*********************************************** &lt;br/&gt;Harassment by Physical Contact, or Attempts or Threats&lt;br/&gt;False Identification to Law Enforcement Authorities&lt;br/&gt;Harassment by Physical Contact, or Attempts or Threats&lt;br/&gt;False Identification to Law Enforcement Authorities&lt;br/&gt;"/><marker lat="40.4578735" lng="-80.01681769999999" zone="Zone 1" incidentdate="2014-07-01" incidentnumber="14125903" address="1600 Brighton Road, Pittsburgh, PA 15212, USA" type="ARREST" description="*********************************************** &lt;br/&gt;Harassment by Physical Contact, or Attempts or Threats&lt;br/&gt;False Identification to Law Enforcement Authorities&lt;br/&gt;Harassment by Physical Contact, or Attempts or Threats&lt;br/&gt;False Identification to Law Enforcement Authorities&lt;br/&gt;"/><marker lat="40.4372346" lng="-79.9793371" zone="Zone 2" incidentdate="2014-07-01" incidentnumber="14125982" address="1900 Forbes Avenue, Pittsburgh, PA 15219, USA" type="OFFENSE" description="*********************************************** &lt;br/&gt;Criminal Trespass&lt;br/&gt;Theft by Unlawful Taking or Disposition.&lt;br/&gt;"/><marker lat="40.4372346" lng="-79.9793371" zone="Zone 2" incidentdate="2014-07-01" incidentnumber="14125982" address="1900 Forbes Avenue, Pittsburgh, PA 15219, USA" type="OFFENSE" description="*********************************************** &lt;br/&gt;Criminal Trespass&lt;br/&gt;Theft by Unlawful Taking or Disposition.&lt;br/&gt;"/><marker lat="40.438194" lng="-79.9960447" zone="Zone 2" incidentdate="2014-07-01" incidentnumber="14125913" address="500 Forbes Avenue, Pittsburgh, PA 15219, USA" type="OFFENSE" description="*********************************************** &lt;br/&gt;Miscellaneous Fire Other Investigation to Continue&lt;br/&gt;"/><marker lat="40.438194" lng="-79.9960447" zone="Zone 2" incidentdate="2014-07-01" incidentnumber="14125913" address="500 Forbes Avenue, Pittsburgh, PA 15219, USA" type="OFFENSE" description="*********************************************** &lt;br/&gt;Miscellaneous Fire Other Investigation to Continue&lt;br/&gt;"/><marker lat="40.4845118" lng="-79.9336357" zone="Zone 5" incidentdate="2014-07-01" incidentnumber="14125916" address="4700 Farmington Street, Pittsburgh, PA 15201, USA" type="OFFENSE" description="*********************************************** &lt;br/&gt;Criminal Mischief.&lt;br/&gt;"/><marker lat="40.4627215" lng="-80.0298876" zone="Zone 1" incidentdate="2014-07-01" incidentnumber="14125946" address="2300 Mannheim Street, Pittsburgh, PA 15212, USA" type="OFFENSE" description="*********************************************** &lt;br/&gt;Receiving Stolen Property.&lt;br/&gt;Firearms not to be Carried without a License.&lt;br/&gt;Former Convict not to Own a Firearm, Etc.&lt;br/&gt;Receiving Stolen Property.&lt;br/&gt;Former Convict not to Own a Firearm, Etc.&lt;br/&gt;Firearms not to be Carried without a License.&lt;br/&gt;"/><marker lat="40.4627215" lng="-80.0298876" zone="Zone 1" incidentdate="2014-07-01" incidentnumber="14125946" address="2300 Mannheim Street, Pittsburgh, PA 15212, USA" type="ARREST" description="*********************************************** &lt;br/&gt;Receiving Stolen Property.&lt;br/&gt;Firearms not to be Carried without a License.&lt;br/&gt;Former Convict not to Own a Firearm, Etc.&lt;br/&gt;Receiving Stolen Property.&lt;br/&gt;Former Convict not to Own a Firearm, Etc.&lt;br/&gt;Firearms not to be Carried without a License.&lt;br/&gt;"/><marker lat="40.4627215" lng="-80.0298876" zone="Zone 1" incidentdate="2014-07-01" incidentnumber="14125946" address="2300 Mannheim Street, Pittsburgh, PA 15212, USA" type="ARREST" description="*********************************************** &lt;br/&gt;Receiving Stolen Property.&lt;br/&gt;Firearms not to be Carried without a License.&lt;br/&gt;Former Convict not to Own a Firearm, Etc.&lt;br/&gt;Receiving Stolen Property.&lt;br/&gt;Former Convict not to Own a Firearm, Etc.&lt;br/&gt;Firearms not to be Carried without a License.&lt;br/&gt;"/><marker lat="40.4627215" lng="-80.0298876" zone="Zone 1" incidentdate="2014-07-01" incidentnumber="14125946" address="2300 Mannheim Street, Pittsburgh, PA 15212, USA" type="OFFENSE" description="*********************************************** &lt;br/&gt;Receiving Stolen Property.&lt;br/&gt;Firearms not to be Carried without a License.&lt;br/&gt;Former Convict not to Own a Firearm, Etc.&lt;br/&gt;Receiving Stolen Property.&lt;br/&gt;Former Convict not to Own a Firearm, Etc.&lt;br/&gt;Firearms not to be Carried without a License.&lt;br/&gt;"/><marker lat="40.4627215" lng="-80.0298876" zone="Zone 1" incidentdate="2014-07-01" incidentnumber="14125946" address="2300 Mannheim Street, Pittsburgh, PA 15212, USA" type="ARREST" description="*********************************************** &lt;br/&gt;Receiving Stolen Property.&lt;br/&gt;Firearms not to be Carried without a License.&lt;br/&gt;Former Convict not to Own a Firearm, Etc.&lt;br/&gt;Receiving Stolen Property.&lt;br/&gt;Former Convict not to Own a Firearm, Etc.&lt;br/&gt;Firearms not to be Carried without a License.&lt;br/&gt;"/><marker lat="40.4627215" lng="-80.0298876" zone="Zone 1" incidentdate="2014-07-01" incidentnumber="14125946" address="2300 Mannheim Street, Pittsburgh, PA 15212, USA" type="ARREST" description="*********************************************** &lt;br/&gt;Receiving Stolen Property.&lt;br/&gt;Firearms not to be Carried without a License.&lt;br/&gt;Former Convict not to Own a Firearm, Etc.&lt;br/&gt;Receiving Stolen Property.&lt;br/&gt;Former Convict not to Own a Firearm, Etc.&lt;br/&gt;Firearms not to be Carried without a License.&lt;br/&gt;"/><marker lat="40.4649388" lng="-79.922003" zone="Zone 2" incidentdate="2014-07-01" incidentnumber="14017053" address="1, Pittsburgh, PA 15206, USA" type="ARREST" description="*********************************************** &lt;br/&gt;Possession of Controlled Substance&lt;br/&gt;Driving While Operating Privilege is Suspended or Revoked.&lt;br/&gt;"/><marker lat="40.4649388" lng="-79.922003" zone="Zone 2" incidentdate="2014-07-01" incidentnumber="14017053" address="1, Pittsburgh, PA 15206, USA" type="ARREST" description="*********************************************** &lt;br/&gt;Possession of Controlled Substance&lt;br/&gt;Driving While Operating Privilege is Suspended or Revoked.&lt;br/&gt;"/><marker lat="40.4675384" lng="-80.0657678" zone="Zone 2" incidentdate="2014-07-01" incidentnumber="14040435" address="900 2nd Street, McKees Rocks, PA 15136, USA" type="ARREST" description="*********************************************** &lt;br/&gt;Failure to Comply with Megans Law&lt;br/&gt;"/><marker lat="40.4675384" lng="-80.0657678" zone="Zone 2" incidentdate="2014-07-01" incidentnumber="14040435" address="900 2nd Street, McKees Rocks, PA 15136, USA" type="ARREST" description="*********************************************** &lt;br/&gt;Failure to Comply with Megans Law&lt;br/&gt;"/><marker lat="40.4763412" lng="-80.02876959999999" zone="Zone 1" incidentdate="2014-07-01" incidentnumber="14125967" address="Mitchell Street, Pittsburgh, PA 15212, USA" type="OFFENSE" description="*********************************************** &lt;br/&gt;9999 - (Misc. Incident):&lt;br/&gt;"/><marker lat="40.4763412" lng="-80.02876959999999" zone="Zone 1" incidentdate="2014-07-01" incidentnumber="14125967" address="Mitchell Street, Pittsburgh, PA 15212, USA" type="OFFENSE" description="*********************************************** &lt;br/&gt;9999 - (Misc. Incident):&lt;br/&gt;"/><marker lat="40.4359335" lng="-79.9971487" zone="Zone 2" incidentdate="2014-07-01" incidentnumber="14108681" address="600 First Avenue, Pittsburgh, PA 15219, USA" type="ARREST" description="*********************************************** &lt;br/&gt;Theft by Unlawful Taking or Disposition.&lt;br/&gt;Receiving Stolen Property.&lt;br/&gt;"/><marker lat="40.4359335" lng="-79.9971487" zone="Zone 2" incidentdate="2014-07-01" incidentnumber="14108681" address="600 First Avenue, Pittsburgh, PA 15219, USA" type="ARREST" description="*********************************************** &lt;br/&gt;Theft by Unlawful Taking or Disposition.&lt;br/&gt;Receiving Stolen Property.&lt;br/&gt;"/><marker lat="40.4457423" lng="-80.0524101" zone="Zone 6" incidentdate="2014-07-01" incidentnumber="14125975" address="1000 Woodlow Street, Pittsburgh, PA 15205, USA" type="OFFENSE" description="*********************************************** &lt;br/&gt;Harassment (Non-Specific)&lt;br/&gt;"/><marker lat="40.4804487" lng="-79.9543334" zone="Zone 2" incidentdate="2014-07-01" incidentnumber="14125968" address="5200 Butler Street, Pittsburgh, PA 15206, USA" type="OFFENSE" description="*********************************************** &lt;br/&gt;Accidents Involving Damage to Attended Veh. or Property&lt;br/&gt;"/><marker lat="40.4804487" lng="-79.9543334" zone="Zone 2" incidentdate="2014-07-01" incidentnumber="14125968" address="5200 Butler Street, Pittsburgh, PA 15206, USA" type="OFFENSE" description="*********************************************** &lt;br/&gt;Accidents Involving Damage to Attended Veh. or Property&lt;br/&gt;"/><marker lat="40.4322297" lng="-79.92327159999999" zone="Zone 4" incidentdate="2014-07-01" incidentnumber="14125997" address="2200 Murray Avenue, Pittsburgh, PA 15217, USA" type="OFFENSE" description="*********************************************** &lt;br/&gt;Intoxication or Drugged Condition&lt;br/&gt;Disorderly Conduct.&lt;br/&gt;"/><marker lat="40.453492" lng="-80.00043590000001" zone="Zone 1" incidentdate="2014-07-01" incidentnumber="14125995" address="500 East Ohio Street, Pittsburgh, PA 15212, USA" type="OFFENSE" description="*********************************************** &lt;br/&gt;False  Burglar Alarm&lt;br/&gt;"/><marker lat="40.453492" lng="-80.00043590000001" zone="Zone 1" incidentdate="2014-07-01" incidentnumber="14125995" address="500 East Ohio Street, Pittsburgh, PA 15212, USA" type="OFFENSE" description="*********************************************** &lt;br/&gt;False  Burglar Alarm&lt;br/&gt;"/><marker lat="40.43898859999999" lng="-79.98373029999999" zone="Zone 2" incidentdate="2014-07-01" incidentnumber="14126336" address="1600 Colwell Street, Pittsburgh, PA 15219, USA" type="OFFENSE" description="*********************************************** &lt;br/&gt;Theft by Unlawful Taking or Disposition.&lt;br/&gt;"/><marker lat="40.441237" lng="-80.003478" zone="Zone 2" incidentdate="2014-07-01" incidentnumber="14125060" address="500 Liberty Avenue, Pittsburgh, PA 15222, USA" type="OFFENSE" description="*********************************************** &lt;br/&gt;Theft by Unlawful Taking or Disposition - Movable item&lt;br/&gt;"/><marker lat="40.43898859999999" lng="-79.98373029999999" zone="Zone 2" incidentdate="2014-07-01" incidentnumber="14126336" address="1600 Colwell Street, Pittsburgh, PA 15219, USA" type="OFFENSE" description="*********************************************** &lt;br/&gt;Theft by Unlawful Taking or Disposition.&lt;br/&gt;"/><marker lat="40.441237" lng="-80.003478" zone="Zone 2" incidentdate="2014-07-01" incidentnumber="14125060" address="500 Liberty Avenue, Pittsburgh, PA 15222, USA" type="OFFENSE" description="*********************************************** &lt;br/&gt;Theft by Unlawful Taking or Disposition - Movable item&lt;br/&gt;"/><marker lat="40.4673591" lng="-80.0105079" zone="Zone 1" incidentdate="2014-07-01" incidentnumber="14126010" address="100 Maywood Street, Pittsburgh, PA 15214, USA" type="OFFENSE" description="*********************************************** &lt;br/&gt;9999 - (Misc. Incident):&lt;br/&gt;Aggravated Assault.&lt;br/&gt;Recklessly Endangering Another Person.&lt;br/&gt;Discharge of a Firearm into Occupied Structure&lt;br/&gt;"/><marker lat="40.4673591" lng="-80.0105079" zone="Zone 1" incidentdate="2014-07-01" incidentnumber="14126010" address="100 Maywood Street, Pittsburgh, PA 15214, USA" type="OFFENSE" description="*********************************************** &lt;br/&gt;9999 - (Misc. Incident):&lt;br/&gt;Aggravated Assault.&lt;br/&gt;Recklessly Endangering Another Person.&lt;br/&gt;Discharge of a Firearm into Occupied Structure&lt;br/&gt;"/><marker lat="40.44727899999999" lng="-79.973078" zone="Zone 2" incidentdate="2014-07-01" incidentnumber="13110317" address="2400 Wylie Avenue, Pittsburgh, PA 15219, USA" type="ARREST" description="*********************************************** &lt;br/&gt;Simple Assault.&lt;br/&gt;Kidnapping.&lt;br/&gt;Burglary.&lt;br/&gt;"/><marker lat="40.44727899999999" lng="-79.973078" zone="Zone 2" incidentdate="2014-07-01" incidentnumber="13110317" address="2400 Wylie Avenue, Pittsburgh, PA 15219, USA" type="ARREST" description="*********************************************** &lt;br/&gt;Simple Assault.&lt;br/&gt;Kidnapping.&lt;br/&gt;Burglary.&lt;br/&gt;"/><marker lat="40.443561" lng="-79.98004" zone="Zone 2" incidentdate="2014-07-01" incidentnumber="14111678" address="2000 Centre Avenue, Pittsburgh, PA 15219, USA" type="ARREST" description="*********************************************** &lt;br/&gt;Theft by Unlawful Taking or Disposition.&lt;br/&gt;Theft by Failure to Make Required Disp. of Funds&lt;br/&gt;"/><marker lat="40.443561" lng="-79.98004" zone="Zone 2" incidentdate="2014-07-01" incidentnumber="14111678" address="2000 Centre Avenue, Pittsburgh, PA 15219, USA" type="ARREST" description="*********************************************** &lt;br/&gt;Theft by Unlawful Taking or Disposition.&lt;br/&gt;Theft by Failure to Make Required Disp. of Funds&lt;br/&gt;"/><marker lat="40.4272357" lng="-79.9549965" zone="Zone 2" incidentdate="2014-07-01" incidentnumber="14105874" address="Second Avenue, Pittsburgh, PA, USA" type="ARREST" description="*********************************************** &lt;br/&gt;Recklessly Endangering Another Person.&lt;br/&gt;Theft by Unlawful Taking or Disposition - Movable item&lt;br/&gt;"/><marker lat="40.4272357" lng="-79.9549965" zone="Zone 2" incidentdate="2014-07-01" incidentnumber="14105874" address="Second Avenue, Pittsburgh, PA, USA" type="ARREST" description="*********************************************** &lt;br/&gt;Recklessly Endangering Another Person.&lt;br/&gt;Theft by Unlawful Taking or Disposition - Movable item&lt;br/&gt;"/><marker lat="40.3906108" lng="-80.0220968" zone="Zone 6" incidentdate="2014-07-01" incidentnumber="14126061" address="900 Fordham Street, Pittsburgh, PA 15226, USA" type="OFFENSE" description="*********************************************** &lt;br/&gt;False  Burglar Alarm&lt;br/&gt;"/><marker lat="40.4596032" lng="-79.8876129" zone="Zone 5" incidentdate="2014-07-01" incidentnumber="14126097" address="1300 Ferris Court, Pittsburgh, PA 15208, USA" type="OFFENSE" description="*********************************************** &lt;br/&gt;Accidents Involving Damage to Unattended Veh.or Prop.&lt;br/&gt;"/><marker lat="40.4463293" lng="-79.99090430000001" zone="Zone 2" incidentdate="2014-07-01" incidentnumber="14126226" address="1300 Penn Avenue, Pittsburgh, PA 15222, USA" type="OFFENSE" description="*********************************************** &lt;br/&gt;Accidents Involving Damage to Unattended Veh.or Prop.&lt;br/&gt;"/><marker lat="40.4272357" lng="-79.9549965" zone="Zone 2" incidentdate="2014-07-01" incidentnumber="14093511" address="Second Avenue, Pittsburgh, PA, USA" type="ARREST" description="*********************************************** &lt;br/&gt;Possession of Controlled Substance&lt;br/&gt;Possession w/ Intent to Del. Controlled Substance&lt;br/&gt;Marijuana: Possession Small Amount&lt;br/&gt;Possession of Controlled Substance&lt;br/&gt;Possession w/ Intent to Del. Controlled Substance&lt;br/&gt;Marijuana: Possession Small Amount&lt;br/&gt;Paraphernalia - Use or Possession&lt;br/&gt;"/><marker lat="40.4463293" lng="-79.99090430000001" zone="Zone 2" incidentdate="2014-07-01" incidentnumber="14126226" address="1300 Penn Avenue, Pittsburgh, PA 15222, USA" type="OFFENSE" description="*********************************************** &lt;br/&gt;Accidents Involving Damage to Unattended Veh.or Prop.&lt;br/&gt;"/><marker lat="40.4272357" lng="-79.9549965" zone="Zone 2" incidentdate="2014-07-01" incidentnumber="14093511" address="Second Avenue, Pittsburgh, PA, USA" type="ARREST" description="*********************************************** &lt;br/&gt;Possession of Controlled Substance&lt;br/&gt;Possession w/ Intent to Del. Controlled Substance&lt;br/&gt;Marijuana: Possession Small Amount&lt;br/&gt;Possession of Controlled Substance&lt;br/&gt;Possession w/ Intent to Del. Controlled Substance&lt;br/&gt;Marijuana: Possession Small Amount&lt;br/&gt;Paraphernalia - Use or Possession&lt;br/&gt;"/><marker lat="40.4188509" lng="-80.00030799999999" zone="Zone 3" incidentdate="2014-07-01" incidentnumber="14123167" address="400 Freeland Street, Pittsburgh, PA 15210, USA" type="ARREST" description="*********************************************** &lt;br/&gt;Simple Assault - Intent., Know., Reckless.Cause Bod. Injury&lt;br/&gt;Simple Assault - Attempts by Physical Menace&lt;br/&gt;Criminal Mischief.&lt;br/&gt;Public Drunkenness&lt;br/&gt;Possessing Instruments of Crime.&lt;br/&gt;"/><marker lat="40.44035119999999" lng="-79.9706681" zone="Zone 2" incidentdate="2014-07-01" incidentnumber="14126094" address="300 Burrows Street, Pittsburgh, PA 15213, USA" type="OFFENSE" description="*********************************************** &lt;br/&gt;Bench Warrant&lt;br/&gt;Bench Warrant&lt;br/&gt;"/><marker lat="40.44035119999999" lng="-79.9706681" zone="Zone 2" incidentdate="2014-07-01" incidentnumber="14126094" address="300 Burrows Street, Pittsburgh, PA 15213, USA" type="OFFENSE" description="*********************************************** &lt;br/&gt;Bench Warrant&lt;br/&gt;Bench Warrant&lt;br/&gt;"/><marker lat="40.4375602" lng="-79.9999207" zone="Zone 2" incidentdate="2014-07-01" incidentnumber="14126159" address="400 Boulevard of the Allies, Pittsburgh, PA 15219, USA" type="OFFENSE" description="*********************************************** &lt;br/&gt;Theft by Unlawful Taking or Disposition.&lt;br/&gt;"/><marker lat="40.4375602" lng="-79.9999207" zone="Zone 2" incidentdate="2014-07-01" incidentnumber="14126159" address="400 Boulevard of the Allies, Pittsburgh, PA 15219, USA" type="OFFENSE" description="*********************************************** &lt;br/&gt;Theft by Unlawful Taking or Disposition.&lt;br/&gt;"/><marker lat="40.428479" lng="-79.98026600000001" zone="Zone 3" incidentdate="2014-07-01" incidentnumber="14126135" address="1800 East Carson Street, Pittsburgh, PA 15203, USA" type="OFFENSE" description="*********************************************** &lt;br/&gt;Theft by Deception.&lt;br/&gt;"/><marker lat="40.47558" lng="-79.937793" zone="Zone 5" incidentdate="2014-07-01" incidentnumber="14126191" address="900 Millerdale Street, Pittsburgh, PA 15201, USA" type="OFFENSE" description="*********************************************** &lt;br/&gt;Criminal Mischief.&lt;br/&gt;"/><marker lat="40.45658359999999" lng="-80.0486399" zone="Zone 6" incidentdate="2014-07-01" incidentnumber="14126130" address="200 Hammond Street, Pittsburgh, PA 15204, USA" type="OFFENSE" description="*********************************************** &lt;br/&gt;False  Burglar Alarm&lt;br/&gt;"/><marker lat="40.3957787" lng="-80.0160391" zone="Zone 6" incidentdate="2014-07-01" incidentnumber="14126138" address="2400 Glenarm Avenue, Pittsburgh, PA 15226, USA" type="OFFENSE" description="*********************************************** &lt;br/&gt;Theft by Unlawful Taking or Disposition - Movable item&lt;br/&gt;"/><marker lat="40.44035119999999" lng="-79.9706681" zone="Zone 2" incidentdate="2014-07-01" incidentnumber="14126094" address="300 Burrows Street, Pittsburgh, PA 15213, USA" type="ARREST" description="*********************************************** &lt;br/&gt;Bench Warrant&lt;br/&gt;Bench Warrant&lt;br/&gt;"/><marker lat="40.44035119999999" lng="-79.9706681" zone="Zone 2" incidentdate="2014-07-01" incidentnumber="14126094" address="300 Burrows Street, Pittsburgh, PA 15213, USA" type="ARREST" description="*********************************************** &lt;br/&gt;Bench Warrant&lt;br/&gt;Bench Warrant&lt;br/&gt;"/><marker lat="40.435467" lng="-79.996404" zone="Zone 2" incidentdate="2014-07-01" incidentnumber="14121074" address="600 1st Avenue, Pittsburgh, PA 15219, USA" type="OFFENSE" description="*********************************************** &lt;br/&gt;Summary Warrants&lt;br/&gt;"/><marker lat="40.435467" lng="-79.996404" zone="Zone 2" incidentdate="2014-07-01" incidentnumber="14121075" address="600 1st Avenue, Pittsburgh, PA 15219, USA" type="OFFENSE" description="*********************************************** &lt;br/&gt;Summary Warrants&lt;br/&gt;"/><marker lat="40.435467" lng="-79.996404" zone="Zone 2" incidentdate="2014-07-01" incidentnumber="14089623" address="600 1st Avenue, Pittsburgh, PA 15219, USA" type="OFFENSE" description="*********************************************** &lt;br/&gt;Summary Warrants&lt;br/&gt;"/><marker lat="40.435467" lng="-79.996404" zone="Zone 2" incidentdate="2014-07-01" incidentnumber="14089621" address="600 1st Avenue, Pittsburgh, PA 15219, USA" type="OFFENSE" description="*********************************************** &lt;br/&gt;Summary Warrants&lt;br/&gt;"/><marker lat="40.435467" lng="-79.996404" zone="Zone 2" incidentdate="2014-07-01" incidentnumber="14089620" address="600 1st Avenue, Pittsburgh, PA 15219, USA" type="OFFENSE" description="*********************************************** &lt;br/&gt;Summary Warrants&lt;br/&gt;"/><marker lat="40.435467" lng="-79.996404" zone="Zone 2" incidentdate="2014-07-01" incidentnumber="14089619" address="600 1st Avenue, Pittsburgh, PA 15219, USA" type="OFFENSE" description="*********************************************** &lt;br/&gt;Summary Warrants&lt;br/&gt;"/><marker lat="40.435467" lng="-79.996404" zone="Zone 2" incidentdate="2014-07-01" incidentnumber="14089614" address="600 1st Avenue, Pittsburgh, PA 15219, USA" type="OFFENSE" description="*********************************************** &lt;br/&gt;Summary Warrants&lt;br/&gt;"/><marker lat="40.435467" lng="-79.996404" zone="Zone 2" incidentdate="2014-07-01" incidentnumber="14089623" address="600 1st Avenue, Pittsburgh, PA 15219, USA" type="OFFENSE" description="*********************************************** &lt;br/&gt;Summary Warrants&lt;br/&gt;"/><marker lat="40.435467" lng="-79.996404" zone="Zone 2" incidentdate="2014-07-01" incidentnumber="14089621" address="600 1st Avenue, Pittsburgh, PA 15219, USA" type="OFFENSE" description="*********************************************** &lt;br/&gt;Summary Warrants&lt;br/&gt;"/><marker lat="40.435467" lng="-79.996404" zone="Zone 2" incidentdate="2014-07-01" incidentnumber="14089620" address="600 1st Avenue, Pittsburgh, PA 15219, USA" type="OFFENSE" description="*********************************************** &lt;br/&gt;Summary Warrants&lt;br/&gt;"/><marker lat="40.435467" lng="-79.996404" zone="Zone 2" incidentdate="2014-07-01" incidentnumber="14089619" address="600 1st Avenue, Pittsburgh, PA 15219, USA" type="OFFENSE" description="*********************************************** &lt;br/&gt;Summary Warrants&lt;br/&gt;"/><marker lat="40.435467" lng="-79.996404" zone="Zone 2" incidentdate="2014-07-01" incidentnumber="14089614" address="600 1st Avenue, Pittsburgh, PA 15219, USA" type="OFFENSE" description="*********************************************** &lt;br/&gt;Summary Warrants&lt;br/&gt;"/><marker lat="40.4207312" lng="-79.99736299999999" zone="Zone 3" incidentdate="2014-07-01" incidentnumber="14126214" address="Beltzhoover Avenue, Pittsburgh, PA, USA" type="OFFENSE" description="*********************************************** &lt;br/&gt;Criminal Mischief.&lt;br/&gt;"/><marker lat="40.4395219" lng="-79.998357" zone="Zone 2" incidentdate="2014-07-01" incidentnumber="14126179" address="400 Fifth Avenue, Pittsburgh, PA 15219, USA" type="OFFENSE" description="*********************************************** &lt;br/&gt;Retail Theft.&lt;br/&gt;Retail Theft.&lt;br/&gt;"/><marker lat="40.4395219" lng="-79.998357" zone="Zone 2" incidentdate="2014-07-01" incidentnumber="14126179" address="400 Fifth Avenue, Pittsburgh, PA 15219, USA" type="ARREST" description="*********************************************** &lt;br/&gt;Retail Theft.&lt;br/&gt;Retail Theft.&lt;br/&gt;"/><marker lat="40.4610411" lng="-79.9097807" zone="Zone 5" incidentdate="2014-07-01" incidentnumber="14126232" address="500 Lincoln Avenue, Pittsburgh, PA 15206, USA" type="OFFENSE" description="*********************************************** &lt;br/&gt;Burglary.&lt;br/&gt;"/><marker lat="40.472041" lng="-79.922906" zone="Zone 5" incidentdate="2014-07-01" incidentnumber="14126200" address="900 North Saint Clair Street, Pittsburgh, PA 15206, USA" type="OFFENSE" description="*********************************************** &lt;br/&gt;Reckless Driving&lt;br/&gt;Escape.&lt;br/&gt;Escape.&lt;br/&gt;"/><marker lat="40.472041" lng="-79.922906" zone="Zone 5" incidentdate="2014-07-01" incidentnumber="14126200" address="900 North Saint Clair Street, Pittsburgh, PA 15206, USA" type="ARREST" description="*********************************************** &lt;br/&gt;Reckless Driving&lt;br/&gt;Escape.&lt;br/&gt;Escape.&lt;br/&gt;"/><marker lat="40.3915488" lng="-79.990406" zone="Zone 3" incidentdate="2014-07-01" incidentnumber="14126223" address="Parkfield Street &amp; Spokane Avenue, Pittsburgh, PA 15210, USA" type="OFFENSE" description="*********************************************** &lt;br/&gt;Harassment by Physical Contact, or Attempts or Threats&lt;br/&gt;"/><marker lat="40.45039999999999" lng="-79.88191929999999" zone="Zone 5" incidentdate="2014-07-01" incidentnumber="14126229" address="8000 Nimick Place, Pittsburgh, PA 15221, USA" type="OFFENSE" description="*********************************************** &lt;br/&gt;Criminal Mischief.&lt;br/&gt;"/><marker lat="40.4130798" lng="-79.99736759999999" zone="Zone 3" incidentdate="2014-07-01" incidentnumber="14126227" address="Bausman Street, Pittsburgh, PA, USA" type="OFFENSE" description="*********************************************** &lt;br/&gt;Recklessly Endangering Another Person.&lt;br/&gt;Terroristic Threats.&lt;br/&gt;Pedestrians Crossing at Other Than Crosswalks.&lt;br/&gt;Resisting Arrest or Other Law Enforcement.&lt;br/&gt;Flight to Avoid Apprehension, Trial or Punishment.&lt;br/&gt;Recklessly Endangering Another Person.&lt;br/&gt;Terroristic Threats.&lt;br/&gt;Pedestrians Crossing at Other Than Crosswalks.&lt;br/&gt;Resisting Arrest or Other Law Enforcement.&lt;br/&gt;Flight to Avoid Apprehension, Trial or Punishment.&lt;br/&gt;Failure To Appear/Arrest on Attachment Order&lt;br/&gt;"/><marker lat="40.4130798" lng="-79.99736759999999" zone="Zone 3" incidentdate="2014-07-01" incidentnumber="14126227" address="Bausman Street, Pittsburgh, PA, USA" type="ARREST" description="*********************************************** &lt;br/&gt;Recklessly Endangering Another Person.&lt;br/&gt;Terroristic Threats.&lt;br/&gt;Pedestrians Crossing at Other Than Crosswalks.&lt;br/&gt;Resisting Arrest or Other Law Enforcement.&lt;br/&gt;Flight to Avoid Apprehension, Trial or Punishment.&lt;br/&gt;Recklessly Endangering Another Person.&lt;br/&gt;Terroristic Threats.&lt;br/&gt;Pedestrians Crossing at Other Than Crosswalks.&lt;br/&gt;Resisting Arrest or Other Law Enforcement.&lt;br/&gt;Flight to Avoid Apprehension, Trial or Punishment.&lt;br/&gt;Failure To Appear/Arrest on Attachment Order&lt;br/&gt;"/><marker lat="40.4557659" lng="-79.9973646" zone="Zone 1" incidentdate="2014-07-01" incidentnumber="14126235" address="800 Suismon Street, Pittsburgh, PA 15212, USA" type="OFFENSE" description="*********************************************** &lt;br/&gt;Simple Assault.&lt;br/&gt;Criminal Mischief.&lt;br/&gt;(a) Disruptive activity prepetrataed/caused/permitted on property by owner(s)/tenant(s)/occupant(s)/invitee(s) of the property&lt;br/&gt;Simple Assault.&lt;br/&gt;Criminal Mischief.&lt;br/&gt;(a) Disruptive activity prepetrataed/caused/permitted on property by owner(s)/tenant(s)/occupant(s)/invitee(s) of the property&lt;br/&gt;"/><marker lat="40.4557659" lng="-79.9973646" zone="Zone 1" incidentdate="2014-07-01" incidentnumber="14126235" address="800 Suismon Street, Pittsburgh, PA 15212, USA" type="OFFENSE" description="*********************************************** &lt;br/&gt;Simple Assault.&lt;br/&gt;Criminal Mischief.&lt;br/&gt;(a) Disruptive activity prepetrataed/caused/permitted on property by owner(s)/tenant(s)/occupant(s)/invitee(s) of the property&lt;br/&gt;Simple Assault.&lt;br/&gt;Criminal Mischief.&lt;br/&gt;(a) Disruptive activity prepetrataed/caused/permitted on property by owner(s)/tenant(s)/occupant(s)/invitee(s) of the property&lt;br/&gt;"/><marker lat="40.4557659" lng="-79.9973646" zone="Zone 1" incidentdate="2014-07-01" incidentnumber="14126235" address="800 Suismon Street, Pittsburgh, PA 15212, USA" type="ARREST" description="*********************************************** &lt;br/&gt;Simple Assault.&lt;br/&gt;Criminal Mischief.&lt;br/&gt;(a) Disruptive activity prepetrataed/caused/permitted on property by owner(s)/tenant(s)/occupant(s)/invitee(s) of the property&lt;br/&gt;Simple Assault.&lt;br/&gt;Criminal Mischief.&lt;br/&gt;(a) Disruptive activity prepetrataed/caused/permitted on property by owner(s)/tenant(s)/occupant(s)/invitee(s) of the property&lt;br/&gt;"/><marker lat="40.4557659" lng="-79.9973646" zone="Zone 1" incidentdate="2014-07-01" incidentnumber="14126235" address="800 Suismon Street, Pittsburgh, PA 15212, USA" type="ARREST" description="*********************************************** &lt;br/&gt;Simple Assault.&lt;br/&gt;Criminal Mischief.&lt;br/&gt;(a) Disruptive activity prepetrataed/caused/permitted on property by owner(s)/tenant(s)/occupant(s)/invitee(s) of the property&lt;br/&gt;Simple Assault.&lt;br/&gt;Criminal Mischief.&lt;br/&gt;(a) Disruptive activity prepetrataed/caused/permitted on property by owner(s)/tenant(s)/occupant(s)/invitee(s) of the property&lt;br/&gt;"/><marker lat="40.4477291" lng="-79.9769658" zone="Zone 2" incidentdate="2014-07-01" incidentnumber="14112201" address="Webster Avenue &amp; Lawson Street, Pittsburgh, PA 15219, USA" type="ARREST" description="*********************************************** &lt;br/&gt;Marijuana: Possession Small Amount&lt;br/&gt;Periods for Requiring Lighted Lamps.&lt;br/&gt;Marijuana: Possession Small Amount&lt;br/&gt;Periods for Requiring Lighted Lamps.&lt;br/&gt;Marijuana: Possession Small Amount&lt;br/&gt;Identity Theft&lt;br/&gt;Periods for Requiring Lighted Lamps.&lt;br/&gt;False Reports to Law Enforcement Authorities.&lt;br/&gt;"/><marker lat="40.4655969" lng="-79.9293923" zone="Zone 5" incidentdate="2014-07-01" incidentnumber="14126239" address="5600 Rural Street, Pittsburgh, PA 15206, USA" type="OFFENSE" description="*********************************************** &lt;br/&gt;Aided Case&lt;br/&gt;"/><marker lat="40.4490549" lng="-79.98001219999999" zone="Zone 2" incidentdate="2014-07-01" incidentnumber="14126258" address="Reunion Place, Pittsburgh, PA 15219, USA" type="ARREST" description="*********************************************** &lt;br/&gt;Marijuana: Possession Small Amount&lt;br/&gt;Marijuana: Possession Small Amount&lt;br/&gt;"/><marker lat="40.4268527" lng="-79.9885181" zone="Zone 3" incidentdate="2014-07-01" incidentnumber="14126256" address="600 South 10th Street, Pittsburgh, PA 15203, USA" type="OFFENSE" description="*********************************************** &lt;br/&gt;False  Burglar Alarm&lt;br/&gt;"/><marker lat="40.4189417" lng="-79.99905369999999" zone="Zone 3" incidentdate="2014-07-01" incidentnumber="14126234" address="400 Curtin Avenue, Pittsburgh, PA 15210, USA" type="OFFENSE" description="*********************************************** &lt;br/&gt;Receiving Stolen Property.&lt;br/&gt;Former Convict not to Own a Firearm, Etc.&lt;br/&gt;Possesion of Firearm by Minor&lt;br/&gt;Receiving Stolen Property.&lt;br/&gt;Former Convict not to Own a Firearm, Etc.&lt;br/&gt;Possesion of Firearm by Minor&lt;br/&gt;"/><marker lat="40.4490549" lng="-79.98001219999999" zone="Zone 2" incidentdate="2014-07-01" incidentnumber="14126258" address="Reunion Place, Pittsburgh, PA 15219, USA" type="OFFENSE" description="*********************************************** &lt;br/&gt;Marijuana: Possession Small Amount&lt;br/&gt;Marijuana: Possession Small Amount&lt;br/&gt;"/><marker lat="40.4189417" lng="-79.99905369999999" zone="Zone 3" incidentdate="2014-07-01" incidentnumber="14126234" address="400 Curtin Avenue, Pittsburgh, PA 15210, USA" type="ARREST" description="*********************************************** &lt;br/&gt;Receiving Stolen Property.&lt;br/&gt;Former Convict not to Own a Firearm, Etc.&lt;br/&gt;Possesion of Firearm by Minor&lt;br/&gt;Receiving Stolen Property.&lt;br/&gt;Former Convict not to Own a Firearm, Etc.&lt;br/&gt;Possesion of Firearm by Minor&lt;br/&gt;"/><marker lat="40.4201161" lng="-79.9436355" zone="Zone 4" incidentdate="2014-07-01" incidentnumber="14119617" address="Bigelow Street, Pittsburgh, PA 15207, USA" type="ARREST" description="*********************************************** &lt;br/&gt;Simple Assault.&lt;br/&gt;"/><marker lat="40.4393817" lng="-79.9617725" zone="Zone 4" incidentdate="2014-07-01" incidentnumber="14126304" address="100 Chesterfield Road, Pittsburgh, PA 15213, USA" type="OFFENSE" description="*********************************************** &lt;br/&gt;Accidents Involving Damage to Unattended Veh.or Prop.&lt;br/&gt;"/><marker lat="40.4328423" lng="-79.93652949999999" zone="Zone 4" incidentdate="2014-07-01" incidentnumber="14126425" address="Panther Hollow Road &amp; Bartlett Street, Pittsburgh, PA 15207, USA" type="OFFENSE" description="*********************************************** &lt;br/&gt;Theft by Unlawful Taking or Disposition - Movable item&lt;br/&gt;"/><marker lat="40.453492" lng="-80.00043590000001" zone="Zone 1" incidentdate="2014-07-01" incidentnumber="14126295" address="500 East Ohio Street, Pittsburgh, PA 15212, USA" type="OFFENSE" description="*********************************************** &lt;br/&gt;Simple Assault.&lt;br/&gt;Aggravated Assault.&lt;br/&gt;Recklessly Endangering Another Person.&lt;br/&gt;(a) Disruptive activity prepetrataed/caused/permitted on property by owner(s)/tenant(s)/occupant(s)/invitee(s) of the property&lt;br/&gt;"/><marker lat="40.453492" lng="-80.00043590000001" zone="Zone 1" incidentdate="2014-07-01" incidentnumber="14126295" address="500 East Ohio Street, Pittsburgh, PA 15212, USA" type="OFFENSE" description="*********************************************** &lt;br/&gt;Simple Assault.&lt;br/&gt;Aggravated Assault.&lt;br/&gt;Recklessly Endangering Another Person.&lt;br/&gt;(a) Disruptive activity prepetrataed/caused/permitted on property by owner(s)/tenant(s)/occupant(s)/invitee(s) of the property&lt;br/&gt;"/><marker lat="40.454257" lng="-80.021281" zone="Zone 1" incidentdate="2014-07-01" incidentnumber="14126306" address="1100 Sheffield Street, Pittsburgh, PA 15233, USA" type="OFFENSE" description="*********************************************** &lt;br/&gt;Receiving Stolen Property.&lt;br/&gt;Tampering with or Fabricating Physical Evidence.&lt;br/&gt;Flight to Avoid Apprehension, Trial or Punishment.&lt;br/&gt;Former Convict not to Own a Firearm, Etc.&lt;br/&gt;Firearms not to be Carried without a License.&lt;br/&gt;Possesion of Firearm by Minor&lt;br/&gt;Receiving Stolen Property.&lt;br/&gt;Tampering with or Fabricating Physical Evidence.&lt;br/&gt;Flight to Avoid Apprehension, Trial or Punishment.&lt;br/&gt;Former Convict not to Own a Firearm, Etc.&lt;br/&gt;Firearms not to be Carried without a License.&lt;br/&gt;Possesion of Firearm by Minor&lt;br/&gt;"/><marker lat="40.454257" lng="-80.021281" zone="Zone 1" incidentdate="2014-07-01" incidentnumber="14126306" address="1100 Sheffield Street, Pittsburgh, PA 15233, USA" type="ARREST" description="*********************************************** &lt;br/&gt;Receiving Stolen Property.&lt;br/&gt;Tampering with or Fabricating Physical Evidence.&lt;br/&gt;Flight to Avoid Apprehension, Trial or Punishment.&lt;br/&gt;Former Convict not to Own a Firearm, Etc.&lt;br/&gt;Firearms not to be Carried without a License.&lt;br/&gt;Possesion of Firearm by Minor&lt;br/&gt;Receiving Stolen Property.&lt;br/&gt;Tampering with or Fabricating Physical Evidence.&lt;br/&gt;Flight to Avoid Apprehension, Trial or Punishment.&lt;br/&gt;Former Convict not to Own a Firearm, Etc.&lt;br/&gt;Firearms not to be Carried without a License.&lt;br/&gt;Possesion of Firearm by Minor&lt;br/&gt;"/><marker lat="40.454257" lng="-80.021281" zone="Zone 1" incidentdate="2014-07-01" incidentnumber="14126306" address="1100 Sheffield Street, Pittsburgh, PA 15233, USA" type="OFFENSE" description="*********************************************** &lt;br/&gt;Receiving Stolen Property.&lt;br/&gt;Tampering with or Fabricating Physical Evidence.&lt;br/&gt;Flight to Avoid Apprehension, Trial or Punishment.&lt;br/&gt;Former Convict not to Own a Firearm, Etc.&lt;br/&gt;Firearms not to be Carried without a License.&lt;br/&gt;Possesion of Firearm by Minor&lt;br/&gt;Receiving Stolen Property.&lt;br/&gt;Tampering with or Fabricating Physical Evidence.&lt;br/&gt;Flight to Avoid Apprehension, Trial or Punishment.&lt;br/&gt;Former Convict not to Own a Firearm, Etc.&lt;br/&gt;Firearms not to be Carried without a License.&lt;br/&gt;Possesion of Firearm by Minor&lt;br/&gt;"/><marker lat="40.454257" lng="-80.021281" zone="Zone 1" incidentdate="2014-07-01" incidentnumber="14126306" address="1100 Sheffield Street, Pittsburgh, PA 15233, USA" type="ARREST" description="*********************************************** &lt;br/&gt;Receiving Stolen Property.&lt;br/&gt;Tampering with or Fabricating Physical Evidence.&lt;br/&gt;Flight to Avoid Apprehension, Trial or Punishment.&lt;br/&gt;Former Convict not to Own a Firearm, Etc.&lt;br/&gt;Firearms not to be Carried without a License.&lt;br/&gt;Possesion of Firearm by Minor&lt;br/&gt;Receiving Stolen Property.&lt;br/&gt;Tampering with or Fabricating Physical Evidence.&lt;br/&gt;Flight to Avoid Apprehension, Trial or Punishment.&lt;br/&gt;Former Convict not to Own a Firearm, Etc.&lt;br/&gt;Firearms not to be Carried without a License.&lt;br/&gt;Possesion of Firearm by Minor&lt;br/&gt;"/><marker lat="40.4452876" lng="-80.01355579999999" zone="Zone 1" incidentdate="2014-07-01" incidentnumber="14126314" address="North Shore Drive, Pittsburgh, PA 15212, USA" type="OFFENSE" description="*********************************************** &lt;br/&gt;Any Person who urinates or defecates in, on, or about any public place&lt;br/&gt;Any Person who urinates or defecates in, on, or about any public place w/o immediately&lt;br/&gt;and disposing of the material&lt;br/&gt;9999 - (Misc. Incident):&lt;br/&gt;"/><marker lat="40.4452876" lng="-80.01355579999999" zone="Zone 1" incidentdate="2014-07-01" incidentnumber="14126314" address="North Shore Drive, Pittsburgh, PA 15212, USA" type="OFFENSE" description="*********************************************** &lt;br/&gt;Any Person who urinates or defecates in, on, or about any public place&lt;br/&gt;Any Person who urinates or defecates in, on, or about any public place w/o immediately&lt;br/&gt;and disposing of the material&lt;br/&gt;9999 - (Misc. Incident):&lt;br/&gt;"/><marker lat="40.3854309" lng="-79.978824" zone="Zone 3" incidentdate="2014-07-01" incidentnumber="14126307" address="2600 Brownsville Road, Pittsburgh, PA 15227, USA" type="OFFENSE" description="*********************************************** &lt;br/&gt;False  Burglar Alarm&lt;br/&gt;"/><marker lat="40.4845255" lng="-79.9081988" zone="Zone 5" incidentdate="2014-07-01" incidentnumber="14126323" address="Washington Boulevard &amp; Allegheny River Boulevard, Pittsburgh, PA 15206, USA" type="OFFENSE" description="*********************************************** &lt;br/&gt;Possession of Controlled Substance&lt;br/&gt;Possession w/ Intent to Del. Controlled Substance&lt;br/&gt;Paraphernalia - Use or Possession&lt;br/&gt;Drivers Required to be Licensed.&lt;br/&gt;Careless Driving&lt;br/&gt;Tampering with or Fabricating Physical Evidence.&lt;br/&gt;Possession of Controlled Substance&lt;br/&gt;Possession w/ Intent to Del. Controlled Substance&lt;br/&gt;Paraphernalia - Use or Possession&lt;br/&gt;Drivers Required to be Licensed.&lt;br/&gt;Careless Driving&lt;br/&gt;Tampering with or Fabricating Physical Evidence.&lt;br/&gt;"/><marker lat="40.4519564" lng="-79.8894866" zone="Zone 5" incidentdate="2014-07-01" incidentnumber="14126320" address="Brushton Avenue &amp; Mulford Street, Pittsburgh, PA 15208, USA" type="OFFENSE" description="*********************************************** &lt;br/&gt;Paraphernalia - Use or Possession&lt;br/&gt;Public Urination And Defecation&lt;br/&gt;Paraphernalia - Use or Possession&lt;br/&gt;Public Urination And Defecation&lt;br/&gt;"/><marker lat="40.4655187" lng="-79.97931960000001" zone="Zone 1" incidentdate="2014-07-01" incidentnumber="14126331" address="200 East Ohio Street, Pittsburgh, PA 15212, USA" type="OFFENSE" description="*********************************************** &lt;br/&gt;Marijuana: Possession Small Amount&lt;br/&gt;Marijuana: Possession Small Amount&lt;br/&gt;"/><marker lat="40.4566349" lng="-80.00701579999999" zone="Zone 1" incidentdate="2014-07-01" incidentnumber="13135130" address="Federal Street &amp; Parkhurst Street, Pittsburgh, PA 15212, USA" type="ARREST" description="*********************************************** &lt;br/&gt;False Identification to Law Enforcement Authorities&lt;br/&gt;"/><marker lat="40.4655187" lng="-79.97931960000001" zone="Zone 1" incidentdate="2014-07-01" incidentnumber="14126331" address="200 East Ohio Street, Pittsburgh, PA 15212, USA" type="ARREST" description="*********************************************** &lt;br/&gt;Marijuana: Possession Small Amount&lt;br/&gt;Marijuana: Possession Small Amount&lt;br/&gt;"/><marker lat="40.4655187" lng="-79.97931960000001" zone="Zone 1" incidentdate="2014-07-01" incidentnumber="14126331" address="200 East Ohio Street, Pittsburgh, PA 15212, USA" type="OFFENSE" description="*********************************************** &lt;br/&gt;Marijuana: Possession Small Amount&lt;br/&gt;Marijuana: Possession Small Amount&lt;br/&gt;"/><marker lat="40.4566349" lng="-80.00701579999999" zone="Zone 1" incidentdate="2014-07-01" incidentnumber="13135130" address="Federal Street &amp; Parkhurst Street, Pittsburgh, PA 15212, USA" type="ARREST" description="*********************************************** &lt;br/&gt;False Identification to Law Enforcement Authorities&lt;br/&gt;"/><marker lat="40.4655187" lng="-79.97931960000001" zone="Zone 1" incidentdate="2014-07-01" incidentnumber="14126331" address="200 East Ohio Street, Pittsburgh, PA 15212, USA" type="ARREST" description="*********************************************** &lt;br/&gt;Marijuana: Possession Small Amount&lt;br/&gt;Marijuana: Possession Small Amount&lt;br/&gt;"/><marker lat="40.4845255" lng="-79.9081988" zone="Zone 5" incidentdate="2014-07-01" incidentnumber="14126323" address="Washington Boulevard &amp; Allegheny River Boulevard, Pittsburgh, PA 15206, USA" type="ARREST" description="*********************************************** &lt;br/&gt;Possession of Controlled Substance&lt;br/&gt;Possession w/ Intent to Del. Controlled Substance&lt;br/&gt;Paraphernalia - Use or Possession&lt;br/&gt;Drivers Required to be Licensed.&lt;br/&gt;Careless Driving&lt;br/&gt;Tampering with or Fabricating Physical Evidence.&lt;br/&gt;Possession of Controlled Substance&lt;br/&gt;Possession w/ Intent to Del. Controlled Substance&lt;br/&gt;Paraphernalia - Use or Possession&lt;br/&gt;Drivers Required to be Licensed.&lt;br/&gt;Careless Driving&lt;br/&gt;Tampering with or Fabricating Physical Evidence.&lt;br/&gt;"/><marker lat="40.4519564" lng="-79.8894866" zone="Zone 5" incidentdate="2014-07-01" incidentnumber="14126320" address="Brushton Avenue &amp; Mulford Street, Pittsburgh, PA 15208, USA" type="ARREST" description="*********************************************** &lt;br/&gt;Paraphernalia - Use or Possession&lt;br/&gt;Public Urination And Defecation&lt;br/&gt;Paraphernalia - Use or Possession&lt;br/&gt;Public Urination And Defecation&lt;br/&gt;"/><marker lat="40.4346901" lng="-80.006389" zone="Zone 3" incidentdate="2014-07-01" incidentnumber="14126344" address="300 West Station Square Drive, Pittsburgh, PA 15219, USA" type="ARREST" description="*********************************************** &lt;br/&gt;Aggravated Assault.&lt;br/&gt;Resisting Arrest or Other Law Enforcement.&lt;br/&gt;Prostitution&lt;br/&gt;Possessing Instruments of Crime.&lt;br/&gt;Aggravated Assault.&lt;br/&gt;Resisting Arrest or Other Law Enforcement.&lt;br/&gt;Prostitution&lt;br/&gt;Possessing Instruments of Crime.&lt;br/&gt;"/><marker lat="40.4346901" lng="-80.006389" zone="Zone 3" incidentdate="2014-07-01" incidentnumber="14126344" address="300 West Station Square Drive, Pittsburgh, PA 15219, USA" type="OFFENSE" description="*********************************************** &lt;br/&gt;Aggravated Assault.&lt;br/&gt;Resisting Arrest or Other Law Enforcement.&lt;br/&gt;Prostitution&lt;br/&gt;Possessing Instruments of Crime.&lt;br/&gt;Aggravated Assault.&lt;br/&gt;Resisting Arrest or Other Law Enforcement.&lt;br/&gt;Prostitution&lt;br/&gt;Possessing Instruments of Crime.&lt;br/&gt;"/><marker lat="40.4066525" lng="-79.9458815" zone="Zone 4" incidentdate="2014-07-01" incidentnumber="14126269" address="West Elizabeth Street, Pittsburgh, PA 15207, USA" type="OFFENSE" description="*********************************************** &lt;br/&gt;Possession of Controlled Substance&lt;br/&gt;Possession w/ Intent to Del. Controlled Substance&lt;br/&gt;Paraphernalia - Use or Possession&lt;br/&gt;Possession of Controlled Substance&lt;br/&gt;Possession w/ Intent to Del. Controlled Substance&lt;br/&gt;Paraphernalia - Use or Possession&lt;br/&gt;"/><marker lat="40.4066525" lng="-79.9458815" zone="Zone 4" incidentdate="2014-07-01" incidentnumber="14126269" address="West Elizabeth Street, Pittsburgh, PA 15207, USA" type="ARREST" description="*********************************************** &lt;br/&gt;Possession of Controlled Substance&lt;br/&gt;Possession w/ Intent to Del. Controlled Substance&lt;br/&gt;Paraphernalia - Use or Possession&lt;br/&gt;Possession of Controlled Substance&lt;br/&gt;Possession w/ Intent to Del. Controlled Substance&lt;br/&gt;Paraphernalia - Use or Possession&lt;br/&gt;"/><marker lat="40.4358336" lng="-79.96152049999999" zone="Zone 4" incidentdate="2014-07-01" incidentnumber="14126399" address="Boulevard of the Allies &amp; Craft Avenue, Pittsburgh, PA 15213, USA" type="OFFENSE" description="*********************************************** &lt;br/&gt;Accidents Involving Damage to Attended Veh. or Property&lt;br/&gt;"/><marker lat="40.4596164" lng="-80.0190982" zone="Zone 1" incidentdate="2014-07-01" incidentnumber="14126366" address="A Street &amp; Lysle Street, Pittsburgh, PA 15212, USA" type="OFFENSE" description="*********************************************** &lt;br/&gt;Harassment (Non-Specific)&lt;br/&gt;"/><marker lat="40.4596164" lng="-80.0190982" zone="Zone 1" incidentdate="2014-07-01" incidentnumber="14126366" address="A Street &amp; Lysle Street, Pittsburgh, PA 15212, USA" type="OFFENSE" description="*********************************************** &lt;br/&gt;Harassment (Non-Specific)&lt;br/&gt;"/><marker lat="40.4606459" lng="-79.92276439999999" zone="Zone 5" incidentdate="2014-07-01" incidentnumber="14104509" address="6200 Penn Avenue, Pittsburgh, PA 15206, USA" type="ARREST" description="*********************************************** &lt;br/&gt;Careless Driving&lt;br/&gt;Accidents Involving Damage to Attended Veh. or Property&lt;br/&gt;"/><marker lat="40.4563" lng="-79.88764499999999" zone="Zone 5" incidentdate="2014-07-01" incidentnumber="14126403" address="7700 Baxter Street, Pittsburgh, PA 15208, USA" type="OFFENSE" description="*********************************************** &lt;br/&gt;Bench Warrant&lt;br/&gt;Bench Warrant&lt;br/&gt;"/><marker lat="40.41882820000001" lng="-80.00224589999999" zone="Zone 3" incidentdate="2014-07-01" incidentnumber="14126384" address="300 Freeland Street, Pittsburgh, PA 15210, USA" type="OFFENSE" description="*********************************************** &lt;br/&gt;Possession of Controlled Substance&lt;br/&gt;Marijuana: Possession Small Amount&lt;br/&gt;Possession of Controlled Substance&lt;br/&gt;Marijuana: Possession Small Amount&lt;br/&gt;"/><marker lat="40.4596164" lng="-80.0190982" zone="Zone 1" incidentdate="2014-07-01" incidentnumber="14126422" address="A Street &amp; Lysle Street, Pittsburgh, PA 15212, USA" type="OFFENSE" description="*********************************************** &lt;br/&gt;False Identification to Law Enforcement Authorities&lt;br/&gt;False Identification to Law Enforcement Authorities&lt;br/&gt;"/><marker lat="40.4596164" lng="-80.0190982" zone="Zone 1" incidentdate="2014-07-01" incidentnumber="14126422" address="A Street &amp; Lysle Street, Pittsburgh, PA 15212, USA" type="ARREST" description="*********************************************** &lt;br/&gt;False Identification to Law Enforcement Authorities&lt;br/&gt;False Identification to Law Enforcement Authorities&lt;br/&gt;"/><marker lat="40.4596164" lng="-80.0190982" zone="Zone 1" incidentdate="2014-07-01" incidentnumber="14126422" address="A Street &amp; Lysle Street, Pittsburgh, PA 15212, USA" type="OFFENSE" description="*********************************************** &lt;br/&gt;False Identification to Law Enforcement Authorities&lt;br/&gt;False Identification to Law Enforcement Authorities&lt;br/&gt;"/><marker lat="40.4596164" lng="-80.0190982" zone="Zone 1" incidentdate="2014-07-01" incidentnumber="14126422" address="A Street &amp; Lysle Street, Pittsburgh, PA 15212, USA" type="ARREST" description="*********************************************** &lt;br/&gt;False Identification to Law Enforcement Authorities&lt;br/&gt;False Identification to Law Enforcement Authorities&lt;br/&gt;"/><marker lat="40.4575654" lng="-80.0574335" zone="Zone 6" incidentdate="2014-07-01" incidentnumber="14126400" address="Ashlyn Street &amp; Sorg Way, Pittsburgh, PA 15204, USA" type="ARREST" description="*********************************************** &lt;br/&gt;Possession of Controlled Substance&lt;br/&gt;Possession of Controlled Substance&lt;br/&gt;"/><marker lat="40.4575654" lng="-80.0574335" zone="Zone 6" incidentdate="2014-07-01" incidentnumber="14126400" address="Ashlyn Street &amp; Sorg Way, Pittsburgh, PA 15204, USA" type="OFFENSE" description="*********************************************** &lt;br/&gt;Possession of Controlled Substance&lt;br/&gt;Possession of Controlled Substance&lt;br/&gt;"/><marker lat="40.39135479999999" lng="-79.9853024" zone="Zone 3" incidentdate="2014-07-01" incidentnumber="14126421" address="2200 Lutz Avenue, Pittsburgh, PA 15210, USA" type="OFFENSE" description="*********************************************** &lt;br/&gt;Simple Assault.&lt;br/&gt;Harassment (Non-Specific)&lt;br/&gt;Simple Assault.&lt;br/&gt;Harassment (Non-Specific)&lt;br/&gt;Simple Assault.&lt;br/&gt;Harassment (Non-Specific)&lt;br/&gt;"/><marker lat="40.425786" lng="-79.9676731" zone="Zone 3" incidentdate="2014-07-01" incidentnumber="14126365" address="2700 Larkins Way, Pittsburgh, PA 15203, USA" type="OFFENSE" description="*********************************************** &lt;br/&gt;Harassment No Legitimate Purpose&lt;br/&gt;"/><marker lat="40.4563" lng="-79.88764499999999" zone="Zone 5" incidentdate="2014-07-01" incidentnumber="14126403" address="7700 Baxter Street, Pittsburgh, PA 15208, USA" type="ARREST" description="*********************************************** &lt;br/&gt;Bench Warrant&lt;br/&gt;Bench Warrant&lt;br/&gt;"/><marker lat="40.3903497" lng="-79.98161669999999" zone="Zone 3" incidentdate="2014-07-01" incidentnumber="14126428" address="Carrick Avenue, Pittsburgh, PA 15210, USA" type="OFFENSE" description="*********************************************** &lt;br/&gt;Simple Assault.&lt;br/&gt;"/><marker lat="40.39135479999999" lng="-79.9853024" zone="Zone 3" incidentdate="2014-07-01" incidentnumber="14126421" address="2200 Lutz Avenue, Pittsburgh, PA 15210, USA" type="ARREST" description="*********************************************** &lt;br/&gt;Simple Assault.&lt;br/&gt;Harassment (Non-Specific)&lt;br/&gt;Simple Assault.&lt;br/&gt;Harassment (Non-Specific)&lt;br/&gt;Simple Assault.&lt;br/&gt;Harassment (Non-Specific)&lt;br/&gt;"/><marker lat="40.39135479999999" lng="-79.9853024" zone="Zone 3" incidentdate="2014-07-01" incidentnumber="14126421" address="2200 Lutz Avenue, Pittsburgh, PA 15210, USA" type="ARREST" description="*********************************************** &lt;br/&gt;Simple Assault.&lt;br/&gt;Harassment (Non-Specific)&lt;br/&gt;Simple Assault.&lt;br/&gt;Harassment (Non-Specific)&lt;br/&gt;Simple Assault.&lt;br/&gt;Harassment (Non-Specific)&lt;br/&gt;"/><marker lat="40.473554" lng="-80.00914" zone="Zone 1" incidentdate="2014-07-01" incidentnumber="14126439" address="2800 Veteran Street, Pittsburgh, PA 15214, USA" type="OFFENSE" description="*********************************************** &lt;br/&gt;Simple Assault.&lt;br/&gt;Simple Assault.&lt;br/&gt;"/><marker lat="40.473554" lng="-80.00914" zone="Zone 1" incidentdate="2014-07-01" incidentnumber="14126439" address="2800 Veteran Street, Pittsburgh, PA 15214, USA" type="OFFENSE" description="*********************************************** &lt;br/&gt;Simple Assault.&lt;br/&gt;Simple Assault.&lt;br/&gt;"/><marker lat="40.473554" lng="-80.00914" zone="Zone 1" incidentdate="2014-07-01" incidentnumber="14126439" address="2800 Veteran Street, Pittsburgh, PA 15214, USA" type="ARREST" description="*********************************************** &lt;br/&gt;Simple Assault.&lt;br/&gt;Simple Assault.&lt;br/&gt;"/><marker lat="40.473554" lng="-80.00914" zone="Zone 1" incidentdate="2014-07-01" incidentnumber="14126439" address="2800 Veteran Street, Pittsburgh, PA 15214, USA" type="ARREST" description="*********************************************** &lt;br/&gt;Simple Assault.&lt;br/&gt;Simple Assault.&lt;br/&gt;"/><marker lat="40.4527129" lng="-79.8666384" zone="Zone 5" incidentdate="2014-07-01" incidentnumber="14126448" address="2200 Wilner Drive, Pittsburgh, PA 15221, USA" type="OFFENSE" description="*********************************************** &lt;br/&gt;Criminal Mischief.&lt;br/&gt;"/><marker lat="40.4218033" lng="-79.9932894" zone="Zone 3" incidentdate="2014-07-01" incidentnumber="14126476" address="East Warrington Avenue &amp; Asteroid Way, Pittsburgh, PA 15210, USA" type="ARREST" description="*********************************************** &lt;br/&gt;Marijuana: Possession Small Amount&lt;br/&gt;Paraphernalia - Use or Possession&lt;br/&gt;Paraphernalia - Use or Possession&lt;br/&gt;General Lighting Requirements.&lt;br/&gt;Marijuana: Possession Small Amount&lt;br/&gt;Paraphernalia - Use or Possession&lt;br/&gt;General Lighting Requirements.&lt;br/&gt;"/><marker lat="40.4218033" lng="-79.9932894" zone="Zone 3" incidentdate="2014-07-01" incidentnumber="14126476" address="East Warrington Avenue &amp; Asteroid Way, Pittsburgh, PA 15210, USA" type="ARREST" description="*********************************************** &lt;br/&gt;Marijuana: Possession Small Amount&lt;br/&gt;Paraphernalia - Use or Possession&lt;br/&gt;Paraphernalia - Use or Possession&lt;br/&gt;General Lighting Requirements.&lt;br/&gt;Marijuana: Possession Small Amount&lt;br/&gt;Paraphernalia - Use or Possession&lt;br/&gt;General Lighting Requirements.&lt;br/&gt;"/><marker lat="40.4218033" lng="-79.9932894" zone="Zone 3" incidentdate="2014-07-01" incidentnumber="14126476" address="East Warrington Avenue &amp; Asteroid Way, Pittsburgh, PA 15210, USA" type="ARREST" description="*********************************************** &lt;br/&gt;Marijuana: Possession Small Amount&lt;br/&gt;Paraphernalia - Use or Possession&lt;br/&gt;Paraphernalia - Use or Possession&lt;br/&gt;General Lighting Requirements.&lt;br/&gt;Marijuana: Possession Small Amount&lt;br/&gt;Paraphernalia - Use or Possession&lt;br/&gt;General Lighting Requirements.&lt;br/&gt;"/><marker lat="40.41882820000001" lng="-80.00224589999999" zone="Zone 3" incidentdate="2014-07-01" incidentnumber="14126384" address="300 Freeland Street, Pittsburgh, PA 15210, USA" type="ARREST" description="*********************************************** &lt;br/&gt;Possession of Controlled Substance&lt;br/&gt;Marijuana: Possession Small Amount&lt;br/&gt;Possession of Controlled Substance&lt;br/&gt;Marijuana: Possession Small Amount&lt;br/&gt;"/><marker lat="40.4218033" lng="-79.9932894" zone="Zone 3" incidentdate="2014-07-01" incidentnumber="14126476" address="East Warrington Avenue &amp; Asteroid Way, Pittsburgh, PA 15210, USA" type="OFFENSE" description="*********************************************** &lt;br/&gt;Marijuana: Possession Small Amount&lt;br/&gt;Paraphernalia - Use or Possession&lt;br/&gt;Paraphernalia - Use or Possession&lt;br/&gt;General Lighting Requirements.&lt;br/&gt;Marijuana: Possession Small Amount&lt;br/&gt;Paraphernalia - Use or Possession&lt;br/&gt;General Lighting Requirements.&lt;br/&gt;"/><marker lat="40.4578969" lng="-79.8985271" zone="Zone 5" incidentdate="2014-07-01" incidentnumber="14126461" address="Frankstown Avenue &amp; North Lang Avenue, Pittsburgh, PA 15208, USA" type="ARREST" description="*********************************************** &lt;br/&gt;Bench Warrant&lt;br/&gt;Bench Warrant&lt;br/&gt;"/><marker lat="40.4578969" lng="-79.8985271" zone="Zone 5" incidentdate="2014-07-01" incidentnumber="14126461" address="Frankstown Avenue &amp; North Lang Avenue, Pittsburgh, PA 15208, USA" type="OFFENSE" description="*********************************************** &lt;br/&gt;Bench Warrant&lt;br/&gt;Bench Warrant&lt;br/&gt;"/></markers>

