<?xml version="1.0"?>
<markers><marker lat="40.4627067" lng="-79.96485229999999" zone="Zone 5" incidentdate="2014-07-02" incidentnumber="14127000" address="Ohara Place, Pittsburgh, PA 15201, USA" type="OFFENSE" description="*********************************************** &lt;br/&gt;Theft by Unlawful Taking or Disposition.&lt;br/&gt;"/><marker lat="40.438195" lng="-79.99987089999999" zone="Zone 2" incidentdate="2014-07-02" incidentnumber="14126539" address="Smithfield Street &amp; Third Avenue, Pittsburgh, PA 15219, USA" type="OFFENSE" description="*********************************************** &lt;br/&gt;Harassment.&lt;br/&gt;"/><marker lat="40.438195" lng="-79.99987089999999" zone="Zone 2" incidentdate="2014-07-02" incidentnumber="14126539" address="Smithfield Street &amp; Third Avenue, Pittsburgh, PA 15219, USA" type="OFFENSE" description="*********************************************** &lt;br/&gt;Harassment.&lt;br/&gt;"/><marker lat="40.443611" lng="-79.9980439" zone="Zone 2" incidentdate="2014-07-02" incidentnumber="14126552" address="900 Penn Avenue, Pittsburgh, PA 15222, USA" type="OFFENSE" description="*********************************************** &lt;br/&gt;Theft of services; ACQUISITION OF SERVICES - refusal to pay or offer to pay for a service (hotels and restaurants)&lt;br/&gt;and restaurants)&lt;br/&gt;Theft of services; ACQUISITION OF SERVICES - refusal to pay or offer to pay for a service (hotels and restaurants)&lt;br/&gt;and restaurants)&lt;br/&gt;"/><marker lat="40.443611" lng="-79.9980439" zone="Zone 2" incidentdate="2014-07-02" incidentnumber="14126552" address="900 Penn Avenue, Pittsburgh, PA 15222, USA" type="OFFENSE" description="*********************************************** &lt;br/&gt;Theft of services; ACQUISITION OF SERVICES - refusal to pay or offer to pay for a service (hotels and restaurants)&lt;br/&gt;and restaurants)&lt;br/&gt;Theft of services; ACQUISITION OF SERVICES - refusal to pay or offer to pay for a service (hotels and restaurants)&lt;br/&gt;and restaurants)&lt;br/&gt;"/><marker lat="40.4745602" lng="-80.0022146" zone="Zone 1" incidentdate="2014-07-02" incidentnumber="14126534" address="Penfort Street, Pittsburgh, PA 15214, USA" type="OFFENSE" description="*********************************************** &lt;br/&gt;DUI - General Impairment&lt;br/&gt;DUI - General Impairment&lt;br/&gt;"/><marker lat="40.4745602" lng="-80.0022146" zone="Zone 1" incidentdate="2014-07-02" incidentnumber="14126534" address="Penfort Street, Pittsburgh, PA 15214, USA" type="OFFENSE" description="*********************************************** &lt;br/&gt;DUI - General Impairment&lt;br/&gt;DUI - General Impairment&lt;br/&gt;"/><marker lat="40.443611" lng="-79.9980439" zone="Zone 2" incidentdate="2014-07-02" incidentnumber="14126552" address="900 Penn Avenue, Pittsburgh, PA 15222, USA" type="ARREST" description="*********************************************** &lt;br/&gt;Theft of services; ACQUISITION OF SERVICES - refusal to pay or offer to pay for a service (hotels and restaurants)&lt;br/&gt;and restaurants)&lt;br/&gt;Theft of services; ACQUISITION OF SERVICES - refusal to pay or offer to pay for a service (hotels and restaurants)&lt;br/&gt;and restaurants)&lt;br/&gt;"/><marker lat="40.443611" lng="-79.9980439" zone="Zone 2" incidentdate="2014-07-02" incidentnumber="14126552" address="900 Penn Avenue, Pittsburgh, PA 15222, USA" type="ARREST" description="*********************************************** &lt;br/&gt;Theft of services; ACQUISITION OF SERVICES - refusal to pay or offer to pay for a service (hotels and restaurants)&lt;br/&gt;and restaurants)&lt;br/&gt;Theft of services; ACQUISITION OF SERVICES - refusal to pay or offer to pay for a service (hotels and restaurants)&lt;br/&gt;and restaurants)&lt;br/&gt;"/><marker lat="40.4575158" lng="-79.8968924" zone="Zone 5" incidentdate="2014-07-02" incidentnumber="14126558" address="7100 Frankstown Avenue, Pittsburgh, PA 15208, USA" type="OFFENSE" description="*********************************************** &lt;br/&gt;Recklessly Endangering Another Person.&lt;br/&gt;(a) Disruptive activity prepetrataed/caused/permitted on property by owner(s)/tenant(s)/occupant(s)/invitee(s) of the property&lt;br/&gt;(a) Disruptive activity prepetrataed/caused/permitted on property by owner(s)/tenant(s)/occupant(s)/invitee(s) of the property&lt;br/&gt;Recklessly Endangering Another Person.&lt;br/&gt;(a) Disruptive activity prepetrataed/caused/permitted on property by owner(s)/tenant(s)/occupant(s)/invitee(s) of the property&lt;br/&gt;"/><marker lat="40.4722505" lng="-79.9282185" zone="Zone 5" incidentdate="2014-07-02" incidentnumber="14126561" address="5500 Stanton Avenue, Pittsburgh, PA 15206, USA" type="OFFENSE" description="*********************************************** &lt;br/&gt;9999 - (Misc. Incident):&lt;br/&gt;"/><marker lat="40.4745602" lng="-80.0022146" zone="Zone 1" incidentdate="2014-07-02" incidentnumber="14126534" address="Penfort Street, Pittsburgh, PA 15214, USA" type="ARREST" description="*********************************************** &lt;br/&gt;DUI - General Impairment&lt;br/&gt;DUI - General Impairment&lt;br/&gt;"/><marker lat="40.4745602" lng="-80.0022146" zone="Zone 1" incidentdate="2014-07-02" incidentnumber="14126534" address="Penfort Street, Pittsburgh, PA 15214, USA" type="ARREST" description="*********************************************** &lt;br/&gt;DUI - General Impairment&lt;br/&gt;DUI - General Impairment&lt;br/&gt;"/><marker lat="40.4575158" lng="-79.8968924" zone="Zone 5" incidentdate="2014-07-02" incidentnumber="14126558" address="7100 Frankstown Avenue, Pittsburgh, PA 15208, USA" type="ARREST" description="*********************************************** &lt;br/&gt;Recklessly Endangering Another Person.&lt;br/&gt;(a) Disruptive activity prepetrataed/caused/permitted on property by owner(s)/tenant(s)/occupant(s)/invitee(s) of the property&lt;br/&gt;(a) Disruptive activity prepetrataed/caused/permitted on property by owner(s)/tenant(s)/occupant(s)/invitee(s) of the property&lt;br/&gt;Recklessly Endangering Another Person.&lt;br/&gt;(a) Disruptive activity prepetrataed/caused/permitted on property by owner(s)/tenant(s)/occupant(s)/invitee(s) of the property&lt;br/&gt;"/><marker lat="40.429938" lng="-80.011208" zone="Zone 3" incidentdate="2014-07-02" incidentnumber="14126573" address="300 Belonda Street, Pittsburgh, PA 15211, USA" type="OFFENSE" description="*********************************************** &lt;br/&gt;Simple Assault.&lt;br/&gt;"/><marker lat="40.43057049999999" lng="-80.00048579999999" zone="Zone 3" incidentdate="2014-07-02" incidentnumber="14126592" address="East Carson Street &amp; South 1st Street, Pittsburgh, PA 15219, USA" type="OFFENSE" description="*********************************************** &lt;br/&gt;Driving While Operating Privilege is Suspended or Revoked.&lt;br/&gt;Stop Signs and Yield Signs.&lt;br/&gt;Required Position and Method of Turning.&lt;br/&gt;Firearms not to be Carried without a License.&lt;br/&gt;Possesion of Firearm with Altered Mfg. Number&lt;br/&gt;Altering or Obliterating Marks of Identification.&lt;br/&gt;Driving While Operating Privilege is Suspended or Revoked.&lt;br/&gt;Stop Signs and Yield Signs.&lt;br/&gt;Turning Movements and Required Signals.&lt;br/&gt;Operation of Vehicle without Official Certif. of Inspection&lt;br/&gt;Firearms not to be Carried without a License.&lt;br/&gt;Possesion of Firearm with Altered Mfg. Number&lt;br/&gt;Firearms not to be Carried without a License.&lt;br/&gt;Possesion of Firearm with Altered Mfg. Number&lt;br/&gt;Firearms not to be Carried without a License.&lt;br/&gt;Possesion of Firearm with Altered Mfg. Number&lt;br/&gt;"/><marker lat="40.43057049999999" lng="-80.00048579999999" zone="Zone 3" incidentdate="2014-07-02" incidentnumber="14126592" address="East Carson Street &amp; South 1st Street, Pittsburgh, PA 15219, USA" type="ARREST" description="*********************************************** &lt;br/&gt;Driving While Operating Privilege is Suspended or Revoked.&lt;br/&gt;Stop Signs and Yield Signs.&lt;br/&gt;Required Position and Method of Turning.&lt;br/&gt;Firearms not to be Carried without a License.&lt;br/&gt;Possesion of Firearm with Altered Mfg. Number&lt;br/&gt;Altering or Obliterating Marks of Identification.&lt;br/&gt;Driving While Operating Privilege is Suspended or Revoked.&lt;br/&gt;Stop Signs and Yield Signs.&lt;br/&gt;Turning Movements and Required Signals.&lt;br/&gt;Operation of Vehicle without Official Certif. of Inspection&lt;br/&gt;Firearms not to be Carried without a License.&lt;br/&gt;Possesion of Firearm with Altered Mfg. Number&lt;br/&gt;Firearms not to be Carried without a License.&lt;br/&gt;Possesion of Firearm with Altered Mfg. Number&lt;br/&gt;Firearms not to be Carried without a License.&lt;br/&gt;Possesion of Firearm with Altered Mfg. Number&lt;br/&gt;"/><marker lat="40.43057049999999" lng="-80.00048579999999" zone="Zone 3" incidentdate="2014-07-02" incidentnumber="14126592" address="East Carson Street &amp; South 1st Street, Pittsburgh, PA 15219, USA" type="ARREST" description="*********************************************** &lt;br/&gt;Driving While Operating Privilege is Suspended or Revoked.&lt;br/&gt;Stop Signs and Yield Signs.&lt;br/&gt;Required Position and Method of Turning.&lt;br/&gt;Firearms not to be Carried without a License.&lt;br/&gt;Possesion of Firearm with Altered Mfg. Number&lt;br/&gt;Altering or Obliterating Marks of Identification.&lt;br/&gt;Driving While Operating Privilege is Suspended or Revoked.&lt;br/&gt;Stop Signs and Yield Signs.&lt;br/&gt;Turning Movements and Required Signals.&lt;br/&gt;Operation of Vehicle without Official Certif. of Inspection&lt;br/&gt;Firearms not to be Carried without a License.&lt;br/&gt;Possesion of Firearm with Altered Mfg. Number&lt;br/&gt;Firearms not to be Carried without a License.&lt;br/&gt;Possesion of Firearm with Altered Mfg. Number&lt;br/&gt;Firearms not to be Carried without a License.&lt;br/&gt;Possesion of Firearm with Altered Mfg. Number&lt;br/&gt;"/><marker lat="40.43057049999999" lng="-80.00048579999999" zone="Zone 3" incidentdate="2014-07-02" incidentnumber="14126592" address="East Carson Street &amp; South 1st Street, Pittsburgh, PA 15219, USA" type="ARREST" description="*********************************************** &lt;br/&gt;Driving While Operating Privilege is Suspended or Revoked.&lt;br/&gt;Stop Signs and Yield Signs.&lt;br/&gt;Required Position and Method of Turning.&lt;br/&gt;Firearms not to be Carried without a License.&lt;br/&gt;Possesion of Firearm with Altered Mfg. Number&lt;br/&gt;Altering or Obliterating Marks of Identification.&lt;br/&gt;Driving While Operating Privilege is Suspended or Revoked.&lt;br/&gt;Stop Signs and Yield Signs.&lt;br/&gt;Turning Movements and Required Signals.&lt;br/&gt;Operation of Vehicle without Official Certif. of Inspection&lt;br/&gt;Firearms not to be Carried without a License.&lt;br/&gt;Possesion of Firearm with Altered Mfg. Number&lt;br/&gt;Firearms not to be Carried without a License.&lt;br/&gt;Possesion of Firearm with Altered Mfg. Number&lt;br/&gt;Firearms not to be Carried without a License.&lt;br/&gt;Possesion of Firearm with Altered Mfg. Number&lt;br/&gt;"/><marker lat="40.4729132" lng="-79.9298337" zone="Zone 5" incidentdate="2014-07-02" incidentnumber="14126620" address="800 Highview Street, Pittsburgh, PA 15206, USA" type="OFFENSE" description="*********************************************** &lt;br/&gt;Theft of Property Lost, Mislaid or Delivered by Mistake.&lt;br/&gt;"/><marker lat="40.4514968" lng="-79.9533399" zone="Zone 4" incidentdate="2014-07-02" incidentnumber="14126634" address="Centre Avenue &amp; North Dithridge Street, Pittsburgh, PA 15213, USA" type="OFFENSE" description="*********************************************** &lt;br/&gt;Possession of Controlled Substance&lt;br/&gt;Possession w/ Intent to Del. Controlled Substance&lt;br/&gt;Paraphernalia - Use or Possession&lt;br/&gt;Driving While Operating Privilege is Suspended or Revoked.&lt;br/&gt;Possession of Controlled Substance&lt;br/&gt;Possession w/ Intent to Del. Controlled Substance&lt;br/&gt;Paraphernalia - Use or Possession&lt;br/&gt;Driving While Operating Privilege is Suspended or Revoked.&lt;br/&gt;"/><marker lat="40.4514968" lng="-79.9533399" zone="Zone 4" incidentdate="2014-07-02" incidentnumber="14126634" address="Centre Avenue &amp; North Dithridge Street, Pittsburgh, PA 15213, USA" type="ARREST" description="*********************************************** &lt;br/&gt;Possession of Controlled Substance&lt;br/&gt;Possession w/ Intent to Del. Controlled Substance&lt;br/&gt;Paraphernalia - Use or Possession&lt;br/&gt;Driving While Operating Privilege is Suspended or Revoked.&lt;br/&gt;Possession of Controlled Substance&lt;br/&gt;Possession w/ Intent to Del. Controlled Substance&lt;br/&gt;Paraphernalia - Use or Possession&lt;br/&gt;Driving While Operating Privilege is Suspended or Revoked.&lt;br/&gt;"/><marker lat="40.471215" lng="-80.008297" zone="Zone 1" incidentdate="2014-07-02" incidentnumber="14126649" address="2600 Perrysville Avenue, Pittsburgh, PA 15214, USA" type="OFFENSE" description="*********************************************** &lt;br/&gt;Aided Case&lt;br/&gt;"/><marker lat="40.471215" lng="-80.008297" zone="Zone 1" incidentdate="2014-07-02" incidentnumber="14126649" address="2600 Perrysville Avenue, Pittsburgh, PA 15214, USA" type="OFFENSE" description="*********************************************** &lt;br/&gt;Aided Case&lt;br/&gt;"/><marker lat="40.418112" lng="-80.005515" zone="Zone 3" incidentdate="2014-07-02" incidentnumber="14126648" address="500 Gearing Avenue, Pittsburgh, PA 15210, USA" type="OFFENSE" description="*********************************************** &lt;br/&gt;Recklessly Endangering Another Person.&lt;br/&gt;Criminal Mischief.&lt;br/&gt;"/><marker lat="40.4154719" lng="-79.9905754" zone="Zone 3" incidentdate="2014-07-02" incidentnumber="14126664" address="Knox Avenue, Pittsburgh, PA 15210, USA" type="OFFENSE" description="*********************************************** &lt;br/&gt;Simple Assault.&lt;br/&gt;Simple Assault.&lt;br/&gt;"/><marker lat="40.45368310000001" lng="-79.93087729999999" zone="Zone 4" incidentdate="2014-07-02" incidentnumber="14126669" address="700 Summerlea Street, Pittsburgh, PA 15232, USA" type="OFFENSE" description="*********************************************** &lt;br/&gt;Burglary.&lt;br/&gt;Burglary.&lt;br/&gt;"/><marker lat="40.445085" lng="-79.97370169999999" zone="Zone 2" incidentdate="2014-07-02" incidentnumber="14126668" address="2300 Centre Avenue, Pittsburgh, PA 15219, USA" type="OFFENSE" description="*********************************************** &lt;br/&gt;Robbery.&lt;br/&gt;"/><marker lat="40.445085" lng="-79.97370169999999" zone="Zone 2" incidentdate="2014-07-02" incidentnumber="14126668" address="2300 Centre Avenue, Pittsburgh, PA 15219, USA" type="OFFENSE" description="*********************************************** &lt;br/&gt;Robbery.&lt;br/&gt;"/><marker lat="40.4154719" lng="-79.9905754" zone="Zone 3" incidentdate="2014-07-02" incidentnumber="14126664" address="Knox Avenue, Pittsburgh, PA 15210, USA" type="ARREST" description="*********************************************** &lt;br/&gt;Simple Assault.&lt;br/&gt;Simple Assault.&lt;br/&gt;"/><marker lat="40.45368310000001" lng="-79.93087729999999" zone="Zone 4" incidentdate="2014-07-02" incidentnumber="14126669" address="700 Summerlea Street, Pittsburgh, PA 15232, USA" type="ARREST" description="*********************************************** &lt;br/&gt;Burglary.&lt;br/&gt;Burglary.&lt;br/&gt;"/><marker lat="40.44866409999999" lng="-79.9893506" zone="Zone 2" incidentdate="2014-07-02" incidentnumber="14126685" address="Smallman Street &amp; 15th Street, Pittsburgh, PA 15222, USA" type="OFFENSE" description="*********************************************** &lt;br/&gt;Criminal Mischief.&lt;br/&gt;Theft from Vehicle&lt;br/&gt;Possessing Instruments of Crime.&lt;br/&gt;Criminal Mischief.&lt;br/&gt;Theft from Vehicle&lt;br/&gt;Possessing Instruments of Crime.&lt;br/&gt;"/><marker lat="40.44866409999999" lng="-79.9893506" zone="Zone 2" incidentdate="2014-07-02" incidentnumber="14126685" address="Smallman Street &amp; 15th Street, Pittsburgh, PA 15222, USA" type="OFFENSE" description="*********************************************** &lt;br/&gt;Criminal Mischief.&lt;br/&gt;Theft from Vehicle&lt;br/&gt;Possessing Instruments of Crime.&lt;br/&gt;Criminal Mischief.&lt;br/&gt;Theft from Vehicle&lt;br/&gt;Possessing Instruments of Crime.&lt;br/&gt;"/><marker lat="40.4386519" lng="-79.9932438" zone="Zone 2" incidentdate="2014-07-02" incidentnumber="14126823" address="700 Diamond Street, Pittsburgh, PA 15219, USA" type="OFFENSE" description="*********************************************** &lt;br/&gt;Criminal Mischief.&lt;br/&gt;"/><marker lat="40.4386519" lng="-79.9932438" zone="Zone 2" incidentdate="2014-07-02" incidentnumber="14126823" address="700 Diamond Street, Pittsburgh, PA 15219, USA" type="OFFENSE" description="*********************************************** &lt;br/&gt;Criminal Mischief.&lt;br/&gt;"/><marker lat="40.5302732" lng="-80.02435179999999" zone="Zone 2" incidentdate="2014-07-02" incidentnumber="14120722" address="3rd Avenue, Pittsburgh, PA 15229, USA" type="ARREST" description="*********************************************** &lt;br/&gt;Simple Assault.&lt;br/&gt;Simple Assault.&lt;br/&gt;"/><marker lat="40.5302732" lng="-80.02435179999999" zone="Zone 2" incidentdate="2014-07-02" incidentnumber="14120722" address="3rd Avenue, Pittsburgh, PA 15229, USA" type="ARREST" description="*********************************************** &lt;br/&gt;Simple Assault.&lt;br/&gt;Simple Assault.&lt;br/&gt;"/><marker lat="40.46811539999999" lng="-80.0251595" zone="Zone 1" incidentdate="2014-07-02" incidentnumber="14126713" address="2600 Brighton Road, Pittsburgh, PA 15212, USA" type="OFFENSE" description="*********************************************** &lt;br/&gt;Criminal Mischief.&lt;br/&gt;"/><marker lat="40.46811539999999" lng="-80.0251595" zone="Zone 1" incidentdate="2014-07-02" incidentnumber="14126713" address="2600 Brighton Road, Pittsburgh, PA 15212, USA" type="OFFENSE" description="*********************************************** &lt;br/&gt;Criminal Mischief.&lt;br/&gt;"/><marker lat="40.44866409999999" lng="-79.9893506" zone="Zone 2" incidentdate="2014-07-02" incidentnumber="14126685" address="Smallman Street &amp; 15th Street, Pittsburgh, PA 15222, USA" type="ARREST" description="*********************************************** &lt;br/&gt;Criminal Mischief.&lt;br/&gt;Theft from Vehicle&lt;br/&gt;Possessing Instruments of Crime.&lt;br/&gt;Criminal Mischief.&lt;br/&gt;Theft from Vehicle&lt;br/&gt;Possessing Instruments of Crime.&lt;br/&gt;"/><marker lat="40.44866409999999" lng="-79.9893506" zone="Zone 2" incidentdate="2014-07-02" incidentnumber="14126685" address="Smallman Street &amp; 15th Street, Pittsburgh, PA 15222, USA" type="ARREST" description="*********************************************** &lt;br/&gt;Criminal Mischief.&lt;br/&gt;Theft from Vehicle&lt;br/&gt;Possessing Instruments of Crime.&lt;br/&gt;Criminal Mischief.&lt;br/&gt;Theft from Vehicle&lt;br/&gt;Possessing Instruments of Crime.&lt;br/&gt;"/><marker lat="40.4641564" lng="-79.9032616" zone="Zone 5" incidentdate="2014-07-02" incidentnumber="14038012" address="6700 Rowan Street, Pittsburgh, PA 15206, USA" type="ARREST" description="*********************************************** &lt;br/&gt;Criminal Homicide.&lt;br/&gt;Aggravated Assault.&lt;br/&gt;Recklessly Endangering Another Person.&lt;br/&gt;Former Convict not to Own a Firearm, Etc.&lt;br/&gt;Criminal Attempt&lt;br/&gt;"/><marker lat="40.4641564" lng="-79.9032616" zone="Zone 5" incidentdate="2014-07-02" incidentnumber="14126755" address="6700 Rowan Street, Pittsburgh, PA 15206, USA" type="ARREST" description="*********************************************** &lt;br/&gt;Possession of Controlled Substance&lt;br/&gt;Possession w/ Intent to Del. Controlled Substance&lt;br/&gt;Tampering with or Fabricating Physical Evidence.&lt;br/&gt;Former Convict not to Own a Firearm, Etc.&lt;br/&gt;Possession of Controlled Substance&lt;br/&gt;Possession w/ Intent to Del. Controlled Substance&lt;br/&gt;Tampering with or Fabricating Physical Evidence.&lt;br/&gt;Former Convict not to Own a Firearm, Etc.&lt;br/&gt;"/><marker lat="40.4641564" lng="-79.9032616" zone="Zone 5" incidentdate="2014-07-02" incidentnumber="14126755" address="6700 Rowan Street, Pittsburgh, PA 15206, USA" type="OFFENSE" description="*********************************************** &lt;br/&gt;Possession of Controlled Substance&lt;br/&gt;Possession w/ Intent to Del. Controlled Substance&lt;br/&gt;Tampering with or Fabricating Physical Evidence.&lt;br/&gt;Former Convict not to Own a Firearm, Etc.&lt;br/&gt;Possession of Controlled Substance&lt;br/&gt;Possession w/ Intent to Del. Controlled Substance&lt;br/&gt;Tampering with or Fabricating Physical Evidence.&lt;br/&gt;Former Convict not to Own a Firearm, Etc.&lt;br/&gt;"/><marker lat="40.4599916" lng="-80.02169339999999" zone="Zone 1" incidentdate="2014-07-02" incidentnumber="14126960" address="1000 Lamont Way, Pittsburgh, PA 15212, USA" type="OFFENSE" description="*********************************************** &lt;br/&gt;Criminal Mischief.&lt;br/&gt;"/><marker lat="40.4599916" lng="-80.02169339999999" zone="Zone 1" incidentdate="2014-07-02" incidentnumber="14126960" address="1000 Lamont Way, Pittsburgh, PA 15212, USA" type="OFFENSE" description="*********************************************** &lt;br/&gt;Criminal Mischief.&lt;br/&gt;"/><marker lat="40.438621" lng="-79.9767342" zone="Zone 4" incidentdate="2014-07-02" incidentnumber="14126708" address="2000 De Ruad Street, Pittsburgh, PA 15219, USA" type="ARREST" description="*********************************************** &lt;br/&gt;Simple Assault.&lt;br/&gt;Public Drunkenness&lt;br/&gt;Simple Assault.&lt;br/&gt;Public Drunkenness&lt;br/&gt;"/><marker lat="40.438621" lng="-79.9767342" zone="Zone 4" incidentdate="2014-07-02" incidentnumber="14126708" address="2000 De Ruad Street, Pittsburgh, PA 15219, USA" type="OFFENSE" description="*********************************************** &lt;br/&gt;Simple Assault.&lt;br/&gt;Public Drunkenness&lt;br/&gt;Simple Assault.&lt;br/&gt;Public Drunkenness&lt;br/&gt;"/><marker lat="40.4410294" lng="-79.986001" zone="Zone 2" incidentdate="2014-07-02" incidentnumber="14126727" address="Centre Avenue &amp; Crawford Street, Pittsburgh, PA 15219, USA" type="OFFENSE" description="*********************************************** &lt;br/&gt;Criminal Mischief.&lt;br/&gt;"/><marker lat="40.4410294" lng="-79.986001" zone="Zone 2" incidentdate="2014-07-02" incidentnumber="14126727" address="Centre Avenue &amp; Crawford Street, Pittsburgh, PA 15219, USA" type="OFFENSE" description="*********************************************** &lt;br/&gt;Criminal Mischief.&lt;br/&gt;"/><marker lat="40.4424694" lng="-79.9609899" zone="Zone 4" incidentdate="2014-07-02" incidentnumber="14126709" address="200 Lothrop Street, University of Pittsburgh, Pittsburgh, PA 15213, USA" type="OFFENSE" description="*********************************************** &lt;br/&gt;Paraphernalia - Use or Possession&lt;br/&gt;"/><marker lat="40.4567689" lng="-80.05628639999999" zone="Zone 6" incidentdate="2014-07-02" incidentnumber="14126733" address="Sheraden, Pittsburgh, PA, USA" type="OFFENSE" description="*********************************************** &lt;br/&gt;Burglary.&lt;br/&gt;"/><marker lat="40.4425511" lng="-79.9857988" zone="Zone 2" incidentdate="2014-07-02" incidentnumber="14126750" address="Protectory Place, Pittsburgh, PA 15219, USA" type="OFFENSE" description="*********************************************** &lt;br/&gt;CRIMINAL MISCHIEF - Intentionally Damages Real Or Personal Property Of Another&lt;br/&gt;"/><marker lat="40.4425511" lng="-79.9857988" zone="Zone 2" incidentdate="2014-07-02" incidentnumber="14126750" address="Protectory Place, Pittsburgh, PA 15219, USA" type="OFFENSE" description="*********************************************** &lt;br/&gt;CRIMINAL MISCHIEF - Intentionally Damages Real Or Personal Property Of Another&lt;br/&gt;"/><marker lat="40.4294494" lng="-79.953767" zone="Zone 4" incidentdate="2014-07-02" incidentnumber="14126832" address="3200 Parkview Avenue, Pittsburgh, PA 15213, USA" type="OFFENSE" description="*********************************************** &lt;br/&gt;Theft by Unlawful Taking or Disposition.&lt;br/&gt;"/><marker lat="40.4265975" lng="-79.9748007" zone="Zone 3" incidentdate="2014-07-02" incidentnumber="14126764" address="2200 Jane Street, Pittsburgh, PA 15203, USA" type="OFFENSE" description="*********************************************** &lt;br/&gt;Criminal Mischief.&lt;br/&gt;Theft from Vehicle&lt;br/&gt;"/><marker lat="40.4274002" lng="-79.97311580000002" zone="Zone 3" incidentdate="2014-07-02" incidentnumber="14126759" address="South 23rd Street, Pittsburgh, PA 15203, USA" type="OFFENSE" description="*********************************************** &lt;br/&gt;Criminal Mischief.&lt;br/&gt;Theft from Vehicle&lt;br/&gt;"/><marker lat="40.4703729" lng="-79.9230517" zone="Zone 5" incidentdate="2014-07-02" incidentnumber="14126749" address="5800 Stanton Avenue, Pittsburgh, PA 15206, USA" type="OFFENSE" description="*********************************************** &lt;br/&gt;Criminal Trespass/Simple Trespasser - Defacing or Damaging the Premises&lt;br/&gt;"/><marker lat="40.4253218" lng="-79.96939309999999" zone="Zone 3" incidentdate="2014-07-02" incidentnumber="14126771" address="South 26th Street &amp; Harcum Way, Pittsburgh, PA 15203, USA" type="OFFENSE" description="*********************************************** &lt;br/&gt;Criminal Mischief.&lt;br/&gt;Theft from Vehicle&lt;br/&gt;"/><marker lat="40.476153" lng="-79.9610737" zone="Zone 2" incidentdate="2014-07-02" incidentnumber="14126842" address="100 47th Street, Pittsburgh, PA 15201, USA" type="OFFENSE" description="*********************************************** &lt;br/&gt;Theft from Vehicle&lt;br/&gt;"/><marker lat="40.476153" lng="-79.9610737" zone="Zone 2" incidentdate="2014-07-02" incidentnumber="14126842" address="100 47th Street, Pittsburgh, PA 15201, USA" type="OFFENSE" description="*********************************************** &lt;br/&gt;Theft from Vehicle&lt;br/&gt;"/><marker lat="40.425304" lng="-79.9438086" zone="Zone 4" incidentdate="2014-07-02" incidentnumber="14126777" address="200 Kaercher Street, Pittsburgh, PA 15207, USA" type="OFFENSE" description="*********************************************** &lt;br/&gt;Theft from Vehicle&lt;br/&gt;"/><marker lat="40.4130821" lng="-80.0211293" zone="Zone 6" incidentdate="2014-07-02" incidentnumber="14126848" address="1400 Alton Street, Pittsburgh, PA 15216, USA" type="OFFENSE" description="*********************************************** &lt;br/&gt;Criminal Mischief.&lt;br/&gt;"/><marker lat="40.4371161" lng="-79.9982417" zone="Zone 2" incidentdate="2014-07-02" incidentnumber="14126997" address="Court Place, Pittsburgh, PA 15219, USA" type="OFFENSE" description="*********************************************** &lt;br/&gt;Theft by Unlawful Taking or Disposition.&lt;br/&gt;"/><marker lat="40.4371161" lng="-79.9982417" zone="Zone 2" incidentdate="2014-07-02" incidentnumber="14126997" address="Court Place, Pittsburgh, PA 15219, USA" type="OFFENSE" description="*********************************************** &lt;br/&gt;Theft by Unlawful Taking or Disposition.&lt;br/&gt;"/><marker lat="40.3989072" lng="-79.99781949999999" zone="Zone 3" incidentdate="2014-07-02" incidentnumber="14126790" address="1500 Nobles Lane, Pittsburgh, PA 15210, USA" type="OFFENSE" description="*********************************************** &lt;br/&gt;Missing Juvenile&lt;br/&gt;"/><marker lat="40.438194" lng="-79.9960447" zone="Zone 2" incidentdate="2014-07-02" incidentnumber="14070973" address="500 Forbes Avenue, Pittsburgh, PA 15219, USA" type="ARREST" description="*********************************************** &lt;br/&gt;Harassment.&lt;br/&gt;Stalking Conduct or Repeatedly Communicates&lt;br/&gt;Harassment.&lt;br/&gt;Stalking Conduct or Repeatedly Communicates&lt;br/&gt;"/><marker lat="40.438194" lng="-79.9960447" zone="Zone 2" incidentdate="2014-07-02" incidentnumber="14070973" address="500 Forbes Avenue, Pittsburgh, PA 15219, USA" type="ARREST" description="*********************************************** &lt;br/&gt;Harassment.&lt;br/&gt;Stalking Conduct or Repeatedly Communicates&lt;br/&gt;Harassment.&lt;br/&gt;Stalking Conduct or Repeatedly Communicates&lt;br/&gt;"/><marker lat="40.45564359999999" lng="-79.93863379999999" zone="Zone 4" incidentdate="2014-07-02" incidentnumber="14126812" address="500 South Aiken Avenue, Pittsburgh, PA 15232, USA" type="OFFENSE" description="*********************************************** &lt;br/&gt;9999 - (Misc. Incident):&lt;br/&gt;"/><marker lat="40.4755513" lng="-80.0035639" zone="Zone 1" incidentdate="2014-07-02" incidentnumber="14126845" address="100 Hazlett Street, Pittsburgh, PA 15214, USA" type="OFFENSE" description="*********************************************** &lt;br/&gt;Possession of Controlled Substance&lt;br/&gt;Possession w/ Intent to Del. Controlled Substance&lt;br/&gt;Paraphernalia - Use or Possession&lt;br/&gt;Possession of Controlled Substance&lt;br/&gt;Possession w/ Intent to Del. Controlled Substance&lt;br/&gt;Paraphernalia - Use or Possession&lt;br/&gt;"/><marker lat="40.4755513" lng="-80.0035639" zone="Zone 1" incidentdate="2014-07-02" incidentnumber="14126845" address="100 Hazlett Street, Pittsburgh, PA 15214, USA" type="ARREST" description="*********************************************** &lt;br/&gt;Possession of Controlled Substance&lt;br/&gt;Possession w/ Intent to Del. Controlled Substance&lt;br/&gt;Paraphernalia - Use or Possession&lt;br/&gt;Possession of Controlled Substance&lt;br/&gt;Possession w/ Intent to Del. Controlled Substance&lt;br/&gt;Paraphernalia - Use or Possession&lt;br/&gt;"/><marker lat="40.4755513" lng="-80.0035639" zone="Zone 1" incidentdate="2014-07-02" incidentnumber="14126845" address="100 Hazlett Street, Pittsburgh, PA 15214, USA" type="OFFENSE" description="*********************************************** &lt;br/&gt;Possession of Controlled Substance&lt;br/&gt;Possession w/ Intent to Del. Controlled Substance&lt;br/&gt;Paraphernalia - Use or Possession&lt;br/&gt;Possession of Controlled Substance&lt;br/&gt;Possession w/ Intent to Del. Controlled Substance&lt;br/&gt;Paraphernalia - Use or Possession&lt;br/&gt;"/><marker lat="40.4755513" lng="-80.0035639" zone="Zone 1" incidentdate="2014-07-02" incidentnumber="14126845" address="100 Hazlett Street, Pittsburgh, PA 15214, USA" type="ARREST" description="*********************************************** &lt;br/&gt;Possession of Controlled Substance&lt;br/&gt;Possession w/ Intent to Del. Controlled Substance&lt;br/&gt;Paraphernalia - Use or Possession&lt;br/&gt;Possession of Controlled Substance&lt;br/&gt;Possession w/ Intent to Del. Controlled Substance&lt;br/&gt;Paraphernalia - Use or Possession&lt;br/&gt;"/><marker lat="40.4571291" lng="-79.93348639999999" zone="Zone 4" incidentdate="2014-07-02" incidentnumber="14127172" address="5700 Centre Avenue, Pittsburgh, PA 15206, USA" type="OFFENSE" description="*********************************************** &lt;br/&gt;Theft of Property Lost, Mislaid or Delivered by Mistake.&lt;br/&gt;"/><marker lat="40.477364" lng="-80.033322" zone="Zone 1" incidentdate="2014-07-02" incidentnumber="14126853" address="3400 Shadeland Avenue, Pittsburgh, PA 15212, USA" type="OFFENSE" description="*********************************************** &lt;br/&gt;Theft by Unlawful Taking or Disposition - Movable item&lt;br/&gt;"/><marker lat="40.477364" lng="-80.033322" zone="Zone 1" incidentdate="2014-07-02" incidentnumber="14126853" address="3400 Shadeland Avenue, Pittsburgh, PA 15212, USA" type="OFFENSE" description="*********************************************** &lt;br/&gt;Theft by Unlawful Taking or Disposition - Movable item&lt;br/&gt;"/><marker lat="40.4371467" lng="-79.96537769999999" zone="Zone 4" incidentdate="2014-07-02" incidentnumber="14126861" address="2600 Fifth Avenue, Pittsburgh, PA 15213, USA" type="OFFENSE" description="*********************************************** &lt;br/&gt;Criminal Mischief.&lt;br/&gt;Theft from Vehicle&lt;br/&gt;"/><marker lat="40.43862600000001" lng="-79.93053599999999" zone="Zone 4" incidentdate="2014-07-02" incidentnumber="14127181" address="5500 Aylesboro Avenue, Pittsburgh, PA 15217, USA" type="OFFENSE" description="*********************************************** &lt;br/&gt;Criminal Mischief.&lt;br/&gt;Theft by Unlawful Taking or Disposition.&lt;br/&gt;"/><marker lat="40.4432565" lng="-80.04168349999999" zone="Zone 6" incidentdate="2014-07-02" incidentnumber="14126864" address="1000 Crucible Street, Pittsburgh, PA 15220, USA" type="ARREST" description="*********************************************** &lt;br/&gt;Possession of Controlled Substance&lt;br/&gt;Paraphernalia - Use or Possession&lt;br/&gt;Possession of Controlled Substance&lt;br/&gt;Paraphernalia - Use or Possession&lt;br/&gt;"/><marker lat="40.4432565" lng="-80.04168349999999" zone="Zone 6" incidentdate="2014-07-02" incidentnumber="14126864" address="1000 Crucible Street, Pittsburgh, PA 15220, USA" type="OFFENSE" description="*********************************************** &lt;br/&gt;Possession of Controlled Substance&lt;br/&gt;Paraphernalia - Use or Possession&lt;br/&gt;Possession of Controlled Substance&lt;br/&gt;Paraphernalia - Use or Possession&lt;br/&gt;"/><marker lat="40.4419764" lng="-79.9711983" zone="Zone 2" incidentdate="2014-07-02" incidentnumber="14126870" address="Burrows Street, Pittsburgh, PA, USA" type="ARREST" description="*********************************************** &lt;br/&gt;Marijuana: Possession Small Amount&lt;br/&gt;Marijuana: Possession Small Amount&lt;br/&gt;"/><marker lat="40.4419764" lng="-79.9711983" zone="Zone 2" incidentdate="2014-07-02" incidentnumber="14126870" address="Burrows Street, Pittsburgh, PA, USA" type="OFFENSE" description="*********************************************** &lt;br/&gt;Marijuana: Possession Small Amount&lt;br/&gt;Marijuana: Possession Small Amount&lt;br/&gt;"/><marker lat="40.4419764" lng="-79.9711983" zone="Zone 2" incidentdate="2014-07-02" incidentnumber="14126870" address="Burrows Street, Pittsburgh, PA, USA" type="ARREST" description="*********************************************** &lt;br/&gt;Marijuana: Possession Small Amount&lt;br/&gt;Marijuana: Possession Small Amount&lt;br/&gt;"/><marker lat="40.4419764" lng="-79.9711983" zone="Zone 2" incidentdate="2014-07-02" incidentnumber="14126870" address="Burrows Street, Pittsburgh, PA, USA" type="OFFENSE" description="*********************************************** &lt;br/&gt;Marijuana: Possession Small Amount&lt;br/&gt;Marijuana: Possession Small Amount&lt;br/&gt;"/><marker lat="40.4725616" lng="-79.89665600000001" zone="Zone 5" incidentdate="2014-07-02" incidentnumber="14120302" address="Wiltsie Street, Pittsburgh, PA 15206, USA" type="ARREST" description="*********************************************** &lt;br/&gt;Drivers Required to be Licensed.&lt;br/&gt;Receiving Stolen Property.&lt;br/&gt;Drivers Required to be Licensed.&lt;br/&gt;Receiving Stolen Property.&lt;br/&gt;"/><marker lat="40.4437224" lng="-80.0545745" zone="Zone 6" incidentdate="2014-07-02" incidentnumber="14126883" address="1600 Steuben Street, Pittsburgh, PA 15205, USA" type="OFFENSE" description="*********************************************** &lt;br/&gt;Possession of Controlled Substance&lt;br/&gt;Possession w/ Intent to Del. Controlled Substance&lt;br/&gt;Paraphernalia - Use or Possession&lt;br/&gt;Registration and Certificate of Title Required.&lt;br/&gt;Display of Registration Plate.&lt;br/&gt;Unauthorized Transfer or Use of Registration.&lt;br/&gt;Drivers Required to be Licensed.&lt;br/&gt;Classes of Licenses.&lt;br/&gt;Driving While Operating Privilege is Suspended or Revoked.&lt;br/&gt;Required Financial Responsibility.&lt;br/&gt;Recklessly Endangering Another Person.&lt;br/&gt;Lane-Direction-Control Signals&lt;br/&gt;Fleeing or Attempting to Elude Police Officer&lt;br/&gt;Reckless Driving&lt;br/&gt;Bribery in Official and Political Matters.&lt;br/&gt;Resisting Arrest or Other Law Enforcement.&lt;br/&gt;Possession of Controlled Substance&lt;br/&gt;Possession w/ Intent to Del. Controlled Substance&lt;br/&gt;Paraphernalia - Use or Possession&lt;br/&gt;Registration and Certificate of Title Required.&lt;br/&gt;Display of Registration Plate.&lt;br/&gt;Unauthorized Transfer or Use of Registration.&lt;br/&gt;Drivers Required to be Licensed.&lt;br/&gt;Classes of Licenses.&lt;br/&gt;Driving While Operating Privilege is Suspended or Revoked.&lt;br/&gt;Required Financial Responsibility.&lt;br/&gt;Recklessly Endangering Another Person.&lt;br/&gt;Lane-Direction-Control Signals&lt;br/&gt;Fleeing or Attempting to Elude Police Officer&lt;br/&gt;Reckless Driving&lt;br/&gt;Operation of Vehicle without Official Certif. of Inspection&lt;br/&gt;Resisting Arrest or Other Law Enforcement.&lt;br/&gt;"/><marker lat="40.4437224" lng="-80.0545745" zone="Zone 6" incidentdate="2014-07-02" incidentnumber="14126883" address="1600 Steuben Street, Pittsburgh, PA 15205, USA" type="ARREST" description="*********************************************** &lt;br/&gt;Possession of Controlled Substance&lt;br/&gt;Possession w/ Intent to Del. Controlled Substance&lt;br/&gt;Paraphernalia - Use or Possession&lt;br/&gt;Registration and Certificate of Title Required.&lt;br/&gt;Display of Registration Plate.&lt;br/&gt;Unauthorized Transfer or Use of Registration.&lt;br/&gt;Drivers Required to be Licensed.&lt;br/&gt;Classes of Licenses.&lt;br/&gt;Driving While Operating Privilege is Suspended or Revoked.&lt;br/&gt;Required Financial Responsibility.&lt;br/&gt;Recklessly Endangering Another Person.&lt;br/&gt;Lane-Direction-Control Signals&lt;br/&gt;Fleeing or Attempting to Elude Police Officer&lt;br/&gt;Reckless Driving&lt;br/&gt;Bribery in Official and Political Matters.&lt;br/&gt;Resisting Arrest or Other Law Enforcement.&lt;br/&gt;Possession of Controlled Substance&lt;br/&gt;Possession w/ Intent to Del. Controlled Substance&lt;br/&gt;Paraphernalia - Use or Possession&lt;br/&gt;Registration and Certificate of Title Required.&lt;br/&gt;Display of Registration Plate.&lt;br/&gt;Unauthorized Transfer or Use of Registration.&lt;br/&gt;Drivers Required to be Licensed.&lt;br/&gt;Classes of Licenses.&lt;br/&gt;Driving While Operating Privilege is Suspended or Revoked.&lt;br/&gt;Required Financial Responsibility.&lt;br/&gt;Recklessly Endangering Another Person.&lt;br/&gt;Lane-Direction-Control Signals&lt;br/&gt;Fleeing or Attempting to Elude Police Officer&lt;br/&gt;Reckless Driving&lt;br/&gt;Operation of Vehicle without Official Certif. of Inspection&lt;br/&gt;Resisting Arrest or Other Law Enforcement.&lt;br/&gt;"/><marker lat="40.4686029" lng="-79.9316791" zone="Zone 5" incidentdate="2014-07-02" incidentnumber="14126892" address="5500 Columbo Street, Pittsburgh, PA 15206, USA" type="OFFENSE" description="*********************************************** &lt;br/&gt;Harassment (Non-Specific)&lt;br/&gt;"/><marker lat="40.435822" lng="-79.9231662" zone="Zone 4" incidentdate="2014-07-02" incidentnumber="14126914" address="1900 Murray Avenue, Pittsburgh, PA 15217, USA" type="OFFENSE" description="*********************************************** &lt;br/&gt;Retail Theft.&lt;br/&gt;"/><marker lat="40.449642" lng="-79.974306" zone="Zone 2" incidentdate="2014-07-02" incidentnumber="14126898" address="2400 Bedford Avenue, Pittsburgh, PA 15219, USA" type="ARREST" description="*********************************************** &lt;br/&gt;Marijuana: Possession Small Amount&lt;br/&gt;Marijuana: Possession Small Amount&lt;br/&gt;"/><marker lat="40.449642" lng="-79.974306" zone="Zone 2" incidentdate="2014-07-02" incidentnumber="14126898" address="2400 Bedford Avenue, Pittsburgh, PA 15219, USA" type="OFFENSE" description="*********************************************** &lt;br/&gt;Marijuana: Possession Small Amount&lt;br/&gt;Marijuana: Possession Small Amount&lt;br/&gt;"/><marker lat="40.449642" lng="-79.974306" zone="Zone 2" incidentdate="2014-07-02" incidentnumber="14126898" address="2400 Bedford Avenue, Pittsburgh, PA 15219, USA" type="ARREST" description="*********************************************** &lt;br/&gt;Marijuana: Possession Small Amount&lt;br/&gt;Marijuana: Possession Small Amount&lt;br/&gt;"/><marker lat="40.449642" lng="-79.974306" zone="Zone 2" incidentdate="2014-07-02" incidentnumber="14126898" address="2400 Bedford Avenue, Pittsburgh, PA 15219, USA" type="OFFENSE" description="*********************************************** &lt;br/&gt;Marijuana: Possession Small Amount&lt;br/&gt;Marijuana: Possession Small Amount&lt;br/&gt;"/><marker lat="40.4553436" lng="-79.9972224" zone="Zone 1" incidentdate="2014-07-02" incidentnumber="14126926" address="800 Peralta Street, Pittsburgh, PA 15212, USA" type="OFFENSE" description="*********************************************** &lt;br/&gt;Criminal Mischief.&lt;br/&gt;"/><marker lat="40.4553436" lng="-79.9972224" zone="Zone 1" incidentdate="2014-07-02" incidentnumber="14126926" address="800 Peralta Street, Pittsburgh, PA 15212, USA" type="OFFENSE" description="*********************************************** &lt;br/&gt;Criminal Mischief.&lt;br/&gt;"/><marker lat="40.4387646" lng="-79.96870249999999" zone="Zone 4" incidentdate="2014-07-02" incidentnumber="14126936" address="Burrows Street &amp; Turner Place, Pittsburgh, PA 15213, USA" type="OFFENSE" description="*********************************************** &lt;br/&gt;Possession of Controlled Substance&lt;br/&gt;Possession w/ Intent to Del. Controlled Substance&lt;br/&gt;Driving While Operating Privilege is Suspended or Revoked.&lt;br/&gt;Stop Signs and Yield Signs.&lt;br/&gt;Possession of Controlled Substance&lt;br/&gt;Possession w/ Intent to Del. Controlled Substance&lt;br/&gt;Driving While Operating Privilege is Suspended or Revoked.&lt;br/&gt;Stop Signs and Yield Signs.&lt;br/&gt;"/><marker lat="40.4387646" lng="-79.96870249999999" zone="Zone 4" incidentdate="2014-07-02" incidentnumber="14126936" address="Burrows Street &amp; Turner Place, Pittsburgh, PA 15213, USA" type="ARREST" description="*********************************************** &lt;br/&gt;Possession of Controlled Substance&lt;br/&gt;Possession w/ Intent to Del. Controlled Substance&lt;br/&gt;Driving While Operating Privilege is Suspended or Revoked.&lt;br/&gt;Stop Signs and Yield Signs.&lt;br/&gt;Possession of Controlled Substance&lt;br/&gt;Possession w/ Intent to Del. Controlled Substance&lt;br/&gt;Driving While Operating Privilege is Suspended or Revoked.&lt;br/&gt;Stop Signs and Yield Signs.&lt;br/&gt;"/><marker lat="40.4556975" lng="-80.0088202" zone="Zone 1" incidentdate="2014-07-02" incidentnumber="14126969" address="Arch Street, Pittsburgh, PA 15212, USA" type="OFFENSE" description="*********************************************** &lt;br/&gt;False  Burglar Alarm&lt;br/&gt;"/><marker lat="40.4556975" lng="-80.0088202" zone="Zone 1" incidentdate="2014-07-02" incidentnumber="14126969" address="Arch Street, Pittsburgh, PA 15212, USA" type="OFFENSE" description="*********************************************** &lt;br/&gt;False  Burglar Alarm&lt;br/&gt;"/><marker lat="40.435467" lng="-79.996404" zone="Zone 2" incidentdate="2014-07-02" incidentnumber="14121082" address="600 1st Avenue, Pittsburgh, PA 15219, USA" type="OFFENSE" description="*********************************************** &lt;br/&gt;Summary Warrants&lt;br/&gt;"/><marker lat="40.435467" lng="-79.996404" zone="Zone 2" incidentdate="2014-07-02" incidentnumber="14121080" address="600 1st Avenue, Pittsburgh, PA 15219, USA" type="OFFENSE" description="*********************************************** &lt;br/&gt;Summary Warrants&lt;br/&gt;"/><marker lat="40.435467" lng="-79.996404" zone="Zone 2" incidentdate="2014-07-02" incidentnumber="14121082" address="600 1st Avenue, Pittsburgh, PA 15219, USA" type="OFFENSE" description="*********************************************** &lt;br/&gt;Summary Warrants&lt;br/&gt;"/><marker lat="40.435467" lng="-79.996404" zone="Zone 2" incidentdate="2014-07-02" incidentnumber="14121080" address="600 1st Avenue, Pittsburgh, PA 15219, USA" type="OFFENSE" description="*********************************************** &lt;br/&gt;Summary Warrants&lt;br/&gt;"/><marker lat="40.4702156" lng="-80.0126609" zone="Zone 1" incidentdate="2014-07-02" incidentnumber="14126978" address="2600 Norwood Avenue, Pittsburgh, PA 15214, USA" type="OFFENSE" description="*********************************************** &lt;br/&gt;Criminal Mischief.&lt;br/&gt;"/><marker lat="40.4702156" lng="-80.0126609" zone="Zone 1" incidentdate="2014-07-02" incidentnumber="14126978" address="2600 Norwood Avenue, Pittsburgh, PA 15214, USA" type="OFFENSE" description="*********************************************** &lt;br/&gt;Criminal Mischief.&lt;br/&gt;"/><marker lat="40.4302324" lng="-79.9760671" zone="Zone 3" incidentdate="2014-07-02" incidentnumber="14126974" address="2100 Wharton Street, Pittsburgh, PA 15203, USA" type="ARREST" description="*********************************************** &lt;br/&gt;Actual Communication&lt;br/&gt;DISORDERLY CONDUCT - HAZARDOUS/PHYS. OFF&lt;br/&gt;Public Drunkenness&lt;br/&gt;Actual Communication&lt;br/&gt;DISORDERLY CONDUCT - HAZARDOUS/PHYS. OFF&lt;br/&gt;Public Drunkenness&lt;br/&gt;"/><marker lat="40.4302324" lng="-79.9760671" zone="Zone 3" incidentdate="2014-07-02" incidentnumber="14126974" address="2100 Wharton Street, Pittsburgh, PA 15203, USA" type="OFFENSE" description="*********************************************** &lt;br/&gt;Actual Communication&lt;br/&gt;DISORDERLY CONDUCT - HAZARDOUS/PHYS. OFF&lt;br/&gt;Public Drunkenness&lt;br/&gt;Actual Communication&lt;br/&gt;DISORDERLY CONDUCT - HAZARDOUS/PHYS. OFF&lt;br/&gt;Public Drunkenness&lt;br/&gt;"/><marker lat="40.4719975" lng="-79.9373626" zone="Zone 5" incidentdate="2014-07-02" incidentnumber="14126996" address="Fern Circle, Pittsburgh, PA 15224, USA" type="OFFENSE" description="*********************************************** &lt;br/&gt;Missing Juvenile&lt;br/&gt;"/><marker lat="40.43940509999999" lng="-79.999057" zone="Zone 2" incidentdate="2014-07-02" incidentnumber="14127170" address="Smithfield Street, Pittsburgh, PA, USA" type="OFFENSE" description="*********************************************** &lt;br/&gt;Theft of Property Lost, Mislaid or Delivered by Mistake.&lt;br/&gt;"/><marker lat="40.43940509999999" lng="-79.999057" zone="Zone 2" incidentdate="2014-07-02" incidentnumber="14127170" address="Smithfield Street, Pittsburgh, PA, USA" type="OFFENSE" description="*********************************************** &lt;br/&gt;Theft of Property Lost, Mislaid or Delivered by Mistake.&lt;br/&gt;"/><marker lat="40.3903497" lng="-79.98161669999999" zone="Zone 3" incidentdate="2014-07-02" incidentnumber="14127005" address="Carrick Avenue, Pittsburgh, PA 15210, USA" type="OFFENSE" description="*********************************************** &lt;br/&gt;Missing Juvenile&lt;br/&gt;"/><marker lat="40.3983235" lng="-80.0262516" zone="Zone 6" incidentdate="2014-07-02" incidentnumber="14127009" address="West Liberty Avenue &amp; Wenzell Avenue, Pittsburgh, PA 15216, USA" type="OFFENSE" description="*********************************************** &lt;br/&gt;Accidents Involving Damage to Attended Veh. or Property&lt;br/&gt;"/><marker lat="40.4555263" lng="-79.868645" zone="Zone 5" incidentdate="2014-07-02" incidentnumber="14126982" address="2400 Bracey Drive, Pittsburgh, PA 15221, USA" type="OFFENSE" description="*********************************************** &lt;br/&gt;9999 - (Misc. Incident):&lt;br/&gt;"/><marker lat="40.451663" lng="-79.904781" zone="Zone 4" incidentdate="2014-07-02" incidentnumber="14127043" address="200 North Murtland Street, Pittsburgh, PA 15208, USA" type="OFFENSE" description="*********************************************** &lt;br/&gt;Accidents Involving Damage to Unattended Veh.or Prop.&lt;br/&gt;"/><marker lat="40.441381" lng="-80.0021092" zone="Zone 2" incidentdate="2014-07-02" incidentnumber="14127018" address="Fifth Avenue &amp; Market Street, Pittsburgh, PA 15222, USA" type="OFFENSE" description="*********************************************** &lt;br/&gt;Identity Theft&lt;br/&gt;Public Drunkenness&lt;br/&gt;Obstructing Highways and Passages.&lt;br/&gt;Aggressive Panhandling: Intentionally Touching&lt;br/&gt;Identity Theft&lt;br/&gt;Public Drunkenness&lt;br/&gt;Obstructing Highways and Passages.&lt;br/&gt;Aggressive Panhandling: Intentionally Touching&lt;br/&gt;"/><marker lat="40.386864" lng="-79.9819244" zone="Zone 3" incidentdate="2014-07-02" incidentnumber="14127022" address="Brownsville Road &amp; Clifton Boulevard, Pittsburgh, PA 15210, USA" type="ARREST" description="*********************************************** &lt;br/&gt;Bench Warrant&lt;br/&gt;Bench Warrant&lt;br/&gt;"/><marker lat="40.441381" lng="-80.0021092" zone="Zone 2" incidentdate="2014-07-02" incidentnumber="14127018" address="Fifth Avenue &amp; Market Street, Pittsburgh, PA 15222, USA" type="ARREST" description="*********************************************** &lt;br/&gt;Identity Theft&lt;br/&gt;Public Drunkenness&lt;br/&gt;Obstructing Highways and Passages.&lt;br/&gt;Aggressive Panhandling: Intentionally Touching&lt;br/&gt;Identity Theft&lt;br/&gt;Public Drunkenness&lt;br/&gt;Obstructing Highways and Passages.&lt;br/&gt;Aggressive Panhandling: Intentionally Touching&lt;br/&gt;"/><marker lat="40.386864" lng="-79.9819244" zone="Zone 3" incidentdate="2014-07-02" incidentnumber="14127022" address="Brownsville Road &amp; Clifton Boulevard, Pittsburgh, PA 15210, USA" type="OFFENSE" description="*********************************************** &lt;br/&gt;Bench Warrant&lt;br/&gt;Bench Warrant&lt;br/&gt;"/><marker lat="40.443561" lng="-79.98004" zone="Zone 2" incidentdate="2014-07-02" incidentnumber="14127036" address="2000 Centre Avenue, Pittsburgh, PA 15219, USA" type="OFFENSE" description="*********************************************** &lt;br/&gt;Aided Case&lt;br/&gt;"/><marker lat="40.4832948" lng="-79.94770749999999" zone="Zone 2" incidentdate="2014-07-02" incidentnumber="14127041" address="400 56th Street, Pittsburgh, PA 15201, USA" type="OFFENSE" description="*********************************************** &lt;br/&gt;Miscellaneous Investigation&lt;br/&gt;"/><marker lat="40.4788525" lng="-80.0010235" zone="Zone 1" incidentdate="2014-07-02" incidentnumber="14127066" address="Mount Pleasant Road, Pittsburgh, PA 15214, USA" type="OFFENSE" description="*********************************************** &lt;br/&gt;9999 - (Misc. Incident):&lt;br/&gt;"/><marker lat="40.4788525" lng="-80.0010235" zone="Zone 1" incidentdate="2014-07-02" incidentnumber="14127066" address="Mount Pleasant Road, Pittsburgh, PA 15214, USA" type="OFFENSE" description="*********************************************** &lt;br/&gt;9999 - (Misc. Incident):&lt;br/&gt;"/><marker lat="40.4681533" lng="-79.9462006" zone="Zone 5" incidentdate="2014-07-02" incidentnumber="14127141" address="4800 Kincaid Street, Pittsburgh, PA 15224, USA" type="OFFENSE" description="*********************************************** &lt;br/&gt;Harassment (Non-Specific)&lt;br/&gt;"/><marker lat="40.4106116" lng="-79.9902492" zone="Zone 3" incidentdate="2014-07-02" incidentnumber="14127109" address="Brownsville Road &amp; Knox Avenue, Pittsburgh, PA 15210, USA" type="OFFENSE" description="*********************************************** &lt;br/&gt;Possession of Controlled Substance&lt;br/&gt;Drivers Required to be Licensed.&lt;br/&gt;Bench Warrant&lt;br/&gt;Possession of Controlled Substance&lt;br/&gt;Drivers Required to be Licensed.&lt;br/&gt;Bench Warrant&lt;br/&gt;"/><marker lat="40.4792212" lng="-80.0415683" zone="Zone 1" incidentdate="2014-07-02" incidentnumber="14127105" address="3500 Mexico Street, Pittsburgh, PA 15212, USA" type="OFFENSE" description="*********************************************** &lt;br/&gt;Harassment Communicates Repeatedly in Anonymous Manner&lt;br/&gt;"/><marker lat="40.4792212" lng="-80.0415683" zone="Zone 1" incidentdate="2014-07-02" incidentnumber="14127105" address="3500 Mexico Street, Pittsburgh, PA 15212, USA" type="OFFENSE" description="*********************************************** &lt;br/&gt;Harassment Communicates Repeatedly in Anonymous Manner&lt;br/&gt;"/><marker lat="40.4106116" lng="-79.9902492" zone="Zone 3" incidentdate="2014-07-02" incidentnumber="14127109" address="Brownsville Road &amp; Knox Avenue, Pittsburgh, PA 15210, USA" type="ARREST" description="*********************************************** &lt;br/&gt;Possession of Controlled Substance&lt;br/&gt;Drivers Required to be Licensed.&lt;br/&gt;Bench Warrant&lt;br/&gt;Possession of Controlled Substance&lt;br/&gt;Drivers Required to be Licensed.&lt;br/&gt;Bench Warrant&lt;br/&gt;"/><marker lat="40.4574687" lng="-80.0062978" zone="Zone 1" incidentdate="2014-07-02" incidentnumber="14127090" address="1400 Boyle Street, Pittsburgh, PA 15212, USA" type="OFFENSE" description="*********************************************** &lt;br/&gt;Paraphernalia - Use or Possession&lt;br/&gt;Paraphernalia - Use or Possession&lt;br/&gt;"/><marker lat="40.4574687" lng="-80.0062978" zone="Zone 1" incidentdate="2014-07-02" incidentnumber="14127090" address="1400 Boyle Street, Pittsburgh, PA 15212, USA" type="ARREST" description="*********************************************** &lt;br/&gt;Paraphernalia - Use or Possession&lt;br/&gt;Paraphernalia - Use or Possession&lt;br/&gt;"/><marker lat="40.4574687" lng="-80.0062978" zone="Zone 1" incidentdate="2014-07-02" incidentnumber="14127090" address="1400 Boyle Street, Pittsburgh, PA 15212, USA" type="OFFENSE" description="*********************************************** &lt;br/&gt;Paraphernalia - Use or Possession&lt;br/&gt;Paraphernalia - Use or Possession&lt;br/&gt;"/><marker lat="40.4574687" lng="-80.0062978" zone="Zone 1" incidentdate="2014-07-02" incidentnumber="14127090" address="1400 Boyle Street, Pittsburgh, PA 15212, USA" type="ARREST" description="*********************************************** &lt;br/&gt;Paraphernalia - Use or Possession&lt;br/&gt;Paraphernalia - Use or Possession&lt;br/&gt;"/><marker lat="40.4304878" lng="-79.99891319999999" zone="Zone 2" incidentdate="2014-07-02" incidentnumber="14127103" address="South 2nd Street, Pittsburgh, PA 15219, USA" type="OFFENSE" description="*********************************************** &lt;br/&gt;Harassment (Non-Specific)&lt;br/&gt;"/><marker lat="40.452689" lng="-80.01511719999999" zone="Zone 1" incidentdate="2014-07-02" incidentnumber="14127106" address="800 Dounton Way, Pittsburgh, PA 15233, USA" type="OFFENSE" description="*********************************************** &lt;br/&gt;Dead on Arrival (DOA)&lt;br/&gt;"/><marker lat="40.452689" lng="-80.01511719999999" zone="Zone 1" incidentdate="2014-07-02" incidentnumber="14127106" address="800 Dounton Way, Pittsburgh, PA 15233, USA" type="OFFENSE" description="*********************************************** &lt;br/&gt;Dead on Arrival (DOA)&lt;br/&gt;"/><marker lat="40.4695343" lng="-80.0352432" zone="Zone 1" incidentdate="2014-07-02" incidentnumber="14127160" address="Boston Street &amp; Holbrook Avenue, Pittsburgh, PA 15212, USA" type="OFFENSE" description="*********************************************** &lt;br/&gt;Possession of Controlled Substance&lt;br/&gt;Possession w/ Intent to Del. Controlled Substance&lt;br/&gt;Tampering with or Fabricating Physical Evidence.&lt;br/&gt;False Identification to Law Enforcement Authorities&lt;br/&gt;Possession of Controlled Substance&lt;br/&gt;Possession w/ Intent to Del. Controlled Substance&lt;br/&gt;Tampering with or Fabricating Physical Evidence.&lt;br/&gt;False Identification to Law Enforcement Authorities&lt;br/&gt;"/><marker lat="40.4695343" lng="-80.0352432" zone="Zone 1" incidentdate="2014-07-02" incidentnumber="14127160" address="Boston Street &amp; Holbrook Avenue, Pittsburgh, PA 15212, USA" type="ARREST" description="*********************************************** &lt;br/&gt;Possession of Controlled Substance&lt;br/&gt;Possession w/ Intent to Del. Controlled Substance&lt;br/&gt;Tampering with or Fabricating Physical Evidence.&lt;br/&gt;False Identification to Law Enforcement Authorities&lt;br/&gt;Possession of Controlled Substance&lt;br/&gt;Possession w/ Intent to Del. Controlled Substance&lt;br/&gt;Tampering with or Fabricating Physical Evidence.&lt;br/&gt;False Identification to Law Enforcement Authorities&lt;br/&gt;"/><marker lat="40.4695343" lng="-80.0352432" zone="Zone 1" incidentdate="2014-07-02" incidentnumber="14127160" address="Boston Street &amp; Holbrook Avenue, Pittsburgh, PA 15212, USA" type="OFFENSE" description="*********************************************** &lt;br/&gt;Possession of Controlled Substance&lt;br/&gt;Possession w/ Intent to Del. Controlled Substance&lt;br/&gt;Tampering with or Fabricating Physical Evidence.&lt;br/&gt;False Identification to Law Enforcement Authorities&lt;br/&gt;Possession of Controlled Substance&lt;br/&gt;Possession w/ Intent to Del. Controlled Substance&lt;br/&gt;Tampering with or Fabricating Physical Evidence.&lt;br/&gt;False Identification to Law Enforcement Authorities&lt;br/&gt;"/><marker lat="40.4695343" lng="-80.0352432" zone="Zone 1" incidentdate="2014-07-02" incidentnumber="14127160" address="Boston Street &amp; Holbrook Avenue, Pittsburgh, PA 15212, USA" type="ARREST" description="*********************************************** &lt;br/&gt;Possession of Controlled Substance&lt;br/&gt;Possession w/ Intent to Del. Controlled Substance&lt;br/&gt;Tampering with or Fabricating Physical Evidence.&lt;br/&gt;False Identification to Law Enforcement Authorities&lt;br/&gt;Possession of Controlled Substance&lt;br/&gt;Possession w/ Intent to Del. Controlled Substance&lt;br/&gt;Tampering with or Fabricating Physical Evidence.&lt;br/&gt;False Identification to Law Enforcement Authorities&lt;br/&gt;"/><marker lat="40.4067237" lng="-79.9453353" zone="Zone 4" incidentdate="2014-07-02" incidentnumber="14127148" address="5100 Lytle Street, Pittsburgh, PA 15207, USA" type="OFFENSE" description="*********************************************** &lt;br/&gt;Aggravated Assault.&lt;br/&gt;Terroristic Threats.&lt;br/&gt;Aggravated Assault.&lt;br/&gt;Terroristic Threats.&lt;br/&gt;"/><marker lat="40.4788525" lng="-80.0010235" zone="Zone 1" incidentdate="2014-07-02" incidentnumber="14127271" address="Mount Pleasant Road, Pittsburgh, PA 15214, USA" type="OFFENSE" description="*********************************************** &lt;br/&gt;Criminal Mischief.&lt;br/&gt;"/><marker lat="40.4788525" lng="-80.0010235" zone="Zone 1" incidentdate="2014-07-02" incidentnumber="14127271" address="Mount Pleasant Road, Pittsburgh, PA 15214, USA" type="OFFENSE" description="*********************************************** &lt;br/&gt;Criminal Mischief.&lt;br/&gt;"/><marker lat="40.4067237" lng="-79.9453353" zone="Zone 4" incidentdate="2014-07-02" incidentnumber="14127148" address="5100 Lytle Street, Pittsburgh, PA 15207, USA" type="ARREST" description="*********************************************** &lt;br/&gt;Aggravated Assault.&lt;br/&gt;Terroristic Threats.&lt;br/&gt;Aggravated Assault.&lt;br/&gt;Terroristic Threats.&lt;br/&gt;"/><marker lat="40.3903497" lng="-79.98161669999999" zone="Zone 3" incidentdate="2014-07-02" incidentnumber="14127232" address="Carrick Avenue, Pittsburgh, PA 15210, USA" type="OFFENSE" description="*********************************************** &lt;br/&gt;Missing Juvenile&lt;br/&gt;"/><marker lat="40.4414148" lng="-79.9233411" zone="Zone 4" incidentdate="2014-07-02" incidentnumber="14127213" address="5800 Northumberland Street, Pittsburgh, PA 15217, USA" type="ARREST" description="*********************************************** &lt;br/&gt;Bench Warrant&lt;br/&gt;Bench Warrant&lt;br/&gt;"/><marker lat="40.4414148" lng="-79.9233411" zone="Zone 4" incidentdate="2014-07-02" incidentnumber="14127213" address="5800 Northumberland Street, Pittsburgh, PA 15217, USA" type="OFFENSE" description="*********************************************** &lt;br/&gt;Bench Warrant&lt;br/&gt;Bench Warrant&lt;br/&gt;"/><marker lat="40.46461499999999" lng="-79.92239699999999" zone="Zone 5" incidentdate="2014-07-02" incidentnumber="14127231" address="400 North Highland Avenue, Pittsburgh, PA 15206, USA" type="OFFENSE" description="*********************************************** &lt;br/&gt;9999 - (Misc. Incident):&lt;br/&gt;"/><marker lat="40.4288477" lng="-79.98205349999999" zone="Zone 3" incidentdate="2014-07-02" incidentnumber="14127280" address="100 South 17th Street, Pittsburgh, PA 15203, USA" type="OFFENSE" description="*********************************************** &lt;br/&gt;Theft by Unlawful Taking or Disposition.&lt;br/&gt;"/><marker lat="40.44062479999999" lng="-79.9958864" zone="Zone OSC" incidentdate="2014-07-02" incidentnumber="14127215" address="Pittsburgh, PA, USA" type="OFFENSE" description="*********************************************** &lt;br/&gt;Indirect Criminal Contempt&lt;br/&gt;Indirect Criminal Contempt&lt;br/&gt;"/><marker lat="40.44062479999999" lng="-79.9958864" zone="Zone OSC" incidentdate="2014-07-02" incidentnumber="14127215" address="Pittsburgh, PA, USA" type="ARREST" description="*********************************************** &lt;br/&gt;Indirect Criminal Contempt&lt;br/&gt;Indirect Criminal Contempt&lt;br/&gt;"/><marker lat="40.4221466" lng="-79.9023886" zone="Zone 4" incidentdate="2014-07-02" incidentnumber="14127249" address="Commercial Street, Pittsburgh, PA, USA" type="OFFENSE" description="*********************************************** &lt;br/&gt;Harassment by Physical Contact, or Attempts or Threats&lt;br/&gt;"/><marker lat="40.46414420000001" lng="-79.9865098" zone="Zone 1" incidentdate="2014-07-02" incidentnumber="14127236" address="1600 High Street, Pittsburgh, PA 15212, USA" type="OFFENSE" description="*********************************************** &lt;br/&gt;Simple Assault - Attempts by Physical Menace&lt;br/&gt;Recklessly Endangering Another Person.&lt;br/&gt;Terroristic Threats.&lt;br/&gt;"/><marker lat="40.46414420000001" lng="-79.9865098" zone="Zone 1" incidentdate="2014-07-02" incidentnumber="14127236" address="1600 High Street, Pittsburgh, PA 15212, USA" type="OFFENSE" description="*********************************************** &lt;br/&gt;Simple Assault - Attempts by Physical Menace&lt;br/&gt;Recklessly Endangering Another Person.&lt;br/&gt;Terroristic Threats.&lt;br/&gt;"/><marker lat="40.447603" lng="-80.04375399999999" zone="Zone 6" incidentdate="2014-07-02" incidentnumber="14127245" address="1300 Chartiers Avenue, Pittsburgh, PA 15220, USA" type="OFFENSE" description="*********************************************** &lt;br/&gt;False  Burglar Alarm&lt;br/&gt;"/><marker lat="40.4532953" lng="-80.02244" zone="Zone 1" incidentdate="2014-07-02" incidentnumber="14127262" address="1200 Hamlin Street, Pittsburgh, PA 15233, USA" type="ARREST" description="*********************************************** &lt;br/&gt;Possession of Controlled Substance&lt;br/&gt;Possession of Controlled Substance&lt;br/&gt;"/><marker lat="40.4532953" lng="-80.02244" zone="Zone 1" incidentdate="2014-07-02" incidentnumber="14127262" address="1200 Hamlin Street, Pittsburgh, PA 15233, USA" type="OFFENSE" description="*********************************************** &lt;br/&gt;Possession of Controlled Substance&lt;br/&gt;Possession of Controlled Substance&lt;br/&gt;"/><marker lat="40.4532953" lng="-80.02244" zone="Zone 1" incidentdate="2014-07-02" incidentnumber="14127262" address="1200 Hamlin Street, Pittsburgh, PA 15233, USA" type="ARREST" description="*********************************************** &lt;br/&gt;Possession of Controlled Substance&lt;br/&gt;Possession of Controlled Substance&lt;br/&gt;"/><marker lat="40.4532953" lng="-80.02244" zone="Zone 1" incidentdate="2014-07-02" incidentnumber="14127262" address="1200 Hamlin Street, Pittsburgh, PA 15233, USA" type="OFFENSE" description="*********************************************** &lt;br/&gt;Possession of Controlled Substance&lt;br/&gt;Possession of Controlled Substance&lt;br/&gt;"/><marker lat="40.4255857" lng="-79.96648309999999" zone="Zone 3" incidentdate="2014-07-02" incidentnumber="14127225" address="Sarah Street &amp; South 28th Street, Pittsburgh, PA 15203, USA" type="OFFENSE" description="*********************************************** &lt;br/&gt;Theft by Unlawful Taking or Disposition - Movable item&lt;br/&gt;"/><marker lat="40.4099642" lng="-79.9440863" zone="Zone 4" incidentdate="2014-07-02" incidentnumber="14127257" address="100 Flowers Avenue, Pittsburgh, PA 15207, USA" type="OFFENSE" description="*********************************************** &lt;br/&gt;Simple Assault - Fight or Scuffle Entered by Mutual Consent&lt;br/&gt;"/><marker lat="40.452088" lng="-79.87896099999999" zone="Zone 5" incidentdate="2014-07-02" incidentnumber="14127266" address="600 Seagirt Street, Pittsburgh, PA 15221, USA" type="OFFENSE" description="*********************************************** &lt;br/&gt;Simple Assault.&lt;br/&gt;Criminal Mischief.&lt;br/&gt;"/><marker lat="40.44135500000001" lng="-79.99485299999999" zone="Zone 2" incidentdate="2014-07-02" incidentnumber="14127268" address="600 Grant Street, Pittsburgh, PA 15219, USA" type="OFFENSE" description="*********************************************** &lt;br/&gt;Marijuana: Possession Small Amount&lt;br/&gt;General Lighting Requirements.&lt;br/&gt;Marijuana: Possession Small Amount&lt;br/&gt;General Lighting Requirements.&lt;br/&gt;"/><marker lat="40.44135500000001" lng="-79.99485299999999" zone="Zone 2" incidentdate="2014-07-02" incidentnumber="14127268" address="600 Grant Street, Pittsburgh, PA 15219, USA" type="ARREST" description="*********************************************** &lt;br/&gt;Marijuana: Possession Small Amount&lt;br/&gt;General Lighting Requirements.&lt;br/&gt;Marijuana: Possession Small Amount&lt;br/&gt;General Lighting Requirements.&lt;br/&gt;"/><marker lat="40.4608646" lng="-79.9190244" zone="Zone 5" incidentdate="2014-07-02" incidentnumber="14127339" address="Jennings Court, Pittsburgh, PA 15206, USA" type="ARREST" description="*********************************************** &lt;br/&gt;Marijuana: Possession Small Amount&lt;br/&gt;False Identification to Law Enforcement Authorities&lt;br/&gt;Bench Warrant&lt;br/&gt;Marijuana: Possession Small Amount&lt;br/&gt;False Identification to Law Enforcement Authorities&lt;br/&gt;Bench Warrant&lt;br/&gt;"/><marker lat="40.4608646" lng="-79.9190244" zone="Zone 5" incidentdate="2014-07-02" incidentnumber="14127339" address="Jennings Court, Pittsburgh, PA 15206, USA" type="OFFENSE" description="*********************************************** &lt;br/&gt;Marijuana: Possession Small Amount&lt;br/&gt;False Identification to Law Enforcement Authorities&lt;br/&gt;Bench Warrant&lt;br/&gt;Marijuana: Possession Small Amount&lt;br/&gt;False Identification to Law Enforcement Authorities&lt;br/&gt;Bench Warrant&lt;br/&gt;"/><marker lat="40.44212" lng="-80.0316022" zone="Zone 6" incidentdate="2014-07-02" incidentnumber="14127378" address="300 South Main Street, Pittsburgh, PA 15220, USA" type="OFFENSE" description="*********************************************** &lt;br/&gt;Found Property&lt;br/&gt;"/></markers>

