<markers>
    <marker lat="40.456885" lng="-79.8941361" zone="Zone 5    " incidentdate="2014-06-25" incidentnumber="14121054" address="7300 Frankstown Avenue, Pittsburgh, PA 15208, USA" type="OFFENSE" description="*********************************************** &lt;br/&gt;Theft by Unlawful Taking or Disposition.&lt;br/&gt;"/>
    <marker lat="40.4734089" lng="-80.000269" zone="Zone 1    " incidentdate="2014-06-25" incidentnumber="14120969" address="2600 Sunset Avenue, Pittsburgh, PA 15214, USA" type="OFFENSE" description="*********************************************** &lt;br/&gt;Theft by Unlawful Taking or Disposition.&lt;br/&gt;"/>
    <marker lat="40.4543466" lng="-79.97773459999999" zone="Zone 2    " incidentdate="2014-06-25" incidentnumber="14120649" address="Liberty Avenue, Pittsburgh, PA, USA" type="OFFENSE" description="*********************************************** &lt;br/&gt;Robbery.&lt;br/&gt;"/>
    <marker lat="40.475632" lng="-79.96137" zone="Zone 2    " incidentdate="2014-06-25" incidentnumber="14120646" address="4700 Hatfield Street, Pittsburgh, PA 15201, USA" type="OFFENSE" description="*********************************************** &lt;br/&gt;Theft by Unlawful Taking or Disposition.&lt;br/&gt;"/>
    <marker lat="40.5302732" lng="-80.02435179999999" zone="Zone 2    " incidentdate="2014-06-25" incidentnumber="14120722" address="3rd Avenue, Pittsburgh, PA 15229, USA" type="OFFENSE" description="*********************************************** &lt;br/&gt;Simple Assault.&lt;br/&gt;"/>
    <marker lat="40.4784152" lng="-80.03897359999999" zone="Zone 1    " incidentdate="2014-06-25" incidentnumber="14120680" address="1600 Falck Avenue, Pittsburgh, PA 15212, USA" type="OFFENSE" description="*********************************************** &lt;br/&gt;Burglary.&lt;br/&gt;"/>
    <marker lat="40.4380432" lng="-79.9229869" zone="Zone 4    " incidentdate="2014-06-25" incidentnumber="14120691" address="1700 Murray Avenue, Pittsburgh, PA 15217, USA" type="ARREST" description="*********************************************** &lt;br/&gt;Retail Theft.&lt;br/&gt;Retail Theft.&lt;br/&gt;"/>
    <marker lat="40.4380432" lng="-79.9229869" zone="Zone 4    " incidentdate="2014-06-25" incidentnumber="14120691" address="1700 Murray Avenue, Pittsburgh, PA 15217, USA" type="OFFENSE" description="*********************************************** &lt;br/&gt;Retail Theft.&lt;br/&gt;Retail Theft.&lt;br/&gt;"/>
    <marker lat="40.3867737" lng="-80.0263867" zone="Zone 6    " incidentdate="2014-06-25" incidentnumber="14120731" address="Mc Neilly Avenue, Pittsburgh, PA 15226, USA" type="OFFENSE" description="*********************************************** &lt;br/&gt;Simple Assault - Intent., Know., Reckless.Cause Bod. Injury&lt;br/&gt;Simple Assault - Intent., Know., Reckless.Cause Bod. Injury&lt;br/&gt;"/>
    <marker lat="40.3867737" lng="-80.0263867" zone="Zone 6    " incidentdate="2014-06-25" incidentnumber="14120731" address="Mc Neilly Avenue, Pittsburgh, PA 15226, USA" type="ARREST" description="*********************************************** &lt;br/&gt;Simple Assault - Intent., Know., Reckless.Cause Bod. Injury&lt;br/&gt;Simple Assault - Intent., Know., Reckless.Cause Bod. Injury&lt;br/&gt;"/>
    <marker lat="40.4615518" lng="-80.0189515" zone="Zone 1    " incidentdate="2014-06-25" incidentnumber="14120733" address="2100 Brighton Road, Pittsburgh, PA 15212, USA" type="OFFENSE" description="*********************************************** &lt;br/&gt;Aided Case&lt;br/&gt;"/>
    <marker lat="40.4481458" lng="-79.8982182" zone="Zone 4    " incidentdate="2014-06-25" incidentnumber="14120750" address="Penn Avenue &amp; Carnegie Place, Pittsburgh, PA 15208, USA" type="OFFENSE" description="*********************************************** &lt;br/&gt;Possession of Controlled Substance&lt;br/&gt;Driving While Operating Privilege is Suspended or Revoked.&lt;br/&gt;Traffic-Control Signals.&lt;br/&gt;Possession of Controlled Substance&lt;br/&gt;Driving While Operating Privilege is Suspended or Revoked.&lt;br/&gt;Traffic-Control Signals.&lt;br/&gt;"/>
    <marker lat="40.4481458" lng="-79.8982182" zone="Zone 4    " incidentdate="2014-06-25" incidentnumber="14120750" address="Penn Avenue &amp; Carnegie Place, Pittsburgh, PA 15208, USA" type="ARREST" description="*********************************************** &lt;br/&gt;Possession of Controlled Substance&lt;br/&gt;Driving While Operating Privilege is Suspended or Revoked.&lt;br/&gt;Traffic-Control Signals.&lt;br/&gt;Possession of Controlled Substance&lt;br/&gt;Driving While Operating Privilege is Suspended or Revoked.&lt;br/&gt;Traffic-Control Signals.&lt;br/&gt;"/>
    <marker lat="40.4451097" lng="-79.9831171" zone="Zone 2    " incidentdate="2014-06-25" incidentnumber="14120799" address="1900 Webster Avenue, Pittsburgh, PA 15219, USA" type="OFFENSE" description="*********************************************** &lt;br/&gt;Criminal Mischief.&lt;br/&gt;"/>
    <marker lat="40.4167739" lng="-80.02346399999999" zone="Zone 6    " incidentdate="2014-06-25" incidentnumber="14120814" address="1200 Dagmar Avenue, Pittsburgh, PA 15216, USA" type="OFFENSE" description="*********************************************** &lt;br/&gt;Theft by Unlawful Taking or Disposition - Movable item&lt;br/&gt;"/>
    <marker lat="40.4234023" lng="-79.96657429999999" zone="Zone 3    " incidentdate="2014-06-25" incidentnumber="14120816" address="2900 Mary Street, Pittsburgh, PA 15203, USA" type="OFFENSE" description="*********************************************** &lt;br/&gt;Theft from Vehicle&lt;br/&gt;"/>
    <marker lat="40.451489" lng="-80.01369729999999" zone="Zone 1    " incidentdate="2014-06-25" incidentnumber="14120837" address="700 Brighton Road, Pittsburgh, PA 15233, USA" type="OFFENSE" description="*********************************************** &lt;br/&gt;Criminal Mischief.&lt;br/&gt;"/>
    <marker lat="40.4424415" lng="-79.9662428" zone="Zone 4    " incidentdate="2014-06-25" incidentnumber="14120903" address="Allequippa Street &amp; Passage Way, Pittsburgh, PA 15213, USA" type="OFFENSE" description="*********************************************** &lt;br/&gt;Criminal Mischief.&lt;br/&gt;Theft from Vehicle&lt;br/&gt;"/>
    <marker lat="40.4690545" lng="-79.918702" zone="Zone 5    " incidentdate="2014-06-25" incidentnumber="14120951" address="800 Sheridan Avenue, Pittsburgh, PA 15206, USA" type="OFFENSE" description="*********************************************** &lt;br/&gt;Criminal Trespass&lt;br/&gt;Theft by Unlawful Taking or Disposition.&lt;br/&gt;"/>
    <marker lat="40.4852472" lng="-80.0251341" zone="Zone 1    " incidentdate="2014-06-25" incidentnumber="14121621" address="Woods Run Avenue &amp; Oakdale Street, Pittsburgh, PA 15212, USA" type="OFFENSE" description="*********************************************** &lt;br/&gt;Simple Assault.&lt;br/&gt;"/>
    <marker lat="40.4451097" lng="-79.9831171" zone="Zone 2    " incidentdate="2014-06-25" incidentnumber="14120833" address="1900 Webster Avenue, Pittsburgh, PA 15219, USA" type="OFFENSE" description="*********************************************** &lt;br/&gt;Simple Assault.&lt;br/&gt;Simple Assault.&lt;br/&gt;"/>
    <marker lat="40.475632" lng="-79.96137" zone="Zone 2    " incidentdate="2014-06-25" incidentnumber="14120856" address="4700 Hatfield Street, Pittsburgh, PA 15201, USA" type="OFFENSE" description="*********************************************** &lt;br/&gt;Harassment (Non-Specific)&lt;br/&gt;"/>
    <marker lat="40.4249407" lng="-79.97660510000001" zone="Zone 3    " incidentdate="2014-06-25" incidentnumber="14120879" address="Josephine Street &amp; South 21st Street, Pittsburgh, PA 15203, USA" type="OFFENSE" description="*********************************************** &lt;br/&gt;Criminal Mischief.&lt;br/&gt;Theft from Vehicle&lt;br/&gt;"/>
    <marker lat="40.425039" lng="-79.931873" zone="Zone 4    " incidentdate="2014-06-25" incidentnumber="14120844" address="900 Kennebec Street, Pittsburgh, PA 15217, USA" type="OFFENSE" description="*********************************************** &lt;br/&gt;Theft by Unlawful Taking or Disposition - Movable item&lt;br/&gt;"/>
    <marker lat="40.4501086" lng="-80.02338309999999" zone="Zone 1    " incidentdate="2014-06-25" incidentnumber="14120860" address="800 Fulton Street, Pittsburgh, PA 15233, USA" type="OFFENSE" description="*********************************************** &lt;br/&gt;Miscellaneous Fire Other Investigation to Continue&lt;br/&gt;"/>
    <marker lat="40.4451097" lng="-79.9831171" zone="Zone 2    " incidentdate="2014-06-25" incidentnumber="14120833" address="1900 Webster Avenue, Pittsburgh, PA 15219, USA" type="ARREST" description="*********************************************** &lt;br/&gt;Simple Assault.&lt;br/&gt;Simple Assault.&lt;br/&gt;"/>
    <marker lat="40.4637758" lng="-79.9316396" zone="Zone 5    " incidentdate="2014-06-25" incidentnumber="14120880" address="100 Stratford Avenue, Pittsburgh, PA 15206, USA" type="OFFENSE" description="*********************************************** &lt;br/&gt;Found Property&lt;br/&gt;"/>
    <marker lat="40.4564934" lng="-79.9939491" zone="Zone 1    " incidentdate="2014-06-25" incidentnumber="14120877" address="900 Constance Street, Pittsburgh, PA 15212, USA" type="OFFENSE" description="*********************************************** &lt;br/&gt;9999 - (Misc. Incident):&lt;br/&gt;"/>
    <marker lat="40.4304878" lng="-79.99891319999999" zone="Zone 2    " incidentdate="2014-06-25" incidentnumber="14108337" address="South 2nd Street, Pittsburgh, PA 15219, USA" type="ARREST" description="*********************************************** &lt;br/&gt;Burglary.&lt;br/&gt;"/>
    <marker lat="40.4244575" lng="-79.9812991" zone="Zone 3    " incidentdate="2014-06-25" incidentnumber="14120982" address="Pius Street, Pittsburgh, PA 15203, USA" type="OFFENSE" description="*********************************************** &lt;br/&gt;Theft from Vehicle&lt;br/&gt;"/>
    <marker lat="40.4377424" lng="-79.9728909" zone="Zone 4    " incidentdate="2014-06-25" incidentnumber="14120916" address="2300 Fifth Avenue, Pittsburgh, PA 15219, USA" type="OFFENSE" description="*********************************************** &lt;br/&gt;Dead on Arrival (DOA)&lt;br/&gt;"/>
    <marker lat="40.4668993" lng="-79.90596900000001" zone="Zone 5    " incidentdate="2014-06-25" incidentnumber="14120911" address="6500 Deary Street, Pittsburgh, PA 15206, USA" type="OFFENSE" description="*********************************************** &lt;br/&gt;Miscellaneous Investigation&lt;br/&gt;"/>
    <marker lat="40.4263856" lng="-80.00782720000001" zone="Zone 3    " incidentdate="2014-06-25" incidentnumber="14120886" address="200 Boggs Avenue, Pittsburgh, PA 15211, USA" type="OFFENSE" description="*********************************************** &lt;br/&gt;Found Property&lt;br/&gt;"/>
    <marker lat="40.4285249" lng="-79.9820773" zone="Zone 3    " incidentdate="2014-06-25" incidentnumber="14121003" address="South 17th Street, Pittsburgh, PA 15203, USA" type="OFFENSE" description="*********************************************** &lt;br/&gt;Burglary.&lt;br/&gt;Theft by Unlawful Taking or Disposition.&lt;br/&gt;"/>
    <marker lat="40.4577211" lng="-79.9974885" zone="Zone 1    " incidentdate="2014-06-25" incidentnumber="14112875" address="800 Concord Street, Pittsburgh, PA 15212, USA" type="ARREST" description="*********************************************** &lt;br/&gt;Failure To Appear/Arrest on Attachment Order&lt;br/&gt;"/>
    <marker lat="40.4606459" lng="-79.92276439999999" zone="Zone 5    " incidentdate="2014-06-25" incidentnumber="14121441" address="6200 Penn Avenue, Pittsburgh, PA 15206, USA" type="OFFENSE" description="*********************************************** &lt;br/&gt;Theft of Property Lost, Mislaid or Delivered by Mistake.&lt;br/&gt;Access Device Fraud&lt;br/&gt;"/>
    <marker lat="40.456031" lng="-80.006486" zone="Zone 1    " incidentdate="2014-06-25" incidentnumber="14120906" address="1200 Federal Street, Pittsburgh, PA 15212, USA" type="OFFENSE" description="*********************************************** &lt;br/&gt;False  Burglar Alarm&lt;br/&gt;"/>
    <marker lat="40.4346152" lng="-79.99153480000001" zone="Zone 2    " incidentdate="2014-06-25" incidentnumber="14077826" address="Second Avenue, Pittsburgh, PA, USA" type="ARREST" description="*********************************************** &lt;br/&gt;Simple Assault - Attempts by Physical Menace&lt;br/&gt;Terroristic Threats.&lt;br/&gt;Criminal Mischief.&lt;br/&gt;"/>
    <marker lat="40.412028" lng="-80.020425" zone="Zone 6    " incidentdate="2014-06-25" incidentnumber="14120937" address="1500 Rockland Avenue, Pittsburgh, PA 15216, USA" type="OFFENSE" description="*********************************************** &lt;br/&gt;Criminal Mischief.&lt;br/&gt;"/>
    <marker lat="40.4675384" lng="-80.0657678" zone="Zone 2    " incidentdate="2014-06-25" incidentnumber="14048654" address="900 2nd Street, McKees Rocks, PA 15136, USA" type="ARREST" description="*********************************************** &lt;br/&gt;Theft by Deception.&lt;br/&gt;Receiving Stolen Property.&lt;br/&gt;Forgery.&lt;br/&gt;"/>
    <marker lat="40.421536" lng="-79.9935859" zone="Zone 3    " incidentdate="2014-06-25" incidentnumber="14121034" address="800 East Warrington Avenue, Pittsburgh, PA 15210, USA" type="OFFENSE" description="*********************************************** &lt;br/&gt;Drug Investigation&lt;br/&gt;"/>
    <marker lat="40.453347" lng="-80.064482" zone="Zone 6    " incidentdate="2014-06-25" incidentnumber="14120987" address="1300 Pritchard Street, Pittsburgh, PA 15204, USA" type="OFFENSE" description="*********************************************** &lt;br/&gt;Burglary.&lt;br/&gt;"/>
    <marker lat="40.441132" lng="-80.001989" zone="Zone 2    " incidentdate="2014-06-25" incidentnumber="14120986" address="200 Fifth Avenue, Pittsburgh, PA 15222, USA" type="OFFENSE" description="*********************************************** &lt;br/&gt;Retail Theft.&lt;br/&gt;Retail Theft.&lt;br/&gt;"/>
    <marker lat="40.4432565" lng="-80.04168349999999" zone="Zone 6    " incidentdate="2014-06-25" incidentnumber="14120963" address="1000 Crucible Street, Pittsburgh, PA 15220, USA" type="OFFENSE" description="*********************************************** &lt;br/&gt;9999 - (Misc. Incident):&lt;br/&gt;"/>
    <marker lat="40.4377424" lng="-79.9728909" zone="Zone 4    " incidentdate="2014-06-25" incidentnumber="14120981" address="2300 Fifth Avenue, Pittsburgh, PA 15219, USA" type="ARREST" description="*********************************************** &lt;br/&gt;Possession of Controlled Substance&lt;br/&gt;Paraphernalia - Use or Possession&lt;br/&gt;Traffic-Control Signals.&lt;br/&gt;Stop Signs and Yield Signs.&lt;br/&gt;Fleeing or Attempting to Elude Police Officer&lt;br/&gt;Reckless Driving&lt;br/&gt;Accidents Involving Damage to Attended Veh. or Property&lt;br/&gt;Bench Warrant&lt;br/&gt;Possession of Controlled Substance&lt;br/&gt;Paraphernalia - Use or Possession&lt;br/&gt;Traffic-Control Signals.&lt;br/&gt;Stop Signs and Yield Signs.&lt;br/&gt;Fleeing or Attempting to Elude Police Officer&lt;br/&gt;Reckless Driving&lt;br/&gt;Accidents Involving Damage to Attended Veh. or Property&lt;br/&gt;Bench Warrant&lt;br/&gt;"/>
    <marker lat="40.4377424" lng="-79.9728909" zone="Zone 4    " incidentdate="2014-06-25" incidentnumber="14120981" address="2300 Fifth Avenue, Pittsburgh, PA 15219, USA" type="OFFENSE" description="*********************************************** &lt;br/&gt;Possession of Controlled Substance&lt;br/&gt;Paraphernalia - Use or Possession&lt;br/&gt;Traffic-Control Signals.&lt;br/&gt;Stop Signs and Yield Signs.&lt;br/&gt;Fleeing or Attempting to Elude Police Officer&lt;br/&gt;Reckless Driving&lt;br/&gt;Accidents Involving Damage to Attended Veh. or Property&lt;br/&gt;Bench Warrant&lt;br/&gt;Possession of Controlled Substance&lt;br/&gt;Paraphernalia - Use or Possession&lt;br/&gt;Traffic-Control Signals.&lt;br/&gt;Stop Signs and Yield Signs.&lt;br/&gt;Fleeing or Attempting to Elude Police Officer&lt;br/&gt;Reckless Driving&lt;br/&gt;Accidents Involving Damage to Attended Veh. or Property&lt;br/&gt;Bench Warrant&lt;br/&gt;"/>
    <marker lat="40.4564464" lng="-80.00994639999999" zone="Zone 1    " incidentdate="2014-06-25" incidentnumber="14121002" address="1300 Sherman Avenue, Pittsburgh, PA 15212, USA" type="OFFENSE" description="*********************************************** &lt;br/&gt;Harassment.&lt;br/&gt;"/>
    <marker lat="40.48983620000001" lng="-79.8972812" zone="Zone 2    " incidentdate="2014-06-25" incidentnumber="14061648" address="900 2nd Street, Pittsburgh, PA 15215, USA" type="ARREST" description="*********************************************** &lt;br/&gt;Obtaining Cont. Subst. by Fraudulent Means&lt;br/&gt;Possession of Controlled Substance&lt;br/&gt;"/>
    <marker lat="40.441132" lng="-80.001989" zone="Zone 2    " incidentdate="2014-06-25" incidentnumber="14120986" address="200 Fifth Avenue, Pittsburgh, PA 15222, USA" type="ARREST" description="*********************************************** &lt;br/&gt;Retail Theft.&lt;br/&gt;Retail Theft.&lt;br/&gt;"/>
    <marker lat="40.451524" lng="-80.01891049999999" zone="Zone 1    " incidentdate="2014-06-25" incidentnumber="14121381" address="1000 Western Avenue, Pittsburgh, PA 15233, USA" type="OFFENSE" description="*********************************************** &lt;br/&gt;Retail Theft.&lt;br/&gt;Criminal Conspiracy.&lt;br/&gt;"/>
    <marker lat="40.463889" lng="-80.0283338" zone="Zone 1    " incidentdate="2014-06-25" incidentnumber="14121016" address="1300 Marshall Avenue, Pittsburgh, PA 15212, USA" type="OFFENSE" description="*********************************************** &lt;br/&gt;Bench Warrant&lt;br/&gt;Bench Warrant&lt;br/&gt;"/>
    <marker lat="40.4359335" lng="-79.9971487" zone="Zone 2    " incidentdate="2014-06-25" incidentnumber="14120352" address="600 First Avenue, Pittsburgh, PA 15219, USA" type="ARREST" description="*********************************************** &lt;br/&gt;Simple Assault.&lt;br/&gt;Criminal Mischief.&lt;br/&gt;Simple Assault.&lt;br/&gt;Simple Assault.&lt;br/&gt;Criminal Mischief.&lt;br/&gt;"/>
    <marker lat="40.4359335" lng="-79.9971487" zone="Zone 2    " incidentdate="2014-06-25" incidentnumber="14120352" address="600 First Avenue, Pittsburgh, PA 15219, USA" type="ARREST" description="*********************************************** &lt;br/&gt;Simple Assault.&lt;br/&gt;Criminal Mischief.&lt;br/&gt;Simple Assault.&lt;br/&gt;Simple Assault.&lt;br/&gt;Criminal Mischief.&lt;br/&gt;"/>
    <marker lat="40.4265363" lng="-79.9857712" zone="Zone 3    " incidentdate="2014-06-25" incidentnumber="14121281" address="Enon Way, Pittsburgh, PA 15203, USA" type="OFFENSE" description="*********************************************** &lt;br/&gt;Theft from Vehicle&lt;br/&gt;"/>
    <marker lat="40.3874224" lng="-79.9898086" zone="Zone 3    " incidentdate="2014-06-25" incidentnumber="14121312" address="400 Ariston Avenue, Pittsburgh, PA 15210, USA" type="OFFENSE" description="*********************************************** &lt;br/&gt;Theft from Vehicle&lt;br/&gt;Access Device Fraud&lt;br/&gt;"/>
    <marker lat="40.4371467" lng="-79.96537769999999" zone="Zone 4    " incidentdate="2014-06-25" incidentnumber="14121294" address="2600 Fifth Avenue, Pittsburgh, PA 15213, USA" type="OFFENSE" description="*********************************************** &lt;br/&gt;Criminal Mischief.&lt;br/&gt;Theft from Vehicle&lt;br/&gt;"/>
    <marker lat="40.4358908" lng="-79.9553238" zone="Zone 4    " incidentdate="2014-06-25" incidentnumber="14121394" address="Welsford Street, Pittsburgh, PA 15213, USA" type="OFFENSE" description="*********************************************** &lt;br/&gt;Burglary.&lt;br/&gt;Theft by Unlawful Taking or Disposition.&lt;br/&gt;"/>
    <marker lat="40.463889" lng="-80.0283338" zone="Zone 1    " incidentdate="2014-06-25" incidentnumber="14121016" address="1300 Marshall Avenue, Pittsburgh, PA 15212, USA" type="ARREST" description="*********************************************** &lt;br/&gt;Bench Warrant&lt;br/&gt;Bench Warrant&lt;br/&gt;"/>
    <marker lat="40.4663799" lng="-79.9677938" zone="Zone 2    " incidentdate="2014-06-25" incidentnumber="14121293" address="100 36th Street, Pittsburgh, PA 15201, USA" type="OFFENSE" description="*********************************************** &lt;br/&gt;Accidents Involving Damage to Unattended Veh.or Prop.&lt;br/&gt;"/>
    <marker lat="40.45537179999999" lng="-79.9996419" zone="Zone 1    " incidentdate="2014-06-25" incidentnumber="14121037" address="600 Suismon Street, Pittsburgh, PA 15212, USA" type="OFFENSE" description="*********************************************** &lt;br/&gt;Burglary.&lt;br/&gt;"/>
    <marker lat="40.4729233" lng="-80.029112" zone="Zone 1    " incidentdate="2014-06-25" incidentnumber="14121053" address="Embury Street &amp; Vensel Way, Pittsburgh, PA 15212, USA" type="OFFENSE" description="*********************************************** &lt;br/&gt;Theft from Vehicle&lt;br/&gt;"/>
    <marker lat="40.4717248" lng="-79.9601306" zone="Zone 2    " incidentdate="2014-06-25" incidentnumber="14121301" address="4400 Eden Way, Pittsburgh, PA 15201, USA" type="OFFENSE" description="*********************************************** &lt;br/&gt;Drug Investigation&lt;br/&gt;"/>
    <marker lat="40.435467" lng="-79.996404" zone="Zone 2    " incidentdate="2014-06-25" incidentnumber="14089606" address="600 1st Avenue, Pittsburgh, PA 15219, USA" type="OFFENSE" description="*********************************************** &lt;br/&gt;Summary Warrants&lt;br/&gt;"/>
    <marker lat="40.435467" lng="-79.996404" zone="Zone 2    " incidentdate="2014-06-25" incidentnumber="14109828" address="600 1st Avenue, Pittsburgh, PA 15219, USA" type="ARREST" description="*********************************************** &lt;br/&gt;Simple Assault.&lt;br/&gt;Simple Assault.&lt;br/&gt;"/>
    <marker lat="40.435467" lng="-79.996404" zone="Zone 2    " incidentdate="2014-06-25" incidentnumber="14109828" address="600 1st Avenue, Pittsburgh, PA 15219, USA" type="OFFENSE" description="*********************************************** &lt;br/&gt;Simple Assault.&lt;br/&gt;Simple Assault.&lt;br/&gt;"/>
    <marker lat="40.482909" lng="-80.044488" zone="Zone 1    " incidentdate="2014-06-25" incidentnumber="14121390" address="2000 Termon Avenue, Pittsburgh, PA 15212, USA" type="OFFENSE" description="*********************************************** &lt;br/&gt;Missing Juvenile&lt;br/&gt;"/>
    <marker lat="40.42374410000001" lng="-80.0009259" zone="Zone 3    " incidentdate="2014-06-25" incidentnumber="14121033" address="400 Eureka Street, Pittsburgh, PA 15211, USA" type="OFFENSE" description="*********************************************** &lt;br/&gt;Simple Assault.&lt;br/&gt;"/>
    <marker lat="40.454083" lng="-80.0019415" zone="Zone 1    " incidentdate="2014-06-25" incidentnumber="14121264" address="Cedar Avenue &amp; Foreland Street, Pittsburgh, PA 15212, USA" type="OFFENSE" description="*********************************************** &lt;br/&gt;Driving While Operating Privilege is Suspended or Revoked.&lt;br/&gt;Accidents Involving Damage to Attended Veh. or Property&lt;br/&gt;DUI - General Impairment&lt;br/&gt;DUI - Highest Rate of Alcohol - BAC >= .16%&lt;br/&gt;Driving While Operating Privilege is Suspended or Revoked.&lt;br/&gt;Accidents Involving Damage to Attended Veh. or Property&lt;br/&gt;DUI - General Impairment&lt;br/&gt;DUI - Highest Rate of Alcohol - BAC >= .16%&lt;br/&gt;"/>
    <marker lat="40.421536" lng="-79.9935859" zone="Zone 3    " incidentdate="2014-06-25" incidentnumber="14049289" address="800 East Warrington Avenue, Pittsburgh, PA 15210, USA" type="ARREST" description="*********************************************** &lt;br/&gt;Possession of Controlled Substance&lt;br/&gt;Possession w/ Intent to Del. Controlled Substance&lt;br/&gt;Possession of Controlled Substance&lt;br/&gt;Possession w/ Intent to Del. Controlled Substance&lt;br/&gt;"/>
    <marker lat="40.421536" lng="-79.9935859" zone="Zone 3    " incidentdate="2014-06-25" incidentnumber="14049289" address="800 East Warrington Avenue, Pittsburgh, PA 15210, USA" type="OFFENSE" description="*********************************************** &lt;br/&gt;Possession of Controlled Substance&lt;br/&gt;Possession w/ Intent to Del. Controlled Substance&lt;br/&gt;Possession of Controlled Substance&lt;br/&gt;Possession w/ Intent to Del. Controlled Substance&lt;br/&gt;"/>
    <marker lat="40.454083" lng="-80.0019415" zone="Zone 1    " incidentdate="2014-06-25" incidentnumber="14121264" address="Cedar Avenue &amp; Foreland Street, Pittsburgh, PA 15212, USA" type="ARREST" description="*********************************************** &lt;br/&gt;Driving While Operating Privilege is Suspended or Revoked.&lt;br/&gt;Accidents Involving Damage to Attended Veh. or Property&lt;br/&gt;DUI - General Impairment&lt;br/&gt;DUI - Highest Rate of Alcohol - BAC >= .16%&lt;br/&gt;Driving While Operating Privilege is Suspended or Revoked.&lt;br/&gt;Accidents Involving Damage to Attended Veh. or Property&lt;br/&gt;DUI - General Impairment&lt;br/&gt;DUI - Highest Rate of Alcohol - BAC >= .16%&lt;br/&gt;"/>
    <marker lat="40.4414148" lng="-79.9233411" zone="Zone 4    " incidentdate="2014-06-25" incidentnumber="14121545" address="5800 Northumberland Street, Pittsburgh, PA 15217, USA" type="OFFENSE" description="*********************************************** &lt;br/&gt;9999 - (Misc. Incident):&lt;br/&gt;"/>
    <marker lat="40.41865809999999" lng="-80.0040794" zone="Zone 3    " incidentdate="2014-06-25" incidentnumber="14121291" address="Freeland Street &amp; Delmont Avenue, Pittsburgh, PA 15210, USA" type="ARREST" description="*********************************************** &lt;br/&gt;Marijuana: Possession Small Amount&lt;br/&gt;Marijuana: Possession Small Amount&lt;br/&gt;"/>
    <marker lat="40.4845242" lng="-80.0356829" zone="Zone 1    " incidentdate="2014-06-25" incidentnumber="14121416" address="3800 Brighton Road, Pittsburgh, PA 15212, USA" type="OFFENSE" description="*********************************************** &lt;br/&gt;Missing Juvenile&lt;br/&gt;"/>
    <marker lat="40.440132" lng="-79.97030099999999" zone="Zone 2    " incidentdate="2014-06-25" incidentnumber="14121313" address="2200 Bentley Drive, Pittsburgh, PA 15213, USA" type="ARREST" description="*********************************************** &lt;br/&gt;Marijuana: Possession Small Amount&lt;br/&gt;Additional Parking Regulations.&lt;br/&gt;Marijuana: Possession Small Amount&lt;br/&gt;Additional Parking Regulations.&lt;br/&gt;"/>
    <marker lat="40.440132" lng="-79.97030099999999" zone="Zone 2    " incidentdate="2014-06-25" incidentnumber="14121313" address="2200 Bentley Drive, Pittsburgh, PA 15213, USA" type="OFFENSE" description="*********************************************** &lt;br/&gt;Marijuana: Possession Small Amount&lt;br/&gt;Additional Parking Regulations.&lt;br/&gt;Marijuana: Possession Small Amount&lt;br/&gt;Additional Parking Regulations.&lt;br/&gt;"/>
    <marker lat="40.41865809999999" lng="-80.0040794" zone="Zone 3    " incidentdate="2014-06-25" incidentnumber="14121291" address="Freeland Street &amp; Delmont Avenue, Pittsburgh, PA 15210, USA" type="OFFENSE" description="*********************************************** &lt;br/&gt;Marijuana: Possession Small Amount&lt;br/&gt;Marijuana: Possession Small Amount&lt;br/&gt;"/>
    <marker lat="40.4361533" lng="-79.9694603" zone="Zone 4    " incidentdate="2014-06-25" incidentnumber="14121383" address="Boulevard of the Allies, Pittsburgh, PA, USA" type="OFFENSE" description="*********************************************** &lt;br/&gt;Theft by Unlawful Taking or Disposition - Movable item&lt;br/&gt;"/>
    <marker lat="40.4404574" lng="-79.9653502" zone="Zone 4    " incidentdate="2014-06-25" incidentnumber="14121327" address="200 Robinson Street, Pittsburgh, PA 15213, USA" type="OFFENSE" description="*********************************************** &lt;br/&gt;Harassment.&lt;br/&gt;"/>
    <marker lat="40.4651033" lng="-79.9249691" zone="Zone 5    " incidentdate="2014-06-25" incidentnumber="14121344" address="400 North Beatty Street, Pittsburgh, PA 15206, USA" type="OFFENSE" description="*********************************************** &lt;br/&gt;Found Property&lt;br/&gt;"/>
    <marker lat="40.452265" lng="-79.998701" zone="Zone 1    " incidentdate="2014-06-25" incidentnumber="14121386" address="600 Pressley Street, Pittsburgh, PA 15212, USA" type="OFFENSE" description="*********************************************** &lt;br/&gt;Criminal Mischief.&lt;br/&gt;"/>
    <marker lat="40.4379894" lng="-79.974256" zone="Zone 2    " incidentdate="2014-06-25" incidentnumber="14121389" address="Fifth Avenue &amp; Moultrie Street, Pittsburgh, PA 15219, USA" type="OFFENSE" description="*********************************************** &lt;br/&gt;Criminal Mischief.&lt;br/&gt;Theft from Vehicle&lt;br/&gt;"/>
    <marker lat="40.4649534" lng="-79.9220467" zone="Zone 2    " incidentdate="2014-06-25" incidentnumber="14077707" address="2, Pittsburgh, PA 15206, USA" type="ARREST" description="*********************************************** &lt;br/&gt;Simple Assault - Intent., Know., Reckless.Cause Bod. Injury&lt;br/&gt;"/>
    <marker lat="40.4249407" lng="-79.97660510000001" zone="Zone 3    " incidentdate="2014-06-25" incidentnumber="14121353" address="Josephine Street &amp; South 21st Street, Pittsburgh, PA 15203, USA" type="OFFENSE" description="*********************************************** &lt;br/&gt;CRIMINAL MISCHIEF - Intentionally Damages Real Or Personal Property Of Another&lt;br/&gt;"/>
    <marker lat="40.4828638" lng="-79.9510437" zone="Zone 2    " incidentdate="2014-06-25" incidentnumber="14121347" address="5400 Butler Street, Pittsburgh, PA 15206, USA" type="OFFENSE" description="*********************************************** &lt;br/&gt;Harassment.&lt;br/&gt;"/>
    <marker lat="40.440306" lng="-80.00455330000001" zone="Zone 2    " incidentdate="2014-06-25" incidentnumber="14121351" address="Stanwix Street, Pittsburgh, PA 15222, USA" type="OFFENSE" description="*********************************************** &lt;br/&gt;Burglary.&lt;br/&gt;"/>
    <marker lat="40.45744699999999" lng="-79.893795" zone="Zone 5    " incidentdate="2014-06-25" incidentnumber="14121358" address="7300 Idlewild Street, Pittsburgh, PA 15208, USA" type="OFFENSE" description="*********************************************** &lt;br/&gt;9999 - (Misc. Incident):&lt;br/&gt;"/>
    <marker lat="40.45569800000001" lng="-79.9105917" zone="Zone 5    " incidentdate="2014-06-25" incidentnumber="14121374" address="Fifth Avenue &amp; McPherson Boulevard, Pittsburgh, PA 15208, USA" type="OFFENSE" description="*********************************************** &lt;br/&gt;Accidents Involving Damage to Attended Veh. or Property&lt;br/&gt;"/>
    <marker lat="40.4655969" lng="-79.9293923" zone="Zone 5    " incidentdate="2014-06-25" incidentnumber="14121517" address="5600 Rural Street, Pittsburgh, PA 15206, USA" type="OFFENSE" description="*********************************************** &lt;br/&gt;Theft by Unlawful Taking or Disposition.&lt;br/&gt;"/>
    <marker lat="40.4655969" lng="-79.9293923" zone="Zone 5    " incidentdate="2014-06-25" incidentnumber="14121440" address="5600 Rural Street, Pittsburgh, PA 15206, USA" type="OFFENSE" description="*********************************************** &lt;br/&gt;Theft by Unlawful Taking or Disposition.&lt;br/&gt;"/>
    <marker lat="40.4787261" lng="-79.9116052" zone="Zone 5    " incidentdate="2014-06-25" incidentnumber="14121362" address="Lake Drive &amp; Connecting Road, Pittsburgh, PA 15206, USA" type="OFFENSE" description="*********************************************** &lt;br/&gt;9999 - (Misc. Incident):&lt;br/&gt;"/>
    <marker lat="40.4519949" lng="-80.0087241" zone="Zone 1    " incidentdate="2014-06-25" incidentnumber="14121380" address="200 Ridge Avenue, Pittsburgh, PA 15212, USA" type="OFFENSE" description="*********************************************** &lt;br/&gt;Aided Case&lt;br/&gt;"/>
    <marker lat="40.4509827" lng="-80.02170389999999" zone="Zone 1    " incidentdate="2014-06-25" incidentnumber="14121544" address="1200 Western Avenue, Pittsburgh, PA 15233, USA" type="OFFENSE" description="*********************************************** &lt;br/&gt;Drug Investigation&lt;br/&gt;"/>
    <marker lat="40.3687335" lng="-79.91749220000001" zone="Zone 4    " incidentdate="2014-06-25" incidentnumber="14121478" address="5500 Cox Avenue, Pittsburgh, PA 15207, USA" type="OFFENSE" description="*********************************************** &lt;br/&gt;Theft by Unlawful Taking or Disposition.&lt;br/&gt;"/>
    <marker lat="40.42669799999999" lng="-79.99981799999999" zone="Zone 3    " incidentdate="2014-06-25" incidentnumber="14121397" address="400 Bailey Avenue, Pittsburgh, PA 15211, USA" type="OFFENSE" description="*********************************************** &lt;br/&gt;9999 - (Misc. Incident):&lt;br/&gt;"/>
    <marker lat="40.4635586" lng="-79.957506" zone="Zone 5    " incidentdate="2014-06-25" incidentnumber="14121345" address="4000 Howley Street, Pittsburgh, PA 15224, USA" type="ARREST" description="*********************************************** &lt;br/&gt;Simple Assault.&lt;br/&gt;Harassment by Physical Contact, or Attempts or Threats&lt;br/&gt;DISORDERLY CONDUCT - ENGAGE IN FIGHTING&lt;br/&gt;Simple Assault.&lt;br/&gt;Harassment by Physical Contact, or Attempts or Threats&lt;br/&gt;DISORDERLY CONDUCT - ENGAGE IN FIGHTING&lt;br/&gt;"/>
    <marker lat="40.4635586" lng="-79.957506" zone="Zone 5    " incidentdate="2014-06-25" incidentnumber="14121345" address="4000 Howley Street, Pittsburgh, PA 15224, USA" type="OFFENSE" description="*********************************************** &lt;br/&gt;Simple Assault.&lt;br/&gt;Harassment by Physical Contact, or Attempts or Threats&lt;br/&gt;DISORDERLY CONDUCT - ENGAGE IN FIGHTING&lt;br/&gt;Simple Assault.&lt;br/&gt;Harassment by Physical Contact, or Attempts or Threats&lt;br/&gt;DISORDERLY CONDUCT - ENGAGE IN FIGHTING&lt;br/&gt;"/>
    <marker lat="40.4294191" lng="-79.9866917" zone="Zone 3    " incidentdate="2014-06-25" incidentnumber="14121487" address="Bingham Street &amp; Bedford Square, Pittsburgh, PA 15203, USA" type="OFFENSE" description="*********************************************** &lt;br/&gt;Theft from Vehicle&lt;br/&gt;"/>
    <marker lat="40.4745147" lng="-80.02498609999999" zone="Zone 1    " incidentdate="2014-06-25" incidentnumber="14121471" address="1000 Smithton Avenue, Pittsburgh, PA 15212, USA" type="OFFENSE" description="*********************************************** &lt;br/&gt;Burglary.&lt;br/&gt;"/>
    <marker lat="40.4666514" lng="-80.0312983" zone="Zone 1    " incidentdate="2014-06-25" incidentnumber="14121442" address="1400 Hodgkiss Street, Pittsburgh, PA 15212, USA" type="OFFENSE" description="*********************************************** &lt;br/&gt;Theft from Vehicle&lt;br/&gt;"/>
    <marker lat="40.3885641" lng="-80.02078089999999" zone="Zone 6    " incidentdate="2014-06-25" incidentnumber="14121476" address="Norwich Avenue, Pittsburgh, PA 15226, USA" type="OFFENSE" description="*********************************************** &lt;br/&gt;Burglary.&lt;br/&gt;"/>
    <marker lat="40.4287468" lng="-79.98641099999999" zone="Zone 3    " incidentdate="2014-06-25" incidentnumber="14121436" address="East Carson Street &amp; South 12th Street, Pittsburgh, PA 15203, USA" type="OFFENSE" description="*********************************************** &lt;br/&gt;9999 - (Misc. Incident):&lt;br/&gt;"/>
    <marker lat="40.437492" lng="-80.02313590000001" zone="Zone 3    " incidentdate="2014-06-25" incidentnumber="14121443" address="300 Augusta Street, Pittsburgh, PA 15211, USA" type="OFFENSE" description="*********************************************** &lt;br/&gt;Theft by Unlawful Taking or Disposition.&lt;br/&gt;"/>
    <marker lat="40.4370763" lng="-79.9329276" zone="Zone 4    " incidentdate="2014-06-25" incidentnumber="14089607" address="Darlington Court, Pittsburgh, PA 15217, USA" type="OFFENSE" description="*********************************************** &lt;br/&gt;Summary Warrants&lt;br/&gt;"/>
    <marker lat="40.4434117" lng="-79.9151632" zone="Zone 4    " incidentdate="2014-06-25" incidentnumber="14089609" address="6600 Ridgeville Street, Pittsburgh, PA 15217, USA" type="OFFENSE" description="*********************************************** &lt;br/&gt;Summary Warrants&lt;br/&gt;"/>
    <marker lat="40.438195" lng="-79.99987089999999" zone="Zone 2    " incidentdate="2014-06-25" incidentnumber="14121455" address="Smithfield Street &amp; Third Avenue, Pittsburgh, PA 15219, USA" type="OFFENSE" description="*********************************************** &lt;br/&gt;Aggravated Assault.&lt;br/&gt;Resisting Arrest or Other Law Enforcement.&lt;br/&gt;Disorderly Conduct.&lt;br/&gt;DISORDERLY CONDUCT - OBSCENE LANG/GEST&lt;br/&gt;Public Drunkenness&lt;br/&gt;Aggravated Assault.&lt;br/&gt;Resisting Arrest or Other Law Enforcement.&lt;br/&gt;Disorderly Conduct.&lt;br/&gt;DISORDERLY CONDUCT - OBSCENE LANG/GEST&lt;br/&gt;Public Drunkenness&lt;br/&gt;"/>
    <marker lat="40.438195" lng="-79.99987089999999" zone="Zone 2    " incidentdate="2014-06-25" incidentnumber="14121455" address="Smithfield Street &amp; Third Avenue, Pittsburgh, PA 15219, USA" type="ARREST" description="*********************************************** &lt;br/&gt;Aggravated Assault.&lt;br/&gt;Resisting Arrest or Other Law Enforcement.&lt;br/&gt;Disorderly Conduct.&lt;br/&gt;DISORDERLY CONDUCT - OBSCENE LANG/GEST&lt;br/&gt;Public Drunkenness&lt;br/&gt;Aggravated Assault.&lt;br/&gt;Resisting Arrest or Other Law Enforcement.&lt;br/&gt;Disorderly Conduct.&lt;br/&gt;DISORDERLY CONDUCT - OBSCENE LANG/GEST&lt;br/&gt;Public Drunkenness&lt;br/&gt;"/>
    <marker lat="40.4555021" lng="-79.89468169999999" zone="Zone 5    " incidentdate="2014-06-25" incidentnumber="14121463" address="Sterrett Street &amp; Fleury Way, Pittsburgh, PA 15208, USA" type="OFFENSE" description="*********************************************** &lt;br/&gt;Aggravated Assault.&lt;br/&gt;"/>
    <marker lat="40.435467" lng="-79.996404" zone="Zone 2    " incidentdate="2014-06-25" incidentnumber="14112676" address="600 1st Avenue, Pittsburgh, PA 15219, USA" type="ARREST" description="*********************************************** &lt;br/&gt;Unauthorized Use of Automobile and Other Vehicles.&lt;br/&gt;"/>
    <marker lat="40.3917987" lng="-80.0167199" zone="Zone 6    " incidentdate="2014-06-25" incidentnumber="14121467" address="1000 Brookline Boulevard, Pittsburgh, PA 15226, USA" type="OFFENSE" description="*********************************************** &lt;br/&gt;Dog Bite&lt;br/&gt;"/>
    <marker lat="40.462061" lng="-79.992216" zone="Zone 1    " incidentdate="2014-06-25" incidentnumber="14121523" address="1200 Itin Street, Pittsburgh, PA 15212, USA" type="OFFENSE" description="*********************************************** &lt;br/&gt;Aided Case&lt;br/&gt;"/>
    <marker lat="40.451473" lng="-79.8905192" zone="Zone 5    " incidentdate="2014-06-25" incidentnumber="14121491" address="Tioga Street, Pittsburgh, PA 15208, USA" type="ARREST" description="*********************************************** &lt;br/&gt;Possession of Controlled Substance&lt;br/&gt;Marijuana: Possession Small Amount&lt;br/&gt;Possession of Controlled Substance&lt;br/&gt;Marijuana: Possession Small Amount&lt;br/&gt;"/>
    <marker lat="40.451473" lng="-79.8905192" zone="Zone 5    " incidentdate="2014-06-25" incidentnumber="14121491" address="Tioga Street, Pittsburgh, PA 15208, USA" type="OFFENSE" description="*********************************************** &lt;br/&gt;Possession of Controlled Substance&lt;br/&gt;Marijuana: Possession Small Amount&lt;br/&gt;Possession of Controlled Substance&lt;br/&gt;Marijuana: Possession Small Amount&lt;br/&gt;"/>
    <marker lat="40.461517" lng="-79.9160974" zone="Zone 5    " incidentdate="2014-06-25" incidentnumber="14121507" address="East Liberty Boulevard, Pittsburgh, PA 15206, USA" type="OFFENSE" description="*********************************************** &lt;br/&gt;Bench Warrant&lt;br/&gt;"/>
    <marker lat="40.4878272" lng="-79.920057" zone="Zone 5    " incidentdate="2014-06-25" incidentnumber="13175676" address="Butler Street &amp; Baker Street, Pittsburgh, PA 15206, USA" type="ARREST" description="*********************************************** &lt;br/&gt;Failure To Appear/Arrest on Attachment Order&lt;br/&gt;Bench Warrant&lt;br/&gt;"/>
    <marker lat="40.4573734" lng="-79.9977296" zone="Zone 1    " incidentdate="2014-06-25" incidentnumber="14121509" address="800 Spring Garden Avenue, Pittsburgh, PA 15212, USA" type="OFFENSE" description="*********************************************** &lt;br/&gt;Indirect Criminal Contempt&lt;br/&gt;"/>
    <marker lat="40.443561" lng="-79.98004" zone="Zone 2    " incidentdate="2014-06-25" incidentnumber="14121529" address="2000 Centre Avenue, Pittsburgh, PA 15219, USA" type="OFFENSE" description="*********************************************** &lt;br/&gt;Criminal Solicitation.&lt;br/&gt;"/>
    <marker lat="40.4611572" lng="-79.92474109999999" zone="Zone 5    " incidentdate="2014-06-25" incidentnumber="14121543" address="6000 Penn Avenue, Pittsburgh, PA 15201, USA" type="ARREST" description="*********************************************** &lt;br/&gt;Marijuana: Possession Small Amount&lt;br/&gt;Public Drunkenness&lt;br/&gt;Marijuana: Possession Small Amount&lt;br/&gt;Public Drunkenness&lt;br/&gt;"/>
    <marker lat="40.445154" lng="-80.039312" zone="Zone 6    " incidentdate="2014-06-25" incidentnumber="14121526" address="700 Lorenz Avenue, Pittsburgh, PA 15220, USA" type="OFFENSE" description="*********************************************** &lt;br/&gt;Harassment (Non-Specific)&lt;br/&gt;"/>
    <marker lat="40.4611572" lng="-79.92474109999999" zone="Zone 5    " incidentdate="2014-06-25" incidentnumber="14121543" address="6000 Penn Avenue, Pittsburgh, PA 15201, USA" type="OFFENSE" description="*********************************************** &lt;br/&gt;Marijuana: Possession Small Amount&lt;br/&gt;Public Drunkenness&lt;br/&gt;Marijuana: Possession Small Amount&lt;br/&gt;Public Drunkenness&lt;br/&gt;"/>
    <marker lat="40.445154" lng="-80.039312" zone="Zone 6    " incidentdate="2014-06-25" incidentnumber="14121505" address="700 Lorenz Avenue, Pittsburgh, PA 15220, USA" type="OFFENSE" description="*********************************************** &lt;br/&gt;Missing Juvenile&lt;br/&gt;"/>
    <marker lat="40.435467" lng="-79.996404" zone="Zone 2    " incidentdate="2014-06-25" incidentnumber="14066946" address="600 1st Avenue, Pittsburgh, PA 15219, USA" type="ARREST" description="*********************************************** &lt;br/&gt;Receiving Stolen Property.&lt;br/&gt;"/>
    <marker lat="40.4304878" lng="-79.99891319999999" zone="Zone 2    " incidentdate="2014-06-25" incidentnumber="13235451" address="South 2nd Street, Pittsburgh, PA 15219, USA" type="ARREST" description="*********************************************** &lt;br/&gt;Failure To Appear/Arrest on Attachment Order&lt;br/&gt;"/>
</markers>

